{
  "image_size_scalability": {
    "sizes": [
      "64x64",
      "128x128",
      "256x256",
      "512x512",
      "1024x1024",
      "2048x2048",
      "4096x4096"
    ],
    "embed_times": [
      0.0019321441650390625,
      0.0018253326416015625,
      0.001959562301635742,
      0.0026297569274902344,
      0.00413060188293457,
      0.012035608291625977,
      0.05037951469421387
    ],
    "extract_times": [
      0.0016224384307861328,
      0.0016908645629882812,
      0.0017485618591308594,
      0.0018723011016845703,
      0.0019245147705078125,
      0.0019061565399169922,
      0.0019838809967041016
    ],
    "memory_usage": [],
    "capacity": [
      1536,
      6144,
      24576,
      98304,
      393216,
      1572864,
      6291456
    ],
    "throughput": [
      51238.41263573544,
      55880.225705329154,
      52562.75848643387,
      39167.118041704445,
      25662.11971139971,
      8807.199223470216,
      2123.879133204295
    ],
    "file_sizes": [
      8128,
      33208,
      148246,
      590567,
      2356475,
      9554782,
      38187988
    ]
  },
  "message_length_performance": {
    "message_lengths": [
      32,
      64,
      128,
      256,
      512,
      1024,
      2048,
      4096
    ],
    "embed_times": [
      0.0010727882385253907,
      0.0017632007598876952,
      0.003107452392578125,
      0.006308555603027344,
      0.012140464782714844,
      0.024827957153320312,
      0.052834606170654295,
      0.10613794326782226
    ],
    "extract_times": [
      0.0006749629974365234,
      0.0013663291931152344,
      0.0026659011840820313,
      0.0056664466857910155,
      0.011434984207153321,
      0.0241910457611084,
      0.051112699508666995,
      0.10314388275146484
    ],
    "success_rates": [
      1.0,
      1.0,
      1.0,
      1.0,
      1.0,
      1.0,
      1.0,
      1.0
    ],
    "throughput": [
      29828.81322784247,
      36297.62501014144,
      41191.29879695556,
      40579.8119425548,
      42173.014720899904,
      41243.82822462933,
      38762.47309168951,
      38591.28859944453
    ],
    "overhead_ratios": [
      0.0003255208333333333,
      0.0006510416666666666,
      0.0013020833333333333,
      0.0026041666666666665,
      0.005208333333333333,
      0.010416666666666666,
      0.020833333333333332,
      0.041666666666666664
    ]
  },
  "security_parameter_analysis": {
    "security_levels": [
      "Level_1",
      "Level_2",
      "Level_3",
      "Level_4",
      "Level_5"
    ],
    "chaos_iterations": [
      1,
      3,
      5,
      10,
      20
    ],
    "key_lengths": [
      8,
      16,
      32,
      64,
      128
    ],
    "embed_times": [
      0.0022301673889160156,
      0.002208709716796875,
      0.001969575881958008,
      0.0020215511322021484,
      0.0025262832641601562
    ],
    "extract_times": [
      0.001825571060180664,
      0.0018265247344970703,
      0.0016906261444091797,
      0.0016622543334960938,
      0.0019693374633789062
    ],
    "security_scores": [
      26,
      62,
      114,
      228,
      456
    ],
    "randomness_quality": [
      3.169925001442312,
      8.174925682500678,
      13.039569637399921,
      20.833969631454185,
      30.79553562905687
    ]
  },
  "memory_usage_analysis": {
    "image_sizes": [
      "64x64",
      "128x128",
      "256x256",
      "512x512",
      "1024x1024",
      "2048x2048",
      "4096x4096"
    ],
    "memory_before": [
      151.1328125,
      151.1328125,
      151.1328125,
      151.1328125,
      151.1328125,
      161.9140625,
      224.16015625
    ],
    "memory_during": [
      151.1328125,
      151.1328125,
      151.1328125,
      151.1328125,
      154.8828125,
      196.22265625,
      324.265625
    ],
    "memory_after": [
      151.1328125,
      151.1328125,
      151.1328125,
      151.1328125,
      161.9140625,
      224.16015625,
      276.359375
    ],
    "memory_peak": [
      151.1328125,
      151.1328125,
      151.1328125,
      151.1328125,
      161.9140625,
      224.16015625,
      372.23828125
    ],
    "memory_efficiency": [
      0.0,
      0.0,
      0.0,
      0.0,
      10.281801223754883,
      14.84062522649765,
      8.82614403963089
    ]
  },
  "comparative_analysis": {
    "methods": [
      "ZK-SNARK Chaos LSB",
      "Traditional LSB",
      "DCT-based",
      "Wavelet-based"
    ],
    "embed_times": [
      0.004025459289550781,
      0.0015,
      0.0075,
      0.009000000000000001
    ],
    "extract_times": [
      0.0028073787689208984,
      0.0012000000000000001,
      0.006,
      0.0075
    ],
    "security_levels": [
      9.5,
      6.0,
      7.5,
      8.0
    ],
    "detection_resistance": [
      9.0,
      4.0,
      6.5,
      7.0
    ],
    "proof_capability": [
      10.0,
      0.0,
      0.0,
      0.0
    ]
  }
}