config,target_db,policy,gain,luma_share,cap_bits_per_idr,frame_candidates,saturated,repetition,frame,psnr_y
ultrafast,40.0,expected,6.641805732146641,0.5274263818172275,3110,555,1,0,0,42.59245298492837
ultrafast,40.0,expected,6.641805732146641,0.5274263818172275,3110,588,1,0,1,50.33707036364749
ultrafast,40.0,expected,6.641805732146641,0.5274263818172275,3110,650,1,0,2,40.78245566434682
ultrafast,40.0,expected,6.641805732146641,0.5274263818172275,3110,681,1,0,3,41.758837398463065
ultrafast,40.0,expected,6.641805732146641,0.5274263818172275,3110,628,1,0,4,46.20504130650549
ultrafast,40.0,expected,6.641805732146641,0.5274263818172275,3110,592,1,0,5,50.127676849094826
ultrafast,40.0,expected,6.641805732146641,0.5274263818172275,3110,539,1,0,6,42.56701230914756
ultrafast,40.0,expected,6.641805732146641,0.5274263818172275,3110,593,1,0,7,48.8802575182941
ultrafast,40.0,expected,6.641805732146641,0.5274263818172275,3110,609,1,0,8,47.529804563979226
ultrafast,40.0,expected,6.641805732146641,0.5274263818172275,3110,576,1,0,9,43.48541807508279
ultrafast,40.0,expected,6.641805732146641,0.5274263818172275,3110,559,1,0,10,51.869329478761315
ultrafast,40.0,expected,6.641805732146641,0.5274263818172275,3110,669,1,0,11,47.385874608470964
ultrafast,40.0,expected,6.641805732146641,0.5274263818172275,3110,659,1,0,12,45.92191429633502
ultrafast,40.0,expected,6.641805732146641,0.5274263818172275,3110,669,1,0,13,49.865896342226876
ultrafast,40.0,expected,6.641805732146641,0.5274263818172275,3110,618,1,0,14,49.93161153587324
ultrafast,40.0,expected,6.641805732146641,0.5274263818172275,3110,577,1,0,15,50.58472408078062
ultrafast,40.0,expected,6.641805732146641,0.5274263818172275,3110,591,1,0,16,50.08655279219721
ultrafast,40.0,expected,6.641805732146641,0.5274263818172275,3110,575,1,0,17,46.816550699573305
ultrafast,40.0,expected,6.641805732146641,0.5274263818172275,3110,601,1,0,18,48.26652012059527
ultrafast,40.0,expected,6.641805732146641,0.5274263818172275,3110,600,1,0,19,47.59603574666616
ultrafast,40.0,expected,6.641805732146641,0.5274263818172275,3110,707,1,0,20,44.58658809987483
ultrafast,40.0,expected,6.641805732146641,0.5274263818172275,3110,686,1,0,21,47.95882448408012
ultrafast,40.0,expected,6.641805732146641,0.5274263818172275,3110,689,1,0,22,47.75562847354075
ultrafast,40.0,expected,6.641805732146641,0.5274263818172275,3110,674,1,0,23,46.666445984520635
ultrafast,40.0,expected,6.641805732146641,0.5274263818172275,3110,674,1,0,24,45.22451230263697
ultrafast,40.0,expected,6.641805732146641,0.5274263818172275,3110,653,1,0,25,46.86906378465948
ultrafast,40.0,expected,6.641805732146641,0.5274263818172275,3110,690,1,0,26,45.25546883147246
ultrafast,40.0,expected,6.641805732146641,0.5274263818172275,3110,695,1,0,27,40.732211380117334
ultrafast,40.0,expected,6.641805732146641,0.5274263818172275,3110,731,1,0,28,46.03957217907087
ultrafast,40.0,expected,6.641805732146641,0.5274263818172275,3110,555,1,1,0,44.07707330555241
ultrafast,40.0,expected,6.641805732146641,0.5274263818172275,3110,588,1,1,1,49.204493816061415
ultrafast,40.0,expected,6.641805732146641,0.5274263818172275,3110,650,1,1,2,44.1550893229994
ultrafast,40.0,expected,6.641805732146641,0.5274263818172275,3110,681,1,1,3,44.24124505517482
ultrafast,40.0,expected,6.641805732146641,0.5274263818172275,3110,628,1,1,4,49.161807481005425
ultrafast,40.0,expected,6.641805732146641,0.5274263818172275,3110,592,1,1,5,47.18634626766
ultrafast,40.0,expected,6.641805732146641,0.5274263818172275,3110,539,1,1,6,46.973211001531354
ultrafast,40.0,expected,6.641805732146641,0.5274263818172275,3110,593,1,1,7,49.007072738235735
ultrafast,40.0,expected,6.641805732146641,0.5274263818172275,3110,609,1,1,8,49.23228444332135
ultrafast,40.0,expected,6.641805732146641,0.5274263818172275,3110,576,1,1,9,50.275915554597276
ultrafast,40.0,expected,6.641805732146641,0.5274263818172275,3110,559,1,1,10,50.343625645746386
ultrafast,40.0,expected,6.641805732146641,0.5274263818172275,3110,669,1,1,11,45.26177079089116
ultrafast,40.0,expected,6.641805732146641,0.5274263818172275,3110,659,1,1,12,48.06241538775104
ultrafast,40.0,expected,6.641805732146641,0.5274263818172275,3110,669,1,1,13,48.80385726237704
ultrafast,40.0,expected,6.641805732146641,0.5274263818172275,3110,618,1,1,14,50.0244944152226
ultrafast,40.0,expected,6.641805732146641,0.5274263818172275,3110,577,1,1,15,50.04128934676076
ultrafast,40.0,expected,6.641805732146641,0.5274263818172275,3110,591,1,1,16,48.45379738687865
ultrafast,40.0,expected,6.641805732146641,0.5274263818172275,3110,575,1,1,17,45.78885785192951
ultrafast,40.0,expected,6.641805732146641,0.5274263818172275,3110,601,1,1,18,49.377735510750675
ultrafast,40.0,expected,6.641805732146641,0.5274263818172275,3110,600,1,1,19,44.97332177809284
ultrafast,40.0,expected,6.641805732146641,0.5274263818172275,3110,707,1,1,20,44.82621828062052
ultrafast,40.0,expected,6.641805732146641,0.5274263818172275,3110,686,1,1,21,47.493992080838304
ultrafast,40.0,expected,6.641805732146641,0.5274263818172275,3110,689,1,1,22,48.24478407806774
ultrafast,40.0,expected,6.641805732146641,0.5274263818172275,3110,674,1,1,23,44.64799473496251
ultrafast,40.0,expected,6.641805732146641,0.5274263818172275,3110,674,1,1,24,45.547007233790985
ultrafast,40.0,expected,6.641805732146641,0.5274263818172275,3110,653,1,1,25,45.2914796921256
ultrafast,40.0,expected,6.641805732146641,0.5274263818172275,3110,690,1,1,26,46.134457797272894
ultrafast,40.0,expected,6.641805732146641,0.5274263818172275,3110,695,1,1,27,42.87371849878391
ultrafast,40.0,expected,6.641805732146641,0.5274263818172275,3110,731,1,1,28,44.96296032828931
ultrafast,40.0,expected,6.641805732146641,0.5274263818172275,3110,555,1,2,0,42.49029807161065
ultrafast,40.0,expected,6.641805732146641,0.5274263818172275,3110,588,1,2,1,50.95042935096869
ultrafast,40.0,expected,6.641805732146641,0.5274263818172275,3110,650,1,2,2,46.13686617720067
ultrafast,40.0,expected,6.641805732146641,0.5274263818172275,3110,681,1,2,3,42.943675851978924
ultrafast,40.0,expected,6.641805732146641,0.5274263818172275,3110,628,1,2,4,46.323303423587916
ultrafast,40.0,expected,6.641805732146641,0.5274263818172275,3110,592,1,2,5,46.109021503262646
ultrafast,40.0,expected,6.641805732146641,0.5274263818172275,3110,539,1,2,6,39.49333298857407
ultrafast,40.0,expected,6.641805732146641,0.5274263818172275,3110,593,1,2,7,48.104962458706346
ultrafast,40.0,expected,6.641805732146641,0.5274263818172275,3110,609,1,2,8,46.85952672495393
ultrafast,40.0,expected,6.641805732146641,0.5274263818172275,3110,576,1,2,9,48.28028807490692
ultrafast,40.0,expected,6.641805732146641,0.5274263818172275,3110,559,1,2,10,49.092509432262055
ultrafast,40.0,expected,6.641805732146641,0.5274263818172275,3110,669,1,2,11,46.14702854019703
ultrafast,40.0,expected,6.641805732146641,0.5274263818172275,3110,659,1,2,12,46.04147831477748
ultrafast,40.0,expected,6.641805732146641,0.5274263818172275,3110,669,1,2,13,46.683327397474415
ultrafast,40.0,expected,6.641805732146641,0.5274263818172275,3110,618,1,2,14,49.68792138845409
ultrafast,40.0,expected,6.641805732146641,0.5274263818172275,3110,577,1,2,15,49.954956387664794
ultrafast,40.0,expected,6.641805732146641,0.5274263818172275,3110,591,1,2,16,48.86856420487942
ultrafast,40.0,expected,6.641805732146641,0.5274263818172275,3110,575,1,2,17,43.123400424173056
ultrafast,40.0,expected,6.641805732146641,0.5274263818172275,3110,601,1,2,18,46.76297633298347
ultrafast,40.0,expected,6.641805732146641,0.5274263818172275,3110,600,1,2,19,45.32249263318527
ultrafast,40.0,expected,6.641805732146641,0.5274263818172275,3110,707,1,2,20,48.22508217941728
ultrafast,40.0,expected,6.641805732146641,0.5274263818172275,3110,686,1,2,21,46.77942185837797
ultrafast,40.0,expected,6.641805732146641,0.5274263818172275,3110,689,1,2,22,44.039185748303254
ultrafast,40.0,expected,6.641805732146641,0.5274263818172275,3110,674,1,2,23,43.054543425228935
ultrafast,40.0,expected,6.641805732146641,0.5274263818172275,3110,674,1,2,24,46.13094233738933
ultrafast,40.0,expected,6.641805732146641,0.5274263818172275,3110,653,1,2,25,44.07786510205098
ultrafast,40.0,expected,6.641805732146641,0.5274263818172275,3110,690,1,2,26,42.13126770026135
ultrafast,40.0,expected,6.641805732146641,0.5274263818172275,3110,695,1,2,27,47.42608113740534
ultrafast,40.0,expected,6.641805732146641,0.5274263818172275,3110,731,1,2,28,43.289417983014225
ultrafast,40.0,expected,6.641805732146641,0.5274263818172275,3110,555,1,3,0,42.154565374828
ultrafast,40.0,expected,6.641805732146641,0.5274263818172275,3110,588,1,3,1,48.884535980920504
ultrafast,40.0,expected,6.641805732146641,0.5274263818172275,3110,650,1,3,2,45.95961098926167
ultrafast,40.0,expected,6.641805732146641,0.5274263818172275,3110,681,1,3,3,48.75501211024254
ultrafast,40.0,expected,6.641805732146641,0.5274263818172275,3110,628,1,3,4,45.62074183674159
ultrafast,40.0,expected,6.641805732146641,0.5274263818172275,3110,592,1,3,5,50.18937977064606
ultrafast,40.0,expected,6.641805732146641,0.5274263818172275,3110,539,1,3,6,46.80798101956717
ultrafast,40.0,expected,6.641805732146641,0.5274263818172275,3110,593,1,3,7,46.05697018467317
ultrafast,40.0,expected,6.641805732146641,0.5274263818172275,3110,609,1,3,8,49.57146697822681
ultrafast,40.0,expected,6.641805732146641,0.5274263818172275,3110,576,1,3,9,49.838451373988626
ultrafast,40.0,expected,6.641805732146641,0.5274263818172275,3110,559,1,3,10,49.03040867921569
ultrafast,40.0,expected,6.641805732146641,0.5274263818172275,3110,669,1,3,11,44.98370800749874
ultrafast,40.0,expected,6.641805732146641,0.5274263818172275,3110,659,1,3,12,49.996690280248195
ultrafast,40.0,expected,6.641805732146641,0.5274263818172275,3110,669,1,3,13,46.99106692101864
ultrafast,40.0,expected,6.641805732146641,0.5274263818172275,3110,618,1,3,14,48.171606981990934
ultrafast,40.0,expected,6.641805732146641,0.5274263818172275,3110,577,1,3,15,49.070167733000794
ultrafast,40.0,expected,6.641805732146641,0.5274263818172275,3110,591,1,3,16,45.78266634087186
ultrafast,40.0,expected,6.641805732146641,0.5274263818172275,3110,575,1,3,17,48.59254074527337
ultrafast,40.0,expected,6.641805732146641,0.5274263818172275,3110,601,1,3,18,50.38799042895046
ultrafast,40.0,expected,6.641805732146641,0.5274263818172275,3110,600,1,3,19,48.27377495243585
ultrafast,40.0,expected,6.641805732146641,0.5274263818172275,3110,707,1,3,20,46.48962190675129
ultrafast,40.0,expected,6.641805732146641,0.5274263818172275,3110,686,1,3,21,46.95941725867792
ultrafast,40.0,expected,6.641805732146641,0.5274263818172275,3110,689,1,3,22,42.691212661065734
ultrafast,40.0,expected,6.641805732146641,0.5274263818172275,3110,674,1,3,23,45.93522728032144
ultrafast,40.0,expected,6.641805732146641,0.5274263818172275,3110,674,1,3,24,46.382733418450776
ultrafast,40.0,expected,6.641805732146641,0.5274263818172275,3110,653,1,3,25,45.649341232461
ultrafast,40.0,expected,6.641805732146641,0.5274263818172275,3110,690,1,3,26,42.83659354424813
ultrafast,40.0,expected,6.641805732146641,0.5274263818172275,3110,695,1,3,27,46.10149743506797
ultrafast,40.0,expected,6.641805732146641,0.5274263818172275,3110,731,1,3,28,46.60797808970158
ultrafast,40.0,expected,6.641805732146641,0.5274263818172275,3110,555,1,4,0,41.5477323374285
ultrafast,40.0,expected,6.641805732146641,0.5274263818172275,3110,588,1,4,1,46.245788784237035
ultrafast,40.0,expected,6.641805732146641,0.5274263818172275,3110,650,1,4,2,42.44947186162892
ultrafast,40.0,expected,6.641805732146641,0.5274263818172275,3110,681,1,4,3,49.63805378746823
ultrafast,40.0,expected,6.641805732146641,0.5274263818172275,3110,628,1,4,4,44.71301145507792
ultrafast,40.0,expected,6.641805732146641,0.5274263818172275,3110,592,1,4,5,45.08921493472151
ultrafast,40.0,expected,6.641805732146641,0.5274263818172275,3110,539,1,4,6,44.874930659122036
ultrafast,40.0,expected,6.641805732146641,0.5274263818172275,3110,593,1,4,7,49.083270881782575
ultrafast,40.0,expected,6.641805732146641,0.5274263818172275,3110,609,1,4,8,49.836103373108706
ultrafast,40.0,expected,6.641805732146641,0.5274263818172275,3110,576,1,4,9,47.63377293498891
ultrafast,40.0,expected,6.641805732146641,0.5274263818172275,3110,559,1,4,10,50.652946038279666
ultrafast,40.0,expected,6.641805732146641,0.5274263818172275,3110,669,1,4,11,46.65398792192374
ultrafast,40.0,expected,6.641805732146641,0.5274263818172275,3110,659,1,4,12,45.67808150259794
ultrafast,40.0,expected,6.641805732146641,0.5274263818172275,3110,669,1,4,13,51.22004243405825
ultrafast,40.0,expected,6.641805732146641,0.5274263818172275,3110,618,1,4,14,50.64904268017379
ultrafast,40.0,expected,6.641805732146641,0.5274263818172275,3110,577,1,4,15,50.607775257258176
ultrafast,40.0,expected,6.641805732146641,0.5274263818172275,3110,591,1,4,16,47.82346701805175
ultrafast,40.0,expected,6.641805732146641,0.5274263818172275,3110,575,1,4,17,49.594989487152006
ultrafast,40.0,expected,6.641805732146641,0.5274263818172275,3110,601,1,4,18,48.598500533694214
ultrafast,40.0,expected,6.641805732146641,0.5274263818172275,3110,600,1,4,19,44.622823503197594
ultrafast,40.0,expected,6.641805732146641,0.5274263818172275,3110,707,1,4,20,45.68463777518676
ultrafast,40.0,expected,6.641805732146641,0.5274263818172275,3110,686,1,4,21,47.42404192260176
ultrafast,40.0,expected,6.641805732146641,0.5274263818172275,3110,689,1,4,22,43.68877301641194
ultrafast,40.0,expected,6.641805732146641,0.5274263818172275,3110,674,1,4,23,42.77206701875838
ultrafast,40.0,expected,6.641805732146641,0.5274263818172275,3110,674,1,4,24,44.99599204512242
ultrafast,40.0,expected,6.641805732146641,0.5274263818172275,3110,653,1,4,25,47.83573765944375
ultrafast,40.0,expected,6.641805732146641,0.5274263818172275,3110,690,1,4,26,41.46616524546907
ultrafast,40.0,expected,6.641805732146641,0.5274263818172275,3110,695,1,4,27,42.87365465664023
ultrafast,40.0,expected,6.641805732146641,0.5274263818172275,3110,731,1,4,28,42.7455305934414
ultrafast,40.0,p95,8.587989154521992,0.5274263818172275,2405,555,1,0,0,43.862658278299094
ultrafast,40.0,p95,8.587989154521992,0.5274263818172275,2405,588,1,0,1,50.53436358207431
ultrafast,40.0,p95,8.587989154521992,0.5274263818172275,2405,650,1,0,2,40.08134725591159
ultrafast,40.0,p95,8.587989154521992,0.5274263818172275,2405,681,1,0,3,45.42565197356013
ultrafast,40.0,p95,8.587989154521992,0.5274263818172275,2405,628,1,0,4,47.63129017175635
ultrafast,40.0,p95,8.587989154521992,0.5274263818172275,2405,592,1,0,5,46.89164561316362
ultrafast,40.0,p95,8.587989154521992,0.5274263818172275,2405,539,1,0,6,42.99079942084623
ultrafast,40.0,p95,8.587989154521992,0.5274263818172275,2405,593,1,0,7,43.43576784368169
ultrafast,40.0,p95,8.587989154521992,0.5274263818172275,2405,609,1,0,8,48.11912401601634
ultrafast,40.0,p95,8.587989154521992,0.5274263818172275,2405,576,1,0,9,49.659198912094176
ultrafast,40.0,p95,8.587989154521992,0.5274263818172275,2405,559,1,0,10,50.477220694762124
ultrafast,40.0,p95,8.587989154521992,0.5274263818172275,2405,669,1,0,11,47.69642411953741
ultrafast,40.0,p95,8.587989154521992,0.5274263818172275,2405,659,1,0,12,47.840984237799816
ultrafast,40.0,p95,8.587989154521992,0.5274263818172275,2405,669,1,0,13,49.153829960210345
ultrafast,40.0,p95,8.587989154521992,0.5274263818172275,2405,618,1,0,14,50.92671433388936
ultrafast,40.0,p95,8.587989154521992,0.5274263818172275,2405,577,1,0,15,46.84089716880016
ultrafast,40.0,p95,8.587989154521992,0.5274263818172275,2405,591,1,0,16,47.808127594702924
ultrafast,40.0,p95,8.587989154521992,0.5274263818172275,2405,575,1,0,17,47.359753825727296
ultrafast,40.0,p95,8.587989154521992,0.5274263818172275,2405,601,1,0,18,49.15811537772014
ultrafast,40.0,p95,8.587989154521992,0.5274263818172275,2405,600,1,0,19,44.30312330921855
ultrafast,40.0,p95,8.587989154521992,0.5274263818172275,2405,707,1,0,20,45.705738529605654
ultrafast,40.0,p95,8.587989154521992,0.5274263818172275,2405,686,1,0,21,44.68364407441903
ultrafast,40.0,p95,8.587989154521992,0.5274263818172275,2405,689,1,0,22,44.3876989010805
ultrafast,40.0,p95,8.587989154521992,0.5274263818172275,2405,674,1,0,23,46.13548593094116
ultrafast,40.0,p95,8.587989154521992,0.5274263818172275,2405,674,1,0,24,44.95571580734901
ultrafast,40.0,p95,8.587989154521992,0.5274263818172275,2405,653,1,0,25,46.161677022700125
ultrafast,40.0,p95,8.587989154521992,0.5274263818172275,2405,690,1,0,26,43.882086451853624
ultrafast,40.0,p95,8.587989154521992,0.5274263818172275,2405,695,1,0,27,43.36093358803376
ultrafast,40.0,p95,8.587989154521992,0.5274263818172275,2405,731,1,0,28,45.24955110950713
ultrafast,40.0,p95,8.587989154521992,0.5274263818172275,2405,555,1,1,0,41.54800520609857
ultrafast,40.0,p95,8.587989154521992,0.5274263818172275,2405,588,1,1,1,48.23481225927678
ultrafast,40.0,p95,8.587989154521992,0.5274263818172275,2405,650,1,1,2,43.19082490553945
ultrafast,40.0,p95,8.587989154521992,0.5274263818172275,2405,681,1,1,3,43.48425694830625
ultrafast,40.0,p95,8.587989154521992,0.5274263818172275,2405,628,1,1,4,48.16055051122674
ultrafast,40.0,p95,8.587989154521992,0.5274263818172275,2405,592,1,1,5,44.205529274047024
ultrafast,40.0,p95,8.587989154521992,0.5274263818172275,2405,539,1,1,6,45.060219753703805
ultrafast,40.0,p95,8.587989154521992,0.5274263818172275,2405,593,1,1,7,46.86234085940537
ultrafast,40.0,p95,8.587989154521992,0.5274263818172275,2405,609,1,1,8,48.87649188543051
ultrafast,40.0,p95,8.587989154521992,0.5274263818172275,2405,576,1,1,9,42.42104308422953
ultrafast,40.0,p95,8.587989154521992,0.5274263818172275,2405,559,1,1,10,50.72575933149396
ultrafast,40.0,p95,8.587989154521992,0.5274263818172275,2405,669,1,1,11,48.68543557947169
ultrafast,40.0,p95,8.587989154521992,0.5274263818172275,2405,659,1,1,12,48.67318658878478
ultrafast,40.0,p95,8.587989154521992,0.5274263818172275,2405,669,1,1,13,49.26497956709271
ultrafast,40.0,p95,8.587989154521992,0.5274263818172275,2405,618,1,1,14,49.815154567396405
ultrafast,40.0,p95,8.587989154521992,0.5274263818172275,2405,577,1,1,15,47.25670886025915
ultrafast,40.0,p95,8.587989154521992,0.5274263818172275,2405,591,1,1,16,47.2825325066884
ultrafast,40.0,p95,8.587989154521992,0.5274263818172275,2405,575,1,1,17,42.98630247151279
ultrafast,40.0,p95,8.587989154521992,0.5274263818172275,2405,601,1,1,18,46.47666488323545
ultrafast,40.0,p95,8.587989154521992,0.5274263818172275,2405,600,1,1,19,45.488795921922154
ultrafast,40.0,p95,8.587989154521992,0.5274263818172275,2405,707,1,1,20,46.70505401494274
ultrafast,40.0,p95,8.587989154521992,0.5274263818172275,2405,686,1,1,21,49.45526341402531
ultrafast,40.0,p95,8.587989154521992,0.5274263818172275,2405,689,1,1,22,46.651701720243075
ultrafast,40.0,p95,8.587989154521992,0.5274263818172275,2405,674,1,1,23,47.51420246817938
ultrafast,40.0,p95,8.587989154521992,0.5274263818172275,2405,674,1,1,24,45.329746728190024
ultrafast,40.0,p95,8.587989154521992,0.5274263818172275,2405,653,1,1,25,44.77412842264037
ultrafast,40.0,p95,8.587989154521992,0.5274263818172275,2405,690,1,1,26,45.24813911410526
ultrafast,40.0,p95,8.587989154521992,0.5274263818172275,2405,695,1,1,27,47.409866740505755
ultrafast,40.0,p95,8.587989154521992,0.5274263818172275,2405,731,1,1,28,43.12226454710287
ultrafast,40.0,p95,8.587989154521992,0.5274263818172275,2405,555,1,2,0,40.80487837340967
ultrafast,40.0,p95,8.587989154521992,0.5274263818172275,2405,588,1,2,1,48.54689870391836
ultrafast,40.0,p95,8.587989154521992,0.5274263818172275,2405,650,1,2,2,39.702864808482296
ultrafast,40.0,p95,8.587989154521992,0.5274263818172275,2405,681,1,2,3,46.01528935811573
ultrafast,40.0,p95,8.587989154521992,0.5274263818172275,2405,628,1,2,4,49.797449197409584
ultrafast,40.0,p95,8.587989154521992,0.5274263818172275,2405,592,1,2,5,42.48095646812068
ultrafast,40.0,p95,8.587989154521992,0.5274263818172275,2405,539,1,2,6,41.295246249403036
ultrafast,40.0,p95,8.587989154521992,0.5274263818172275,2405,593,1,2,7,44.7075544407162
ultrafast,40.0,p95,8.587989154521992,0.5274263818172275,2405,609,1,2,8,45.425950712809716
ultrafast,40.0,p95,8.587989154521992,0.5274263818172275,2405,576,1,2,9,43.05343872104789
ultrafast,40.0,p95,8.587989154521992,0.5274263818172275,2405,559,1,2,10,51.155865575280586
ultrafast,40.0,p95,8.587989154521992,0.5274263818172275,2405,669,1,2,11,45.28484529795848
ultrafast,40.0,p95,8.587989154521992,0.5274263818172275,2405,659,1,2,12,49.06533063276168
ultrafast,40.0,p95,8.587989154521992,0.5274263818172275,2405,669,1,2,13,49.18894280113993
ultrafast,40.0,p95,8.587989154521992,0.5274263818172275,2405,618,1,2,14,49.40562657707774
ultrafast,40.0,p95,8.587989154521992,0.5274263818172275,2405,577,1,2,15,47.10213787983246
ultrafast,40.0,p95,8.587989154521992,0.5274263818172275,2405,591,1,2,16,48.38094498258546
ultrafast,40.0,p95,8.587989154521992,0.5274263818172275,2405,575,1,2,17,43.137339082190316
ultrafast,40.0,p95,8.587989154521992,0.5274263818172275,2405,601,1,2,18,48.37092759205143
ultrafast,40.0,p95,8.587989154521992,0.5274263818172275,2405,600,1,2,19,46.971340873907465
ultrafast,40.0,p95,8.587989154521992,0.5274263818172275,2405,707,1,2,20,45.495189126109054
ultrafast,40.0,p95,8.587989154521992,0.5274263818172275,2405,686,1,2,21,43.431236014137184
ultrafast,40.0,p95,8.587989154521992,0.5274263818172275,2405,689,1,2,22,45.18135373889444
ultrafast,40.0,p95,8.587989154521992,0.5274263818172275,2405,674,1,2,23,43.40456230765399
ultrafast,40.0,p95,8.587989154521992,0.5274263818172275,2405,674,1,2,24,45.05745329787669
ultrafast,40.0,p95,8.587989154521992,0.5274263818172275,2405,653,1,2,25,46.40712099465671
ultrafast,40.0,p95,8.587989154521992,0.5274263818172275,2405,690,1,2,26,42.646644760747336
ultrafast,40.0,p95,8.587989154521992,0.5274263818172275,2405,695,1,2,27,41.93518885243876
ultrafast,40.0,p95,8.587989154521992,0.5274263818172275,2405,731,1,2,28,45.944306583737415
ultrafast,40.0,p95,8.587989154521992,0.5274263818172275,2405,555,1,3,0,40.1948405291768
ultrafast,40.0,p95,8.587989154521992,0.5274263818172275,2405,588,1,3,1,49.345430163225416
ultrafast,40.0,p95,8.587989154521992,0.5274263818172275,2405,650,1,3,2,40.40148988992749
ultrafast,40.0,p95,8.587989154521992,0.5274263818172275,2405,681,1,3,3,49.44574284571908
ultrafast,40.0,p95,8.587989154521992,0.5274263818172275,2405,628,1,3,4,45.96598209038878
ultrafast,40.0,p95,8.587989154521992,0.5274263818172275,2405,592,1,3,5,50.8593867806161
ultrafast,40.0,p95,8.587989154521992,0.5274263818172275,2405,539,1,3,6,45.03923034424258
ultrafast,40.0,p95,8.587989154521992,0.5274263818172275,2405,593,1,3,7,48.40821295242559
ultrafast,40.0,p95,8.587989154521992,0.5274263818172275,2405,609,1,3,8,49.2058654138226
ultrafast,40.0,p95,8.587989154521992,0.5274263818172275,2405,576,1,3,9,45.087705295546385
ultrafast,40.0,p95,8.587989154521992,0.5274263818172275,2405,559,1,3,10,50.36062992612998
ultrafast,40.0,p95,8.587989154521992,0.5274263818172275,2405,669,1,3,11,47.10075209069559
ultrafast,40.0,p95,8.587989154521992,0.5274263818172275,2405,659,1,3,12,49.82286412588404
ultrafast,40.0,p95,8.587989154521992,0.5274263818172275,2405,669,1,3,13,48.8740510574231
ultrafast,40.0,p95,8.587989154521992,0.5274263818172275,2405,618,1,3,14,47.88464362601792
ultrafast,40.0,p95,8.587989154521992,0.5274263818172275,2405,577,1,3,15,46.93706697174632
ultrafast,40.0,p95,8.587989154521992,0.5274263818172275,2405,591,1,3,16,48.88316030107191
ultrafast,40.0,p95,8.587989154521992,0.5274263818172275,2405,575,1,3,17,46.35771299672821
ultrafast,40.0,p95,8.587989154521992,0.5274263818172275,2405,601,1,3,18,49.476994933595364
ultrafast,40.0,p95,8.587989154521992,0.5274263818172275,2405,600,1,3,19,45.46860490584335
ultrafast,40.0,p95,8.587989154521992,0.5274263818172275,2405,707,1,3,20,47.41110068631147
ultrafast,40.0,p95,8.587989154521992,0.5274263818172275,2405,686,1,3,21,45.51820308959306
ultrafast,40.0,p95,8.587989154521992,0.5274263818172275,2405,689,1,3,22,45.07613466115806
ultrafast,40.0,p95,8.587989154521992,0.5274263818172275,2405,674,1,3,23,45.68619909048156
ultrafast,40.0,p95,8.587989154521992,0.5274263818172275,2405,674,1,3,24,46.39389047092219
ultrafast,40.0,p95,8.587989154521992,0.5274263818172275,2405,653,1,3,25,43.43183127320504
ultrafast,40.0,p95,8.587989154521992,0.5274263818172275,2405,690,1,3,26,43.590503746113725
ultrafast,40.0,p95,8.587989154521992,0.5274263818172275,2405,695,1,3,27,43.86020580985145
ultrafast,40.0,p95,8.587989154521992,0.5274263818172275,2405,731,1,3,28,41.7316603642703
ultrafast,40.0,p95,8.587989154521992,0.5274263818172275,2405,555,1,4,0,42.34200499907324
ultrafast,40.0,p95,8.587989154521992,0.5274263818172275,2405,588,1,4,1,50.24046731305119
ultrafast,40.0,p95,8.587989154521992,0.5274263818172275,2405,650,1,4,2,47.891125150717755
ultrafast,40.0,p95,8.587989154521992,0.5274263818172275,2405,681,1,4,3,45.495352579496135
ultrafast,40.0,p95,8.587989154521992,0.5274263818172275,2405,628,1,4,4,45.12232473252652
ultrafast,40.0,p95,8.587989154521992,0.5274263818172275,2405,592,1,4,5,42.240001462189085
ultrafast,40.0,p95,8.587989154521992,0.5274263818172275,2405,539,1,4,6,45.02292622318366
ultrafast,40.0,p95,8.587989154521992,0.5274263818172275,2405,593,1,4,7,46.49144250326188
ultrafast,40.0,p95,8.587989154521992,0.5274263818172275,2405,609,1,4,8,46.38987177698415
ultrafast,40.0,p95,8.587989154521992,0.5274263818172275,2405,576,1,4,9,46.7308605644051
ultrafast,40.0,p95,8.587989154521992,0.5274263818172275,2405,559,1,4,10,52.21375164803724
ultrafast,40.0,p95,8.587989154521992,0.5274263818172275,2405,669,1,4,11,47.26754663051685
ultrafast,40.0,p95,8.587989154521992,0.5274263818172275,2405,659,1,4,12,48.75160058559308
ultrafast,40.0,p95,8.587989154521992,0.5274263818172275,2405,669,1,4,13,48.5383263248316
ultrafast,40.0,p95,8.587989154521992,0.5274263818172275,2405,618,1,4,14,47.709273480059586
ultrafast,40.0,p95,8.587989154521992,0.5274263818172275,2405,577,1,4,15,50.059351512373624
ultrafast,40.0,p95,8.587989154521992,0.5274263818172275,2405,591,1,4,16,49.178842607499
ultrafast,40.0,p95,8.587989154521992,0.5274263818172275,2405,575,1,4,17,46.89029318244187
ultrafast,40.0,p95,8.587989154521992,0.5274263818172275,2405,601,1,4,18,49.53354954551599
ultrafast,40.0,p95,8.587989154521992,0.5274263818172275,2405,600,1,4,19,44.1148694705499
ultrafast,40.0,p95,8.587989154521992,0.5274263818172275,2405,707,1,4,20,48.21017875697268
ultrafast,40.0,p95,8.587989154521992,0.5274263818172275,2405,686,1,4,21,43.696898756742414
ultrafast,40.0,p95,8.587989154521992,0.5274263818172275,2405,689,1,4,22,45.390931758225214
ultrafast,40.0,p95,8.587989154521992,0.5274263818172275,2405,674,1,4,23,42.816825953506566
ultrafast,40.0,p95,8.587989154521992,0.5274263818172275,2405,674,1,4,24,44.95604577917577
ultrafast,40.0,p95,8.587989154521992,0.5274263818172275,2405,653,1,4,25,44.076500606569894
ultrafast,40.0,p95,8.587989154521992,0.5274263818172275,2405,690,1,4,26,44.48143588559557
ultrafast,40.0,p95,8.587989154521992,0.5274263818172275,2405,695,1,4,27,41.05932573814713
ultrafast,40.0,p95,8.587989154521992,0.5274263818172275,2405,731,1,4,28,43.17994611977649
ultrafast,40.0,p95_sequence,28.63027403218791,0.5274263818172275,721,555,1,0,0,42.88997768876041
ultrafast,40.0,p95_sequence,28.63027403218791,0.5274263818172275,721,588,1,0,1,46.08876312907149
ultrafast,40.0,p95_sequence,28.63027403218791,0.5274263818172275,721,650,1,0,2,43.56704381789744
ultrafast,40.0,p95_sequence,28.63027403218791,0.5274263818172275,721,681,1,0,3,43.107700291831506
ultrafast,40.0,p95_sequence,28.63027403218791,0.5274263818172275,721,628,1,0,4,45.84212336253948
ultrafast,40.0,p95_sequence,28.63027403218791,0.5274263818172275,721,592,1,0,5,49.983412510322154
ultrafast,40.0,p95_sequence,28.63027403218791,0.5274263818172275,721,539,1,0,6,44.524263406305806
ultrafast,40.0,p95_sequence,28.63027403218791,0.5274263818172275,721,593,1,0,7,47.36851519535612
ultrafast,40.0,p95_sequence,28.63027403218791,0.5274263818172275,721,609,1,0,8,48.63020065205789
ultrafast,40.0,p95_sequence,28.63027403218791,0.5274263818172275,721,576,1,0,9,42.799532205819794
ultrafast,40.0,p95_sequence,28.63027403218791,0.5274263818172275,721,559,1,0,10,52.29155235025438
ultrafast,40.0,p95_sequence,28.63027403218791,0.5274263818172275,721,669,1,0,11,45.86128624000249
ultrafast,40.0,p95_sequence,28.63027403218791,0.5274263818172275,721,659,1,0,12,46.5839093913265
ultrafast,40.0,p95_sequence,28.63027403218791,0.5274263818172275,721,669,1,0,13,48.705536420439884
ultrafast,40.0,p95_sequence,28.63027403218791,0.5274263818172275,721,618,1,0,14,49.332021374447834
ultrafast,40.0,p95_sequence,28.63027403218791,0.5274263818172275,721,577,1,0,15,52.28920798052456
ultrafast,40.0,p95_sequence,28.63027403218791,0.5274263818172275,721,591,1,0,16,45.860397200589034
ultrafast,40.0,p95_sequence,28.63027403218791,0.5274263818172275,721,575,1,0,17,48.279357030601034
ultrafast,40.0,p95_sequence,28.63027403218791,0.5274263818172275,721,601,1,0,18,47.25492269947423
ultrafast,40.0,p95_sequence,28.63027403218791,0.5274263818172275,721,600,1,0,19,45.269345233013254
ultrafast,40.0,p95_sequence,28.63027403218791,0.5274263818172275,721,707,1,0,20,44.57414206388803
ultrafast,40.0,p95_sequence,28.63027403218791,0.5274263818172275,721,686,1,0,21,44.462673205714225
ultrafast,40.0,p95_sequence,28.63027403218791,0.5274263818172275,721,689,1,0,22,45.99163890494846
ultrafast,40.0,p95_sequence,28.63027403218791,0.5274263818172275,721,674,1,0,23,45.654013135336825
ultrafast,40.0,p95_sequence,28.63027403218791,0.5274263818172275,721,674,1,0,24,47.86815938892602
ultrafast,40.0,p95_sequence,28.63027403218791,0.5274263818172275,721,653,1,0,25,44.74947606534255
ultrafast,40.0,p95_sequence,28.63027403218791,0.5274263818172275,721,690,1,0,26,45.28326611402771
ultrafast,40.0,p95_sequence,28.63027403218791,0.5274263818172275,721,695,1,0,27,48.27466051768856
ultrafast,40.0,p95_sequence,28.63027403218791,0.5274263818172275,721,731,0,0,28,44.174082136516944
ultrafast,40.0,p95_sequence,28.63027403218791,0.5274263818172275,721,555,1,1,0,41.906848325152986
ultrafast,40.0,p95_sequence,28.63027403218791,0.5274263818172275,721,588,1,1,1,44.83920845496678
ultrafast,40.0,p95_sequence,28.63027403218791,0.5274263818172275,721,650,1,1,2,43.43125053168036
ultrafast,40.0,p95_sequence,28.63027403218791,0.5274263818172275,721,681,1,1,3,43.28091134758662
ultrafast,40.0,p95_sequence,28.63027403218791,0.5274263818172275,721,628,1,1,4,48.34407198018575
ultrafast,40.0,p95_sequence,28.63027403218791,0.5274263818172275,721,592,1,1,5,49.784264395575235
ultrafast,40.0,p95_sequence,28.63027403218791,0.5274263818172275,721,539,1,1,6,51.994839322825044
ultrafast,40.0,p95_sequence,28.63027403218791,0.5274263818172275,721,593,1,1,7,46.26328212259481
ultrafast,40.0,p95_sequence,28.63027403218791,0.5274263818172275,721,609,1,1,8,45.365633442428404
ultrafast,40.0,p95_sequence,28.63027403218791,0.5274263818172275,721,576,1,1,9,43.4081998447827
ultrafast,40.0,p95_sequence,28.63027403218791,0.5274263818172275,721,559,1,1,10,50.83288897516625
ultrafast,40.0,p95_sequence,28.63027403218791,0.5274263818172275,721,669,1,1,11,46.796496999115575
ultrafast,40.0,p95_sequence,28.63027403218791,0.5274263818172275,721,659,1,1,12,49.333320836927044
ultrafast,40.0,p95_sequence,28.63027403218791,0.5274263818172275,721,669,1,1,13,46.79901835731119
ultrafast,40.0,p95_sequence,28.63027403218791,0.5274263818172275,721,618,1,1,14,50.08890572629912
ultrafast,40.0,p95_sequence,28.63027403218791,0.5274263818172275,721,577,1,1,15,46.79334735846099
ultrafast,40.0,p95_sequence,28.63027403218791,0.5274263818172275,721,591,1,1,16,49.9779029894697
ultrafast,40.0,p95_sequence,28.63027403218791,0.5274263818172275,721,575,1,1,17,46.46106231170076
ultrafast,40.0,p95_sequence,28.63027403218791,0.5274263818172275,721,601,1,1,18,46.77543789357864
ultrafast,40.0,p95_sequence,28.63027403218791,0.5274263818172275,721,600,1,1,19,44.61866152761739
ultrafast,40.0,p95_sequence,28.63027403218791,0.5274263818172275,721,707,1,1,20,47.33428843853364
ultrafast,40.0,p95_sequence,28.63027403218791,0.5274263818172275,721,686,1,1,21,43.3226916879783
ultrafast,40.0,p95_sequence,28.63027403218791,0.5274263818172275,721,689,1,1,22,47.72426709460174
ultrafast,40.0,p95_sequence,28.63027403218791,0.5274263818172275,721,674,1,1,23,46.882540937432715
ultrafast,40.0,p95_sequence,28.63027403218791,0.5274263818172275,721,674,1,1,24,45.57310245298511
ultrafast,40.0,p95_sequence,28.63027403218791,0.5274263818172275,721,653,1,1,25,46.54082992489875
ultrafast,40.0,p95_sequence,28.63027403218791,0.5274263818172275,721,690,1,1,26,44.054911132311965
ultrafast,40.0,p95_sequence,28.63027403218791,0.5274263818172275,721,695,1,1,27,42.51452788170205
ultrafast,40.0,p95_sequence,28.63027403218791,0.5274263818172275,721,731,0,1,28,45.04253218837323
ultrafast,40.0,p95_sequence,28.63027403218791,0.5274263818172275,721,555,1,2,0,42.72904890355847
ultrafast,40.0,p95_sequence,28.63027403218791,0.5274263818172275,721,588,1,2,1,49.17540843671201
ultrafast,40.0,p95_sequence,28.63027403218791,0.5274263818172275,721,650,1,2,2,40.602738904653826
ultrafast,40.0,p95_sequence,28.63027403218791,0.5274263818172275,721,681,1,2,3,44.94011205085943
ultrafast,40.0,p95_sequence,28.63027403218791,0.5274263818172275,721,628,1,2,4,47.62510853171675
ultrafast,40.0,p95_sequence,28.63027403218791,0.5274263818172275,721,592,1,2,5,49.04444952135804
ultrafast,40.0,p95_sequence,28.63027403218791,0.5274263818172275,721,539,1,2,6,46.695162005124985
ultrafast,40.0,p95_sequence,28.63027403218791,0.5274263818172275,721,593,1,2,7,46.549245017781324
ultrafast,40.0,p95_sequence,28.63027403218791,0.5274263818172275,721,609,1,2,8,48.85163934162313
ultrafast,40.0,p95_sequence,28.63027403218791,0.5274263818172275,721,576,1,2,9,47.405441936435736
ultrafast,40.0,p95_sequence,28.63027403218791,0.5274263818172275,721,559,1,2,10,49.362462899760004
ultrafast,40.0,p95_sequence,28.63027403218791,0.5274263818172275,721,669,1,2,11,45.86087979940263
ultrafast,40.0,p95_sequence,28.63027403218791,0.5274263818172275,721,659,1,2,12,48.26157255646501
ultrafast,40.0,p95_sequence,28.63027403218791,0.5274263818172275,721,669,1,2,13,46.7666985311469
ultrafast,40.0,p95_sequence,28.63027403218791,0.5274263818172275,721,618,1,2,14,49.63066514717092
ultrafast,40.0,p95_sequence,28.63027403218791,0.5274263818172275,721,577,1,2,15,45.58712721138348
ultrafast,40.0,p95_sequence,28.63027403218791,0.5274263818172275,721,591,1,2,16,49.189270768578474
ultrafast,40.0,p95_sequence,28.63027403218791,0.5274263818172275,721,575,1,2,17,46.61988112841215
ultrafast,40.0,p95_sequence,28.63027403218791,0.5274263818172275,721,601,1,2,18,48.1925009446844
ultrafast,40.0,p95_sequence,28.63027403218791,0.5274263818172275,721,600,1,2,19,43.90330096666084
ultrafast,40.0,p95_sequence,28.63027403218791,0.5274263818172275,721,707,1,2,20,44.65691817580576
ultrafast,40.0,p95_sequence,28.63027403218791,0.5274263818172275,721,686,1,2,21,46.93069296045927
ultrafast,40.0,p95_sequence,28.63027403218791,0.5274263818172275,721,689,1,2,22,47.54703560229062
ultrafast,40.0,p95_sequence,28.63027403218791,0.5274263818172275,721,674,1,2,23,42.81817461389964
ultrafast,40.0,p95_sequence,28.63027403218791,0.5274263818172275,721,674,1,2,24,44.55100947553605
ultrafast,40.0,p95_sequence,28.63027403218791,0.5274263818172275,721,653,1,2,25,44.61724965317725
ultrafast,40.0,p95_sequence,28.63027403218791,0.5274263818172275,721,690,1,2,26,42.218053397377105
ultrafast,40.0,p95_sequence,28.63027403218791,0.5274263818172275,721,695,1,2,27,42.829863727298516
ultrafast,40.0,p95_sequence,28.63027403218791,0.5274263818172275,721,731,0,2,28,43.57767669885669
ultrafast,40.0,p95_sequence,28.63027403218791,0.5274263818172275,721,555,1,3,0,42.020739201051434
ultrafast,40.0,p95_sequence,28.63027403218791,0.5274263818172275,721,588,1,3,1,45.15586165095054
ultrafast,40.0,p95_sequence,28.63027403218791,0.5274263818172275,721,650,1,3,2,38.98355391465894
ultrafast,40.0,p95_sequence,28.63027403218791,0.5274263818172275,721,681,1,3,3,43.392977156822724
ultrafast,40.0,p95_sequence,28.63027403218791,0.5274263818172275,721,628,1,3,4,50.82587136173931
ultrafast,40.0,p95_sequence,28.63027403218791,0.5274263818172275,721,592,1,3,5,48.968767737485535
ultrafast,40.0,p95_sequence,28.63027403218791,0.5274263818172275,721,539,1,3,6,46.06159661863203
ultrafast,40.0,p95_sequence,28.63027403218791,0.5274263818172275,721,593,1,3,7,47.155265121827895
ultrafast,40.0,p95_sequence,28.63027403218791,0.5274263818172275,721,609,1,3,8,50.94125509267236
ultrafast,40.0,p95_sequence,28.63027403218791,0.5274263818172275,721,576,1,3,9,42.24387644514515
ultrafast,40.0,p95_sequence,28.63027403218791,0.5274263818172275,721,559,1,3,10,51.01112116664494
ultrafast,40.0,p95_sequence,28.63027403218791,0.5274263818172275,721,669,1,3,11,48.47234208702726
ultrafast,40.0,p95_sequence,28.63027403218791,0.5274263818172275,721,659,1,3,12,50.531309812127965
ultrafast,40.0,p95_sequence,28.63027403218791,0.5274263818172275,721,669,1,3,13,46.77895112097503
ultrafast,40.0,p95_sequence,28.63027403218791,0.5274263818172275,721,618,1,3,14,49.74178126984447
ultrafast,40.0,p95_sequence,28.63027403218791,0.5274263818172275,721,577,1,3,15,46.92439318894269
ultrafast,40.0,p95_sequence,28.63027403218791,0.5274263818172275,721,591,1,3,16,49.26381160794806
ultrafast,40.0,p95_sequence,28.63027403218791,0.5274263818172275,721,575,1,3,17,47.32890691199601
ultrafast,40.0,p95_sequence,28.63027403218791,0.5274263818172275,721,601,1,3,18,48.75842631686269
ultrafast,40.0,p95_sequence,28.63027403218791,0.5274263818172275,721,600,1,3,19,43.95067141233491
ultrafast,40.0,p95_sequence,28.63027403218791,0.5274263818172275,721,707,1,3,20,45.97859580215609
ultrafast,40.0,p95_sequence,28.63027403218791,0.5274263818172275,721,686,1,3,21,45.64262057683477
ultrafast,40.0,p95_sequence,28.63027403218791,0.5274263818172275,721,689,1,3,22,43.323258091935905
ultrafast,40.0,p95_sequence,28.63027403218791,0.5274263818172275,721,674,1,3,23,44.6699322995924
ultrafast,40.0,p95_sequence,28.63027403218791,0.5274263818172275,721,674,1,3,24,47.798672069562194
ultrafast,40.0,p95_sequence,28.63027403218791,0.5274263818172275,721,653,1,3,25,45.736756094099476
ultrafast,40.0,p95_sequence,28.63027403218791,0.5274263818172275,721,690,1,3,26,45.59658194630552
ultrafast,40.0,p95_sequence,28.63027403218791,0.5274263818172275,721,695,1,3,27,44.64133334841628
ultrafast,40.0,p95_sequence,28.63027403218791,0.5274263818172275,721,731,0,3,28,45.859889259766824
ultrafast,40.0,p95_sequence,28.63027403218791,0.5274263818172275,721,555,1,4,0,42.01958527572093
ultrafast,40.0,p95_sequence,28.63027403218791,0.5274263818172275,721,588,1,4,1,46.336518711186855
ultrafast,40.0,p95_sequence,28.63027403218791,0.5274263818172275,721,650,1,4,2,44.655416832022055
ultrafast,40.0,p95_sequence,28.63027403218791,0.5274263818172275,721,681,1,4,3,47.38562200362967
ultrafast,40.0,p95_sequence,28.63027403218791,0.5274263818172275,721,628,1,4,4,44.93296705552594
ultrafast,40.0,p95_sequence,28.63027403218791,0.5274263818172275,721,592,1,4,5,48.205730760564734
ultrafast,40.0,p95_sequence,28.63027403218791,0.5274263818172275,721,539,1,4,6,40.58846441048965
ultrafast,40.0,p95_sequence,28.63027403218791,0.5274263818172275,721,593,1,4,7,45.675525046026465
ultrafast,40.0,p95_sequence,28.63027403218791,0.5274263818172275,721,609,1,4,8,52.28508050096689
ultrafast,40.0,p95_sequence,28.63027403218791,0.5274263818172275,721,576,1,4,9,45.552185358645914
ultrafast,40.0,p95_sequence,28.63027403218791,0.5274263818172275,721,559,1,4,10,51.54853217343281
ultrafast,40.0,p95_sequence,28.63027403218791,0.5274263818172275,721,669,1,4,11,46.320648241991016
ultrafast,40.0,p95_sequence,28.63027403218791,0.5274263818172275,721,659,1,4,12,48.02103291039869
ultrafast,40.0,p95_sequence,28.63027403218791,0.5274263818172275,721,669,1,4,13,47.214354655500486
ultrafast,40.0,p95_sequence,28.63027403218791,0.5274263818172275,721,618,1,4,14,50.721323267874155
ultrafast,40.0,p95_sequence,28.63027403218791,0.5274263818172275,721,577,1,4,15,49.476994933595364
ultrafast,40.0,p95_sequence,28.63027403218791,0.5274263818172275,721,591,1,4,16,47.30673846925514
ultrafast,40.0,p95_sequence,28.63027403218791,0.5274263818172275,721,575,1,4,17,42.80763597121519
ultrafast,40.0,p95_sequence,28.63027403218791,0.5274263818172275,721,601,1,4,18,49.82666073843375
ultrafast,40.0,p95_sequence,28.63027403218791,0.5274263818172275,721,600,1,4,19,44.16113051195018
ultrafast,40.0,p95_sequence,28.63027403218791,0.5274263818172275,721,707,1,4,20,44.764467749745194
ultrafast,40.0,p95_sequence,28.63027403218791,0.5274263818172275,721,686,1,4,21,46.44737593813059
ultrafast,40.0,p95_sequence,28.63027403218791,0.5274263818172275,721,689,1,4,22,44.776680530064404
ultrafast,40.0,p95_sequence,28.63027403218791,0.5274263818172275,721,674,1,4,23,45.81848929419799
ultrafast,40.0,p95_sequence,28.63027403218791,0.5274263818172275,721,674,1,4,24,44.885652108498775
ultrafast,40.0,p95_sequence,28.63027403218791,0.5274263818172275,721,653,1,4,25,43.931635121616125
ultrafast,40.0,p95_sequence,28.63027403218791,0.5274263818172275,721,690,1,4,26,46.97006177674005
ultrafast,40.0,p95_sequence,28.63027403218791,0.5274263818172275,721,695,1,4,27,46.55690114558419
ultrafast,40.0,p95_sequence,28.63027403218791,0.5274263818172275,721,731,0,4,28,44.90260905430208
ultrafast,45.0,expected,6.641805732146641,0.5274263818172275,983,555,1,0,0,42.97076292724083
ultrafast,45.0,expected,6.641805732146641,0.5274263818172275,983,588,1,0,1,50.48134057767486
ultrafast,45.0,expected,6.641805732146641,0.5274263818172275,983,650,1,0,2,43.84684577218589
ultrafast,45.0,expected,6.641805732146641,0.5274263818172275,983,681,1,0,3,45.89372059328872
ultrafast,45.0,expected,6.641805732146641,0.5274263818172275,983,628,1,0,4,45.72184690200393
ultrafast,45.0,expected,6.641805732146641,0.5274263818172275,983,592,1,0,5,44.28161622132868
ultrafast,45.0,expected,6.641805732146641,0.5274263818172275,983,539,1,0,6,42.0893799232465
ultrafast,45.0,expected,6.641805732146641,0.5274263818172275,983,593,1,0,7,45.84219923884629
ultrafast,45.0,expected,6.641805732146641,0.5274263818172275,983,609,1,0,8,47.1738871040359
ultrafast,45.0,expected,6.641805732146641,0.5274263818172275,983,576,1,0,9,45.31484741077254
ultrafast,45.0,expected,6.641805732146641,0.5274263818172275,983,559,1,0,10,49.446148785320176
ultrafast,45.0,expected,6.641805732146641,0.5274263818172275,983,669,1,0,11,45.29506826740305
ultrafast,45.0,expected,6.641805732146641,0.5274263818172275,983,659,1,0,12,46.55383111552385
ultrafast,45.0,expected,6.641805732146641,0.5274263818172275,983,669,1,0,13,48.84274731562065
ultrafast,45.0,expected,6.641805732146641,0.5274263818172275,983,618,1,0,14,48.187593539201856
ultrafast,45.0,expected,6.641805732146641,0.5274263818172275,983,577,1,0,15,47.685777506594924
ultrafast,45.0,expected,6.641805732146641,0.5274263818172275,983,591,1,0,16,48.85244861113427
ultrafast,45.0,expected,6.641805732146641,0.5274263818172275,983,575,1,0,17,43.65446454670261
ultrafast,45.0,expected,6.641805732146641,0.5274263818172275,983,601,1,0,18,48.571058150519335
ultrafast,45.0,expected,6.641805732146641,0.5274263818172275,983,600,1,0,19,45.35343481872381
ultrafast,45.0,expected,6.641805732146641,0.5274263818172275,983,707,1,0,20,45.93863949272942
ultrafast,45.0,expected,6.641805732146641,0.5274263818172275,983,686,1,0,21,46.22902913980329
ultrafast,45.0,expected,6.641805732146641,0.5274263818172275,983,689,1,0,22,46.86147723786188
ultrafast,45.0,expected,6.641805732146641,0.5274263818172275,983,674,1,0,23,43.941926561487335
ultrafast,45.0,expected,6.641805732146641,0.5274263818172275,983,674,1,0,24,45.917562892951416
ultrafast,45.0,expected,6.641805732146641,0.5274263818172275,983,653,1,0,25,45.64392521430288
ultrafast,45.0,expected,6.641805732146641,0.5274263818172275,983,690,1,0,26,41.880225067294916
ultrafast,45.0,expected,6.641805732146641,0.5274263818172275,983,695,1,0,27,46.85048906605858
ultrafast,45.0,expected,6.641805732146641,0.5274263818172275,983,731,1,0,28,42.70923506293765
ultrafast,45.0,expected,6.641805732146641,0.5274263818172275,983,555,1,1,0,44.41539875504767
ultrafast,45.0,expected,6.641805732146641,0.5274263818172275,983,588,1,1,1,50.96044484192827
ultrafast,45.0,expected,6.641805732146641,0.5274263818172275,983,650,1,1,2,40.09610016222637
ultrafast,45.0,expected,6.641805732146641,0.5274263818172275,983,681,1,1,3,48.21253542420191
ultrafast,45.0,expected,6.641805732146641,0.5274263818172275,983,628,1,1,4,49.45619336835368
ultrafast,45.0,expected,6.641805732146641,0.5274263818172275,983,592,1,1,5,49.958935564288595
ultrafast,45.0,expected,6.641805732146641,0.5274263818172275,983,539,1,1,6,44.01565409604103
ultrafast,45.0,expected,6.641805732146641,0.5274263818172275,983,593,1,1,7,48.69571831931117
ultrafast,45.0,expected,6.641805732146641,0.5274263818172275,983,609,1,1,8,49.15025297726625
ultrafast,45.0,expected,6.641805732146641,0.5274263818172275,983,576,1,1,9,46.73343725205581
ultrafast,45.0,expected,6.641805732146641,0.5274263818172275,983,559,1,1,10,49.69006791520055
ultrafast,45.0,expected,6.641805732146641,0.5274263818172275,983,669,1,1,11,49.93660808867966
ultrafast,45.0,expected,6.641805732146641,0.5274263818172275,983,659,1,1,12,48.082196233572965
ultrafast,45.0,expected,6.641805732146641,0.5274263818172275,983,669,1,1,13,48.50163803335174
ultrafast,45.0,expected,6.641805732146641,0.5274263818172275,983,618,1,1,14,50.34526601347078
ultrafast,45.0,expected,6.641805732146641,0.5274263818172275,983,577,1,1,15,51.43759737553934
ultrafast,45.0,expected,6.641805732146641,0.5274263818172275,983,591,1,1,16,47.98227603846741
ultrafast,45.0,expected,6.641805732146641,0.5274263818172275,983,575,1,1,17,44.76946332896462
ultrafast,45.0,expected,6.641805732146641,0.5274263818172275,983,601,1,1,18,46.48129214125558
ultrafast,45.0,expected,6.641805732146641,0.5274263818172275,983,600,1,1,19,43.934943336791704
ultrafast,45.0,expected,6.641805732146641,0.5274263818172275,983,707,1,1,20,46.95631070549159
ultrafast,45.0,expected,6.641805732146641,0.5274263818172275,983,686,1,1,21,43.36143357099138
ultrafast,45.0,expected,6.641805732146641,0.5274263818172275,983,689,1,1,22,44.55396012027468
ultrafast,45.0,expected,6.641805732146641,0.5274263818172275,983,674,1,1,23,46.06598831161324
ultrafast,45.0,expected,6.641805732146641,0.5274263818172275,983,674,1,1,24,45.89994443138855
ultrafast,45.0,expected,6.641805732146641,0.5274263818172275,983,653,1,1,25,44.62123842757925
ultrafast,45.0,expected,6.641805732146641,0.5274263818172275,983,690,1,1,26,44.482415910828465
ultrafast,45.0,expected,6.641805732146641,0.5274263818172275,983,695,1,1,27,42.779357443286436
ultrafast,45.0,expected,6.641805732146641,0.5274263818172275,983,731,1,1,28,45.14938795208165
ultrafast,45.0,expected,6.641805732146641,0.5274263818172275,983,555,1,2,0,42.70521679280656
ultrafast,45.0,expected,6.641805732146641,0.5274263818172275,983,588,1,2,1,48.81001423821524
ultrafast,45.0,expected,6.641805732146641,0.5274263818172275,983,650,1,2,2,42.38842368092601
ultrafast,45.0,expected,6.641805732146641,0.5274263818172275,983,681,1,2,3,44.65953714546436
ultrafast,45.0,expected,6.641805732146641,0.5274263818172275,983,628,1,2,4,50.406037631742386
ultrafast,45.0,expected,6.641805732146641,0.5274263818172275,983,592,1,2,5,49.81856530682371
ultrafast,45.0,expected,6.641805732146641,0.5274263818172275,983,539,1,2,6,41.016437933116656
ultrafast,45.0,expected,6.641805732146641,0.5274263818172275,983,593,1,2,7,46.60577628206708
ultrafast,45.0,expected,6.641805732146641,0.5274263818172275,983,609,1,2,8,47.817245033006095
ultrafast,45.0,expected,6.641805732146641,0.5274263818172275,983,576,1,2,9,46.47710396813396
ultrafast,45.0,expected,6.641805732146641,0.5274263818172275,983,559,1,2,10,51.56881246040987
ultrafast,45.0,expected,6.641805732146641,0.5274263818172275,983,669,1,2,11,45.41800664933602
ultrafast,45.0,expected,6.641805732146641,0.5274263818172275,983,659,1,2,12,47.37711419832486
ultrafast,45.0,expected,6.641805732146641,0.5274263818172275,983,669,1,2,13,47.58612336645737
ultrafast,45.0,expected,6.641805732146641,0.5274263818172275,983,618,1,2,14,46.8021090173326
ultrafast,45.0,expected,6.641805732146641,0.5274263818172275,983,577,1,2,15,49.55205088133604
ultrafast,45.0,expected,6.641805732146641,0.5274263818172275,983,591,1,2,16,47.31780854586492
ultrafast,45.0,expected,6.641805732146641,0.5274263818172275,983,575,1,2,17,45.45128025991954
ultrafast,45.0,expected,6.641805732146641,0.5274263818172275,983,601,1,2,18,46.47157473999617
ultrafast,45.0,expected,6.641805732146641,0.5274263818172275,983,600,1,2,19,44.10512674628745
ultrafast,45.0,expected,6.641805732146641,0.5274263818172275,983,707,1,2,20,47.07151722049606
ultrafast,45.0,expected,6.641805732146641,0.5274263818172275,983,686,1,2,21,46.25239960121216
ultrafast,45.0,expected,6.641805732146641,0.5274263818172275,983,689,1,2,22,43.72705181780134
ultrafast,45.0,expected,6.641805732146641,0.5274263818172275,983,674,1,2,23,45.09741015664956
ultrafast,45.0,expected,6.641805732146641,0.5274263818172275,983,674,1,2,24,45.56592901635281
ultrafast,45.0,expected,6.641805732146641,0.5274263818172275,983,653,1,2,25,46.268580165702595
ultrafast,45.0,expected,6.641805732146641,0.5274263818172275,983,690,1,2,26,46.47751382076197
ultrafast,45.0,expected,6.641805732146641,0.5274263818172275,983,695,1,2,27,42.13977806373899
ultrafast,45.0,expected,6.641805732146641,0.5274263818172275,983,731,1,2,28,41.756615501284095
ultrafast,45.0,expected,6.641805732146641,0.5274263818172275,983,555,1,3,0,44.968127622381864
ultrafast,45.0,expected,6.641805732146641,0.5274263818172275,983,588,1,3,1,46.18742451475363
ultrafast,45.0,expected,6.641805732146641,0.5274263818172275,983,650,1,3,2,44.72013537380854
ultrafast,45.0,expected,6.641805732146641,0.5274263818172275,983,681,1,3,3,47.000798515336086
ultrafast,45.0,expected,6.641805732146641,0.5274263818172275,983,628,1,3,4,46.78284408356255
ultrafast,45.0,expected,6.641805732146641,0.5274263818172275,983,592,1,3,5,49.8759369504025
ultrafast,45.0,expected,6.641805732146641,0.5274263818172275,983,539,1,3,6,41.68385545463285
ultrafast,45.0,expected,6.641805732146641,0.5274263818172275,983,593,1,3,7,48.391303938607166
ultrafast,45.0,expected,6.641805732146641,0.5274263818172275,983,609,1,3,8,49.440758681960276
ultrafast,45.0,expected,6.641805732146641,0.5274263818172275,983,576,1,3,9,43.44264724505821
ultrafast,45.0,expected,6.641805732146641,0.5274263818172275,983,559,1,3,10,51.598221535282235
ultrafast,45.0,expected,6.641805732146641,0.5274263818172275,983,669,1,3,11,46.289472724194944
ultrafast,45.0,expected,6.641805732146641,0.5274263818172275,983,659,1,3,12,47.64839269483049
ultrafast,45.0,expected,6.641805732146641,0.5274263818172275,983,669,1,3,13,49.23107005046649
ultrafast,45.0,expected,6.641805732146641,0.5274263818172275,983,618,1,3,14,49.52692721857276
ultrafast,45.0,expected,6.641805732146641,0.5274263818172275,983,577,1,3,15,45.84769114393638
ultrafast,45.0,expected,6.641805732146641,0.5274263818172275,983,591,1,3,16,46.61939712024047
ultrafast,45.0,expected,6.641805732146641,0.5274263818172275,983,575,1,3,17,45.80858966620553
ultrafast,45.0,expected,6.641805732146641,0.5274263818172275,983,601,1,3,18,47.18786308030619
ultrafast,45.0,expected,6.641805732146641,0.5274263818172275,983,600,1,3,19,46.69858005873416
ultrafast,45.0,expected,6.641805732146641,0.5274263818172275,983,707,1,3,20,43.52158267511192
ultrafast,45.0,expected,6.641805732146641,0.5274263818172275,983,686,1,3,21,46.08509721424299
ultrafast,45.0,expected,6.641805732146641,0.5274263818172275,983,689,1,3,22,45.68932340598806
ultrafast,45.0,expected,6.641805732146641,0.5274263818172275,983,674,1,3,23,43.552553688954056
ultrafast,45.0,expected,6.641805732146641,0.5274263818172275,983,674,1,3,24,48.37482301632633
ultrafast,45.0,expected,6.641805732146641,0.5274263818172275,983,653,1,3,25,44.39949420973563
ultrafast,45.0,expected,6.641805732146641,0.5274263818172275,983,690,1,3,26,43.6810314837265
ultrafast,45.0,expected,6.641805732146641,0.5274263818172275,983,695,1,3,27,40.65172873256553
ultrafast,45.0,expected,6.641805732146641,0.5274263818172275,983,731,1,3,28,42.505016776964325
ultrafast,45.0,expected,6.641805732146641,0.5274263818172275,983,555,1,4,0,46.991132824564545
ultrafast,45.0,expected,6.641805732146641,0.5274263818172275,983,588,1,4,1,46.16497225945601
ultrafast,45.0,expected,6.641805732146641,0.5274263818172275,983,650,1,4,2,39.848034216087555
ultrafast,45.0,expected,6.641805732146641,0.5274263818172275,983,681,1,4,3,47.55941230580586
ultrafast,45.0,expected,6.641805732146641,0.5274263818172275,983,628,1,4,4,45.10796964514207
ultrafast,45.0,expected,6.641805732146641,0.5274263818172275,983,592,1,4,5,44.83938914790866
ultrafast,45.0,expected,6.641805732146641,0.5274263818172275,983,539,1,4,6,45.17555777589857
ultrafast,45.0,expected,6.641805732146641,0.5274263818172275,983,593,1,4,7,46.05795355411679
ultrafast,45.0,expected,6.641805732146641,0.5274263818172275,983,609,1,4,8,47.404137117498806
ultrafast,45.0,expected,6.641805732146641,0.5274263818172275,983,576,1,4,9,49.29954839861566
ultrafast,45.0,expected,6.641805732146641,0.5274263818172275,983,559,1,4,10,50.42539522427103
ultrafast,45.0,expected,6.641805732146641,0.5274263818172275,983,669,1,4,11,46.85055287049717
ultrafast,45.0,expected,6.641805732146641,0.5274263818172275,983,659,1,4,12,49.205097265709135
ultrafast,45.0,expected,6.641805732146641,0.5274263818172275,983,669,1,4,13,49.1504155035024
ultrafast,45.0,expected,6.641805732146641,0.5274263818172275,983,618,1,4,14,49.59967326748383
ultrafast,45.0,expected,6.641805732146641,0.5274263818172275,983,577,1,4,15,49.31296963201238
ultrafast,45.0,expected,6.641805732146641,0.5274263818172275,983,591,1,4,16,49.13910736533944
ultrafast,45.0,expected,6.641805732146641,0.5274263818172275,983,575,1,4,17,49.331117629814656
ultrafast,45.0,expected,6.641805732146641,0.5274263818172275,983,601,1,4,18,50.77706303205702
ultrafast,45.0,expected,6.641805732146641,0.5274263818172275,983,600,1,4,19,45.067238826792
ultrafast,45.0,expected,6.641805732146641,0.5274263818172275,983,707,1,4,20,46.48082333375076
ultrafast,45.0,expected,6.641805732146641,0.5274263818172275,983,686,1,4,21,47.736377608920584
ultrafast,45.0,expected,6.641805732146641,0.5274263818172275,983,689,1,4,22,45.72403694677735
ultrafast,45.0,expected,6.641805732146641,0.5274263818172275,983,674,1,4,23,43.23310251788995
ultrafast,45.0,expected,6.641805732146641,0.5274263818172275,983,674,1,4,24,44.78018470125966
ultrafast,45.0,expected,6.641805732146641,0.5274263818172275,983,653,1,4,25,44.803399343520695
ultrafast,45.0,expected,6.641805732146641,0.5274263818172275,983,690,1,4,26,44.262376856223625
ultrafast,45.0,expected,6.641805732146641,0.5274263818172275,983,695,1,4,27,40.856617365271376
ultrafast,45.0,expected,6.641805732146641,0.5274263818172275,983,731,1,4,28,41.429495684927964
ultrafast,45.0,p95,10.61386912049791,0.5274263818172275,615,555,1,0,0,44.38059370722509
ultrafast,45.0,p95,10.61386912049791,0.5274263818172275,615,588,1,0,1,49.13608242852728
ultrafast,45.0,p95,10.61386912049791,0.5274263818172275,615,650,0,0,2,40.807527700394076
ultrafast,45.0,p95,10.61386912049791,0.5274263818172275,615,681,0,0,3,46.17083360762365
ultrafast,45.0,p95,10.61386912049791,0.5274263818172275,615,628,0,0,4,49.141972193908
ultrafast,45.0,p95,10.61386912049791,0.5274263818172275,615,592,1,0,5,46.66543701769236
ultrafast,45.0,p95,10.61386912049791,0.5274263818172275,615,539,1,0,6,43.61684777476274
ultrafast,45.0,p95,10.61386912049791,0.5274263818172275,615,593,1,0,7,45.65500625967405
ultrafast,45.0,p95,10.61386912049791,0.5274263818172275,615,609,1,0,8,45.957662519212825
ultrafast,45.0,p95,10.61386912049791,0.5274263818172275,615,576,1,0,9,50.39909863315171
ultrafast,45.0,p95,10.61386912049791,0.5274263818172275,615,559,1,0,10,50.3871980719326
ultrafast,45.0,p95,10.61386912049791,0.5274263818172275,615,669,0,0,11,48.0335403524835
ultrafast,45.0,p95,10.61386912049791,0.5274263818172275,615,659,0,0,12,49.68038628464558
ultrafast,45.0,p95,10.61386912049791,0.5274263818172275,615,669,0,0,13,48.470998289572435
ultrafast,45.0,p95,10.61386912049791,0.5274263818172275,615,618,0,0,14,49.098072716075265
ultrafast,45.0,p95,10.61386912049791,0.5274263818172275,615,577,1,0,15,46.18159544344836
ultrafast,45.0,p95,10.61386912049791,0.5274263818172275,615,591,1,0,16,48.80035718577082
ultrafast,45.0,p95,10.61386912049791,0.5274263818172275,615,575,1,0,17,43.45362155191991
ultrafast,45.0,p95,10.61386912049791,0.5274263818172275,615,601,1,0,18,47.80884355651963
ultrafast,45.0,p95,10.61386912049791,0.5274263818172275,615,600,1,0,19,44.05704010493935
ultrafast,45.0,p95,10.61386912049791,0.5274263818172275,615,707,0,0,20,44.84346677604553
ultrafast,45.0,p95,10.61386912049791,0.5274263818172275,615,686,0,0,21,46.27089660393836
ultrafast,45.0,p95,10.61386912049791,0.5274263818172275,615,689,0,0,22,47.06135812375656
ultrafast,45.0,p95,10.61386912049791,0.5274263818172275,615,674,0,0,23,42.53303431667553
ultrafast,45.0,p95,10.61386912049791,0.5274263818172275,615,674,0,0,24,46.303007144373765
ultrafast,45.0,p95,10.61386912049791,0.5274263818172275,615,653,0,0,25,46.849787279094485
ultrafast,45.0,p95,10.61386912049791,0.5274263818172275,615,690,0,0,26,44.41565370178452
ultrafast,45.0,p95,10.61386912049791,0.5274263818172275,615,695,0,0,27,43.1941089829401
ultrafast,45.0,p95,10.61386912049791,0.5274263818172275,615,731,0,0,28,46.18539850437426
ultrafast,45.0,p95,10.61386912049791,0.5274263818172275,615,555,1,1,0,45.34205922916661
ultrafast,45.0,p95,10.61386912049791,0.5274263818172275,615,588,1,1,1,46.58147985568401
ultrafast,45.0,p95,10.61386912049791,0.5274263818172275,615,650,0,1,2,42.36830518296667
ultrafast,45.0,p95,10.61386912049791,0.5274263818172275,615,681,0,1,3,45.83848285789379
ultrafast,45.0,p95,10.61386912049791,0.5274263818172275,615,628,0,1,4,46.16941525379944
ultrafast,45.0,p95,10.61386912049791,0.5274263818172275,615,592,1,1,5,44.6485134848005
ultrafast,45.0,p95,10.61386912049791,0.5274263818172275,615,539,1,1,6,47.79383308913645
ultrafast,45.0,p95,10.61386912049791,0.5274263818172275,615,593,1,1,7,45.59947500342954
ultrafast,45.0,p95,10.61386912049791,0.5274263818172275,615,609,1,1,8,47.15896258559559
ultrafast,45.0,p95,10.61386912049791,0.5274263818172275,615,576,1,1,9,43.379586166207986
ultrafast,45.0,p95,10.61386912049791,0.5274263818172275,615,559,1,1,10,51.11658277655095
ultrafast,45.0,p95,10.61386912049791,0.5274263818172275,615,669,0,1,11,48.64758526424487
ultrafast,45.0,p95,10.61386912049791,0.5274263818172275,615,659,0,1,12,48.95056895089126
ultrafast,45.0,p95,10.61386912049791,0.5274263818172275,615,669,0,1,13,49.90336285385225
ultrafast,45.0,p95,10.61386912049791,0.5274263818172275,615,618,0,1,14,48.23384704342827
ultrafast,45.0,p95,10.61386912049791,0.5274263818172275,615,577,1,1,15,46.67872522734623
ultrafast,45.0,p95,10.61386912049791,0.5274263818172275,615,591,1,1,16,48.75605093249743
ultrafast,45.0,p95,10.61386912049791,0.5274263818172275,615,575,1,1,17,45.525180501810844
ultrafast,45.0,p95,10.61386912049791,0.5274263818172275,615,601,1,1,18,45.97726494326341
ultrafast,45.0,p95,10.61386912049791,0.5274263818172275,615,600,1,1,19,48.69527922158768
ultrafast,45.0,p95,10.61386912049791,0.5274263818172275,615,707,0,1,20,46.906517897774116
ultrafast,45.0,p95,10.61386912049791,0.5274263818172275,615,686,0,1,21,46.89693056981666
ultrafast,45.0,p95,10.61386912049791,0.5274263818172275,615,689,0,1,22,48.120918833241866
ultrafast,45.0,p95,10.61386912049791,0.5274263818172275,615,674,0,1,23,46.36175904192508
ultrafast,45.0,p95,10.61386912049791,0.5274263818172275,615,674,0,1,24,50.75043477703627
ultrafast,45.0,p95,10.61386912049791,0.5274263818172275,615,653,0,1,25,43.98322254692248
ultrafast,45.0,p95,10.61386912049791,0.5274263818172275,615,690,0,1,26,42.201867191031965
ultrafast,45.0,p95,10.61386912049791,0.5274263818172275,615,695,0,1,27,45.78843315192011
ultrafast,45.0,p95,10.61386912049791,0.5274263818172275,615,731,0,1,28,42.22368942710339
ultrafast,45.0,p95,10.61386912049791,0.5274263818172275,615,555,1,2,0,44.439246300394515
ultrafast,45.0,p95,10.61386912049791,0.5274263818172275,615,588,1,2,1,47.94644795775514
ultrafast,45.0,p95,10.61386912049791,0.5274263818172275,615,650,0,2,2,43.34135103123081
ultrafast,45.0,p95,10.61386912049791,0.5274263818172275,615,681,0,2,3,47.543591405437915
ultrafast,45.0,p95,10.61386912049791,0.5274263818172275,615,628,0,2,4,46.30196669916554
ultrafast,45.0,p95,10.61386912049791,0.5274263818172275,615,592,1,2,5,49.277847891272096
ultrafast,45.0,p95,10.61386912049791,0.5274263818172275,615,539,1,2,6,42.11494009391675
ultrafast,45.0,p95,10.61386912049791,0.5274263818172275,615,593,1,2,7,46.34446155061732
ultrafast,45.0,p95,10.61386912049791,0.5274263818172275,615,609,1,2,8,49.335694772151946
ultrafast,45.0,p95,10.61386912049791,0.5274263818172275,615,576,1,2,9,46.01510511699662
ultrafast,45.0,p95,10.61386912049791,0.5274263818172275,615,559,1,2,10,49.143594632965666
ultrafast,45.0,p95,10.61386912049791,0.5274263818172275,615,669,0,2,11,48.69884207301037
ultrafast,45.0,p95,10.61386912049791,0.5274263818172275,615,659,0,2,12,48.27377495243585
ultrafast,45.0,p95,10.61386912049791,0.5274263818172275,615,669,0,2,13,49.350986847173594
ultrafast,45.0,p95,10.61386912049791,0.5274263818172275,615,618,0,2,14,50.1794124984269
ultrafast,45.0,p95,10.61386912049791,0.5274263818172275,615,577,1,2,15,48.681591899238896
ultrafast,45.0,p95,10.61386912049791,0.5274263818172275,615,591,1,2,16,49.62764064372048
ultrafast,45.0,p95,10.61386912049791,0.5274263818172275,615,575,1,2,17,43.69219415069299
ultrafast,45.0,p95,10.61386912049791,0.5274263818172275,615,601,1,2,18,50.653558648192735
ultrafast,45.0,p95,10.61386912049791,0.5274263818172275,615,600,1,2,19,45.01284288819751
ultrafast,45.0,p95,10.61386912049791,0.5274263818172275,615,707,0,2,20,45.02996914386553
ultrafast,45.0,p95,10.61386912049791,0.5274263818172275,615,686,0,2,21,46.20586627133189
ultrafast,45.0,p95,10.61386912049791,0.5274263818172275,615,689,0,2,22,43.74967591777701
ultrafast,45.0,p95,10.61386912049791,0.5274263818172275,615,674,0,2,23,46.24703795740923
ultrafast,45.0,p95,10.61386912049791,0.5274263818172275,615,674,0,2,24,45.669517213320674
ultrafast,45.0,p95,10.61386912049791,0.5274263818172275,615,653,0,2,25,46.557139685371496
ultrafast,45.0,p95,10.61386912049791,0.5274263818172275,615,690,0,2,26,43.02761826878367
ultrafast,45.0,p95,10.61386912049791,0.5274263818172275,615,695,0,2,27,47.76676307541722
ultrafast,45.0,p95,10.61386912049791,0.5274263818172275,615,731,0,2,28,42.15877637705504
ultrafast,45.0,p95,10.61386912049791,0.5274263818172275,615,555,1,3,0,47.74001735832299
ultrafast,45.0,p95,10.61386912049791,0.5274263818172275,615,588,1,3,1,45.86695496895437
ultrafast,45.0,p95,10.61386912049791,0.5274263818172275,615,650,0,3,2,37.699782245625656
ultrafast,45.0,p95,10.61386912049791,0.5274263818172275,615,681,0,3,3,45.81351153358399
ultrafast,45.0,p95,10.61386912049791,0.5274263818172275,615,628,0,3,4,46.2182320055371
ultrafast,45.0,p95,10.61386912049791,0.5274263818172275,615,592,1,3,5,47.86618386616291
ultrafast,45.0,p95,10.61386912049791,0.5274263818172275,615,539,1,3,6,44.964757849226196
ultrafast,45.0,p95,10.61386912049791,0.5274263818172275,615,593,1,3,7,47.57329361015514
ultrafast,45.0,p95,10.61386912049791,0.5274263818172275,615,609,1,3,8,51.08906612855343
ultrafast,45.0,p95,10.61386912049791,0.5274263818172275,615,576,1,3,9,46.33292084931711
ultrafast,45.0,p95,10.61386912049791,0.5274263818172275,615,559,1,3,10,51.460130467471984
ultrafast,45.0,p95,10.61386912049791,0.5274263818172275,615,669,0,3,11,46.5841794236475
ultrafast,45.0,p95,10.61386912049791,0.5274263818172275,615,659,0,3,12,47.78868272521889
ultrafast,45.0,p95,10.61386912049791,0.5274263818172275,615,669,0,3,13,48.967780663243005
ultrafast,45.0,p95,10.61386912049791,0.5274263818172275,615,618,0,3,14,50.16844061153509
ultrafast,45.0,p95,10.61386912049791,0.5274263818172275,615,577,1,3,15,51.10152893177659
ultrafast,45.0,p95,10.61386912049791,0.5274263818172275,615,591,1,3,16,49.570810416815895
ultrafast,45.0,p95,10.61386912049791,0.5274263818172275,615,575,1,3,17,44.36895764723363
ultrafast,45.0,p95,10.61386912049791,0.5274263818172275,615,601,1,3,18,49.51353607553321
ultrafast,45.0,p95,10.61386912049791,0.5274263818172275,615,600,1,3,19,43.122359192179275
ultrafast,45.0,p95,10.61386912049791,0.5274263818172275,615,707,0,3,20,46.89570543411851
ultrafast,45.0,p95,10.61386912049791,0.5274263818172275,615,686,0,3,21,42.50829047301657
ultrafast,45.0,p95,10.61386912049791,0.5274263818172275,615,689,0,3,22,44.60372656799974
ultrafast,45.0,p95,10.61386912049791,0.5274263818172275,615,674,0,3,23,44.75565558891651
ultrafast,45.0,p95,10.61386912049791,0.5274263818172275,615,674,0,3,24,45.495936391816926
ultrafast,45.0,p95,10.61386912049791,0.5274263818172275,615,653,0,3,25,46.16194926155753
ultrafast,45.0,p95,10.61386912049791,0.5274263818172275,615,690,0,3,26,44.07134971134269
ultrafast,45.0,p95,10.61386912049791,0.5274263818172275,615,695,0,3,27,43.48076074540222
ultrafast,45.0,p95,10.61386912049791,0.5274263818172275,615,731,0,3,28,44.63495031413729
ultrafast,45.0,p95,10.61386912049791,0.5274263818172275,615,555,1,4,0,40.638719532106066
ultrafast,45.0,p95,10.61386912049791,0.5274263818172275,615,588,1,4,1,50.01820475297048
ultrafast,45.0,p95,10.61386912049791,0.5274263818172275,615,650,0,4,2,44.396483452341286
ultrafast,45.0,p95,10.61386912049791,0.5274263818172275,615,681,0,4,3,48.022787635601965
ultrafast,45.0,p95,10.61386912049791,0.5274263818172275,615,628,0,4,4,50.02721171751686
ultrafast,45.0,p95,10.61386912049791,0.5274263818172275,615,592,1,4,5,47.63870447267793
ultrafast,45.0,p95,10.61386912049791,0.5274263818172275,615,539,1,4,6,46.92916588816668
ultrafast,45.0,p95,10.61386912049791,0.5274263818172275,615,593,1,4,7,46.8900678182619
ultrafast,45.0,p95,10.61386912049791,0.5274263818172275,615,609,1,4,8,47.97557447251175
ultrafast,45.0,p95,10.61386912049791,0.5274263818172275,615,576,1,4,9,47.810315626581456
ultrafast,45.0,p95,10.61386912049791,0.5274263818172275,615,559,1,4,10,49.44261258637071
ultrafast,45.0,p95,10.61386912049791,0.5274263818172275,615,669,0,4,11,47.75362491682402
ultrafast,45.0,p95,10.61386912049791,0.5274263818172275,615,659,0,4,12,46.33700054101616
ultrafast,45.0,p95,10.61386912049791,0.5274263818172275,615,669,0,4,13,50.41190104789486
ultrafast,45.0,p95,10.61386912049791,0.5274263818172275,615,618,0,4,14,46.98043659976916
ultrafast,45.0,p95,10.61386912049791,0.5274263818172275,615,577,1,4,15,50.24109405588468
ultrafast,45.0,p95,10.61386912049791,0.5274263818172275,615,591,1,4,16,46.870954480726
ultrafast,45.0,p95,10.61386912049791,0.5274263818172275,615,575,1,4,17,44.68815966842414
ultrafast,45.0,p95,10.61386912049791,0.5274263818172275,615,601,1,4,18,46.010370170813985
ultrafast,45.0,p95,10.61386912049791,0.5274263818172275,615,600,1,4,19,44.78732056443839
ultrafast,45.0,p95,10.61386912049791,0.5274263818172275,615,707,0,4,20,46.03269586817305
ultrafast,45.0,p95,10.61386912049791,0.5274263818172275,615,686,0,4,21,44.75614796730823
ultrafast,45.0,p95,10.61386912049791,0.5274263818172275,615,689,0,4,22,43.6521268412266
ultrafast,45.0,p95,10.61386912049791,0.5274263818172275,615,674,0,4,23,47.56174156692381
ultrafast,45.0,p95,10.61386912049791,0.5274263818172275,615,674,0,4,24,47.246387295998325
ultrafast,45.0,p95,10.61386912049791,0.5274263818172275,615,653,0,4,25,44.353168111376775
ultrafast,45.0,p95,10.61386912049791,0.5274263818172275,615,690,0,4,26,41.21302435959287
ultrafast,45.0,p95,10.61386912049791,0.5274263818172275,615,695,0,4,27,43.227405651966066
ultrafast,45.0,p95,10.61386912049791,0.5274263818172275,615,731,0,4,28,45.700153850351334
ultrafast,45.0,p95_sequence,28.63027403218791,0.5274263818172275,228,555,0,0,0,42.35303372220643
ultrafast,45.0,p95_sequence,28.63027403218791,0.5274263818172275,228,588,0,0,1,57.1024759442719
ultrafast,45.0,p95_sequence,28.63027403218791,0.5274263818172275,228,650,0,0,2,52.9349130123287
ultrafast,45.0,p95_sequence,28.63027403218791,0.5274263818172275,228,681,0,0,3,47.18290093510401
ultrafast,45.0,p95_sequence,28.63027403218791,0.5274263818172275,228,628,0,0,4,47.355702286645396
ultrafast,45.0,p95_sequence,28.63027403218791,0.5274263818172275,228,592,0,0,5,51.55427649886802
ultrafast,45.0,p95_sequence,28.63027403218791,0.5274263818172275,228,539,0,0,6,54.07581009940267
ultrafast,45.0,p95_sequence,28.63027403218791,0.5274263818172275,228,593,0,0,7,52.27505703110617
ultrafast,45.0,p95_sequence,28.63027403218791,0.5274263818172275,228,609,0,0,8,58.208870049770056
ultrafast,45.0,p95_sequence,28.63027403218791,0.5274263818172275,228,576,0,0,9,46.93235060401988
ultrafast,45.0,p95_sequence,28.63027403218791,0.5274263818172275,228,559,0,0,10,56.20413402615561
ultrafast,45.0,p95_sequence,28.63027403218791,0.5274263818172275,228,669,0,0,11,50.1406551729141
ultrafast,45.0,p95_sequence,28.63027403218791,0.5274263818172275,228,659,0,0,12,53.11240572387543
ultrafast,45.0,p95_sequence,28.63027403218791,0.5274263818172275,228,669,0,0,13,53.18024755997278
ultrafast,45.0,p95_sequence,28.63027403218791,0.5274263818172275,228,618,0,0,14,51.95445789258638
ultrafast,45.0,p95_sequence,28.63027403218791,0.5274263818172275,228,577,0,0,15,49.60682878112344
ultrafast,45.0,p95_sequence,28.63027403218791,0.5274263818172275,228,591,0,0,16,48.14307315560936
ultrafast,45.0,p95_sequence,28.63027403218791,0.5274263818172275,228,575,0,0,17,46.048288991137596
ultrafast,45.0,p95_sequence,28.63027403218791,0.5274263818172275,228,601,0,0,18,54.68012013538928
ultrafast,45.0,p95_sequence,28.63027403218791,0.5274263818172275,228,600,0,0,19,49.02014434084326
ultrafast,45.0,p95_sequence,28.63027403218791,0.5274263818172275,228,707,0,0,20,48.19693540496799
ultrafast,45.0,p95_sequence,28.63027403218791,0.5274263818172275,228,686,0,0,21,49.61888147617091
ultrafast,45.0,p95_sequence,28.63027403218791,0.5274263818172275,228,689,0,0,22,47.6619849264024
ultrafast,45.0,p95_sequence,28.63027403218791,0.5274263818172275,228,674,0,0,23,53.1744964025426
ultrafast,45.0,p95_sequence,28.63027403218791,0.5274263818172275,228,674,0,0,24,50.701997630202456
ultrafast,45.0,p95_sequence,28.63027403218791,0.5274263818172275,228,653,0,0,25,47.62468910956279
ultrafast,45.0,p95_sequence,28.63027403218791,0.5274263818172275,228,690,0,0,26,48.319752251260056
ultrafast,45.0,p95_sequence,28.63027403218791,0.5274263818172275,228,695,0,0,27,43.34888000820282
ultrafast,45.0,p95_sequence,28.63027403218791,0.5274263818172275,228,731,0,0,28,51.73563766755451
ultrafast,45.0,p95_sequence,28.63027403218791,0.5274263818172275,228,555,0,1,0,43.187680565213135
ultrafast,45.0,p95_sequence,28.63027403218791,0.5274263818172275,228,588,0,1,1,47.13726788821053
ultrafast,45.0,p95_sequence,28.63027403218791,0.5274263818172275,228,650,0,1,2,41.29772379410282
ultrafast,45.0,p95_sequence,28.63027403218791,0.5274263818172275,228,681,0,1,3,47.209951258956046
ultrafast,45.0,p95_sequence,28.63027403218791,0.5274263818172275,228,628,0,1,4,54.256684830387925
ultrafast,45.0,p95_sequence,28.63027403218791,0.5274263818172275,228,592,0,1,5,47.16770521957567
ultrafast,45.0,p95_sequence,28.63027403218791,0.5274263818172275,228,539,0,1,6,46.36247176422551
ultrafast,45.0,p95_sequence,28.63027403218791,0.5274263818172275,228,593,0,1,7,50.85128419443962
ultrafast,45.0,p95_sequence,28.63027403218791,0.5274263818172275,228,609,0,1,8,48.846382762363305
ultrafast,45.0,p95_sequence,28.63027403218791,0.5274263818172275,228,576,0,1,9,44.12059970151488
ultrafast,45.0,p95_sequence,28.63027403218791,0.5274263818172275,228,559,0,1,10,54.425663075079555
ultrafast,45.0,p95_sequence,28.63027403218791,0.5274263818172275,228,669,0,1,11,54.35056601426161
ultrafast,45.0,p95_sequence,28.63027403218791,0.5274263818172275,228,659,0,1,12,56.93469188434082
ultrafast,45.0,p95_sequence,28.63027403218791,0.5274263818172275,228,669,0,1,13,54.756069183014155
ultrafast,45.0,p95_sequence,28.63027403218791,0.5274263818172275,228,618,0,1,14,55.56801806628855
ultrafast,45.0,p95_sequence,28.63027403218791,0.5274263818172275,228,577,0,1,15,49.809980413106885
ultrafast,45.0,p95_sequence,28.63027403218791,0.5274263818172275,228,591,0,1,16,51.347088660336404
ultrafast,45.0,p95_sequence,28.63027403218791,0.5274263818172275,228,575,0,1,17,52.44417136684256
ultrafast,45.0,p95_sequence,28.63027403218791,0.5274263818172275,228,601,0,1,18,53.2702384792327
ultrafast,45.0,p95_sequence,28.63027403218791,0.5274263818172275,228,600,0,1,19,48.83558631393662
ultrafast,45.0,p95_sequence,28.63027403218791,0.5274263818172275,228,707,0,1,20,47.58427203301656
ultrafast,45.0,p95_sequence,28.63027403218791,0.5274263818172275,228,686,0,1,21,55.669638746987566
ultrafast,45.0,p95_sequence,28.63027403218791,0.5274263818172275,228,689,0,1,22,49.52562759009592
ultrafast,45.0,p95_sequence,28.63027403218791,0.5274263818172275,228,674,0,1,23,53.9165925634635
ultrafast,45.0,p95_sequence,28.63027403218791,0.5274263818172275,228,674,0,1,24,55.25851916463613
ultrafast,45.0,p95_sequence,28.63027403218791,0.5274263818172275,228,653,0,1,25,47.718341352098086
ultrafast,45.0,p95_sequence,28.63027403218791,0.5274263818172275,228,690,0,1,26,45.27779901256484
ultrafast,45.0,p95_sequence,28.63027403218791,0.5274263818172275,228,695,0,1,27,52.51683246750906
ultrafast,45.0,p95_sequence,28.63027403218791,0.5274263818172275,228,731,0,1,28,48.21297198443177
ultrafast,45.0,p95_sequence,28.63027403218791,0.5274263818172275,228,555,0,2,0,55.929830087603136
ultrafast,45.0,p95_sequence,28.63027403218791,0.5274263818172275,228,588,0,2,1,54.13105942061354
ultrafast,45.0,p95_sequence,28.63027403218791,0.5274263818172275,228,650,0,2,2,43.30254749401507
ultrafast,45.0,p95_sequence,28.63027403218791,0.5274263818172275,228,681,0,2,3,46.84462306420731
ultrafast,45.0,p95_sequence,28.63027403218791,0.5274263818172275,228,628,0,2,4,52.8615925779401
ultrafast,45.0,p95_sequence,28.63027403218791,0.5274263818172275,228,592,0,2,5,50.304229561849134
ultrafast,45.0,p95_sequence,28.63027403218791,0.5274263818172275,228,539,0,2,6,55.20599132043977
ultrafast,45.0,p95_sequence,28.63027403218791,0.5274263818172275,228,593,0,2,7,47.91951449954227
ultrafast,45.0,p95_sequence,28.63027403218791,0.5274263818172275,228,609,0,2,8,54.06958365415116
ultrafast,45.0,p95_sequence,28.63027403218791,0.5274263818172275,228,576,0,2,9,54.986614792876
ultrafast,45.0,p95_sequence,28.63027403218791,0.5274263818172275,228,559,0,2,10,56.52259873440035
ultrafast,45.0,p95_sequence,28.63027403218791,0.5274263818172275,228,669,0,2,11,49.835532429654144
ultrafast,45.0,p95_sequence,28.63027403218791,0.5274263818172275,228,659,0,2,12,55.24527241098015
ultrafast,45.0,p95_sequence,28.63027403218791,0.5274263818172275,228,669,0,2,13,52.076852644535265
ultrafast,45.0,p95_sequence,28.63027403218791,0.5274263818172275,228,618,0,2,14,50.84599759023354
ultrafast,45.0,p95_sequence,28.63027403218791,0.5274263818172275,228,577,0,2,15,52.40433600703403
ultrafast,45.0,p95_sequence,28.63027403218791,0.5274263818172275,228,591,0,2,16,52.960368905794255
ultrafast,45.0,p95_sequence,28.63027403218791,0.5274263818172275,228,575,0,2,17,54.823156817896106
ultrafast,45.0,p95_sequence,28.63027403218791,0.5274263818172275,228,601,0,2,18,54.95722150760032
ultrafast,45.0,p95_sequence,28.63027403218791,0.5274263818172275,228,600,0,2,19,50.486348552584445
ultrafast,45.0,p95_sequence,28.63027403218791,0.5274263818172275,228,707,0,2,20,56.136487242387965
ultrafast,45.0,p95_sequence,28.63027403218791,0.5274263818172275,228,686,0,2,21,48.853106253668656
ultrafast,45.0,p95_sequence,28.63027403218791,0.5274263818172275,228,689,0,2,22,50.58977730590463
ultrafast,45.0,p95_sequence,28.63027403218791,0.5274263818172275,228,674,0,2,23,53.560637675272176
ultrafast,45.0,p95_sequence,28.63027403218791,0.5274263818172275,228,674,0,2,24,46.630300372510796
ultrafast,45.0,p95_sequence,28.63027403218791,0.5274263818172275,228,653,0,2,25,46.476840511867756
ultrafast,45.0,p95_sequence,28.63027403218791,0.5274263818172275,228,690,0,2,26,52.23177720855665
ultrafast,45.0,p95_sequence,28.63027403218791,0.5274263818172275,228,695,0,2,27,49.9136197262251
ultrafast,45.0,p95_sequence,28.63027403218791,0.5274263818172275,228,731,0,2,28,43.715520310142615
ultrafast,45.0,p95_sequence,28.63027403218791,0.5274263818172275,228,555,0,3,0,50.42052958598983
ultrafast,45.0,p95_sequence,28.63027403218791,0.5274263818172275,228,588,0,3,1,53.298166578545946
ultrafast,45.0,p95_sequence,28.63027403218791,0.5274263818172275,228,650,0,3,2,47.45363135552005
ultrafast,45.0,p95_sequence,28.63027403218791,0.5274263818172275,228,681,0,3,3,51.353472105722766
ultrafast,45.0,p95_sequence,28.63027403218791,0.5274263818172275,228,628,0,3,4,56.16881532044453
ultrafast,45.0,p95_sequence,28.63027403218791,0.5274263818172275,228,592,0,3,5,51.99358799411324
ultrafast,45.0,p95_sequence,28.63027403218791,0.5274263818172275,228,539,0,3,6,51.881708330839295
ultrafast,45.0,p95_sequence,28.63027403218791,0.5274263818172275,228,593,0,3,7,47.73860806118801
ultrafast,45.0,p95_sequence,28.63027403218791,0.5274263818172275,228,609,0,3,8,52.66882891027152
ultrafast,45.0,p95_sequence,28.63027403218791,0.5274263818172275,228,576,0,3,9,49.074744015412065
ultrafast,45.0,p95_sequence,28.63027403218791,0.5274263818172275,228,559,0,3,10,53.03671619016892
ultrafast,45.0,p95_sequence,28.63027403218791,0.5274263818172275,228,669,0,3,11,48.39303283604892
ultrafast,45.0,p95_sequence,28.63027403218791,0.5274263818172275,228,659,0,3,12,51.3045332180694
ultrafast,45.0,p95_sequence,28.63027403218791,0.5274263818172275,228,669,0,3,13,53.844945108394995
ultrafast,45.0,p95_sequence,28.63027403218791,0.5274263818172275,228,618,0,3,14,53.524444397189185
ultrafast,45.0,p95_sequence,28.63027403218791,0.5274263818172275,228,577,0,3,15,55.07049851736906
ultrafast,45.0,p95_sequence,28.63027403218791,0.5274263818172275,228,591,0,3,16,54.495398980869396
ultrafast,45.0,p95_sequence,28.63027403218791,0.5274263818172275,228,575,0,3,17,49.39695945375772
ultrafast,45.0,p95_sequence,28.63027403218791,0.5274263818172275,228,601,0,3,18,55.81748322601279
ultrafast,45.0,p95_sequence,28.63027403218791,0.5274263818172275,228,600,0,3,19,50.48509601736173
ultrafast,45.0,p95_sequence,28.63027403218791,0.5274263818172275,228,707,0,3,20,55.11027694946257
ultrafast,45.0,p95_sequence,28.63027403218791,0.5274263818172275,228,686,0,3,21,53.52296140423674
ultrafast,45.0,p95_sequence,28.63027403218791,0.5274263818172275,228,689,0,3,22,52.53687269251075
ultrafast,45.0,p95_sequence,28.63027403218791,0.5274263818172275,228,674,0,3,23,52.37236466376814
ultrafast,45.0,p95_sequence,28.63027403218791,0.5274263818172275,228,674,0,3,24,52.03633674665628
ultrafast,45.0,p95_sequence,28.63027403218791,0.5274263818172275,228,653,0,3,25,47.55858609399435
ultrafast,45.0,p95_sequence,28.63027403218791,0.5274263818172275,228,690,0,3,26,53.77241849300088
ultrafast,45.0,p95_sequence,28.63027403218791,0.5274263818172275,228,695,0,3,27,51.86072567667643
ultrafast,45.0,p95_sequence,28.63027403218791,0.5274263818172275,228,731,0,3,28,51.73092422617763
ultrafast,45.0,p95_sequence,28.63027403218791,0.5274263818172275,228,555,0,4,0,52.29848121559225
ultrafast,45.0,p95_sequence,28.63027403218791,0.5274263818172275,228,588,0,4,1,55.8897553094733
ultrafast,45.0,p95_sequence,28.63027403218791,0.5274263818172275,228,650,0,4,2,40.13040519196559
ultrafast,45.0,p95_sequence,28.63027403218791,0.5274263818172275,228,681,0,4,3,48.69186553169959
ultrafast,45.0,p95_sequence,28.63027403218791,0.5274263818172275,228,628,0,4,4,49.6798966491064
ultrafast,45.0,p95_sequence,28.63027403218791,0.5274263818172275,228,592,0,4,5,55.684491430651484
ultrafast,45.0,p95_sequence,28.63027403218791,0.5274263818172275,228,539,0,4,6,58.334992242525566
ultrafast,45.0,p95_sequence,28.63027403218791,0.5274263818172275,228,593,0,4,7,53.243740018232316
ultrafast,45.0,p95_sequence,28.63027403218791,0.5274263818172275,228,609,0,4,8,54.61118762782978
ultrafast,45.0,p95_sequence,28.63027403218791,0.5274263818172275,228,576,0,4,9,48.134017795550776
ultrafast,45.0,p95_sequence,28.63027403218791,0.5274263818172275,228,559,0,4,10,53.69459980428245
ultrafast,45.0,p95_sequence,28.63027403218791,0.5274263818172275,228,669,0,4,11,48.95398512838766
ultrafast,45.0,p95_sequence,28.63027403218791,0.5274263818172275,228,659,0,4,12,51.26397692931342
ultrafast,45.0,p95_sequence,28.63027403218791,0.5274263818172275,228,669,0,4,13,50.712076591211385
ultrafast,45.0,p95_sequence,28.63027403218791,0.5274263818172275,228,618,0,4,14,57.27418891295215
ultrafast,45.0,p95_sequence,28.63027403218791,0.5274263818172275,228,577,0,4,15,53.80077811009744
ultrafast,45.0,p95_sequence,28.63027403218791,0.5274263818172275,228,591,0,4,16,51.29413669664237
ultrafast,45.0,p95_sequence,28.63027403218791,0.5274263818172275,228,575,0,4,17,48.56286386789604
ultrafast,45.0,p95_sequence,28.63027403218791,0.5274263818172275,228,601,0,4,18,51.31031983557329
ultrafast,45.0,p95_sequence,28.63027403218791,0.5274263818172275,228,600,0,4,19,44.584239917197465
ultrafast,45.0,p95_sequence,28.63027403218791,0.5274263818172275,228,707,0,4,20,48.64806782439325
ultrafast,45.0,p95_sequence,28.63027403218791,0.5274263818172275,228,686,0,4,21,53.64948506826367
ultrafast,45.0,p95_sequence,28.63027403218791,0.5274263818172275,228,689,0,4,22,50.0979259041585
ultrafast,45.0,p95_sequence,28.63027403218791,0.5274263818172275,228,674,0,4,23,43.699445997381346
ultrafast,45.0,p95_sequence,28.63027403218791,0.5274263818172275,228,674,0,4,24,47.48157880308811
ultrafast,45.0,p95_sequence,28.63027403218791,0.5274263818172275,228,653,0,4,25,51.32710004482845
ultrafast,45.0,p95_sequence,28.63027403218791,0.5274263818172275,228,690,0,4,26,46.767167942275776
ultrafast,45.0,p95_sequence,28.63027403218791,0.5274263818172275,228,695,0,4,27,51.82026410293042
ultrafast,45.0,p95_sequence,28.63027403218791,0.5274263818172275,228,731,0,4,28,43.597994923268004
ultrafast,50.0,expected,6.641805732146641,0.5274263818172275,311,555,0,0,0,49.05275813890343
ultrafast,50.0,expected,6.641805732146641,0.5274263818172275,311,588,0,0,1,50.19881818803209
ultrafast,50.0,expected,6.641805732146641,0.5274263818172275,311,650,0,0,2,44.51244134626654
ultrafast,50.0,expected,6.641805732146641,0.5274263818172275,311,681,0,0,3,49.89930550125826
ultrafast,50.0,expected,6.641805732146641,0.5274263818172275,311,628,0,0,4,50.688621032567305
ultrafast,50.0,expected,6.641805732146641,0.5274263818172275,311,592,0,0,5,51.74537532634059
ultrafast,50.0,expected,6.641805732146641,0.5274263818172275,311,539,0,0,6,46.243152820216736
ultrafast,50.0,expected,6.641805732146641,0.5274263818172275,311,593,0,0,7,49.48090999730528
ultrafast,50.0,expected,6.641805732146641,0.5274263818172275,311,609,0,0,8,50.37353466955749
ultrafast,50.0,expected,6.641805732146641,0.5274263818172275,311,576,0,0,9,49.03278082175986
ultrafast,50.0,expected,6.641805732146641,0.5274263818172275,311,559,0,0,10,51.556161539402424
ultrafast,50.0,expected,6.641805732146641,0.5274263818172275,311,669,0,0,11,52.592524792284784
ultrafast,50.0,expected,6.641805732146641,0.5274263818172275,311,659,0,0,12,51.59327447821742
ultrafast,50.0,expected,6.641805732146641,0.5274263818172275,311,669,0,0,13,53.10674365005156
ultrafast,50.0,expected,6.641805732146641,0.5274263818172275,311,618,0,0,14,53.02083703237259
ultrafast,50.0,expected,6.641805732146641,0.5274263818172275,311,577,0,0,15,51.470747678235746
ultrafast,50.0,expected,6.641805732146641,0.5274263818172275,311,591,0,0,16,52.9321944239338
ultrafast,50.0,expected,6.641805732146641,0.5274263818172275,311,575,0,0,17,51.32406051971782
ultrafast,50.0,expected,6.641805732146641,0.5274263818172275,311,601,0,0,18,52.469458884081384
ultrafast,50.0,expected,6.641805732146641,0.5274263818172275,311,600,0,0,19,47.121619458506636
ultrafast,50.0,expected,6.641805732146641,0.5274263818172275,311,707,0,0,20,49.059862165264995
ultrafast,50.0,expected,6.641805732146641,0.5274263818172275,311,686,0,0,21,44.42480526711641
ultrafast,50.0,expected,6.641805732146641,0.5274263818172275,311,689,0,0,22,49.67506445998224
ultrafast,50.0,expected,6.641805732146641,0.5274263818172275,311,674,0,0,23,50.99361110906883
ultrafast,50.0,expected,6.641805732146641,0.5274263818172275,311,674,0,0,24,46.95689914496273
ultrafast,50.0,expected,6.641805732146641,0.5274263818172275,311,653,0,0,25,46.21362861012236
ultrafast,50.0,expected,6.641805732146641,0.5274263818172275,311,690,0,0,26,47.40609449294386
ultrafast,50.0,expected,6.641805732146641,0.5274263818172275,311,695,0,0,27,49.071976384609435
ultrafast,50.0,expected,6.641805732146641,0.5274263818172275,311,731,0,0,28,43.65868476902161
ultrafast,50.0,expected,6.641805732146641,0.5274263818172275,311,555,0,1,0,47.884198376370435
ultrafast,50.0,expected,6.641805732146641,0.5274263818172275,311,588,0,1,1,46.729929607533975
ultrafast,50.0,expected,6.641805732146641,0.5274263818172275,311,650,0,1,2,41.19004449783159
ultrafast,50.0,expected,6.641805732146641,0.5274263818172275,311,681,0,1,3,46.27880412233643
ultrafast,50.0,expected,6.641805732146641,0.5274263818172275,311,628,0,1,4,47.07322950650797
ultrafast,50.0,expected,6.641805732146641,0.5274263818172275,311,592,0,1,5,46.53652461407898
ultrafast,50.0,expected,6.641805732146641,0.5274263818172275,311,539,0,1,6,48.57580179108907
ultrafast,50.0,expected,6.641805732146641,0.5274263818172275,311,593,0,1,7,49.23046298135549
ultrafast,50.0,expected,6.641805732146641,0.5274263818172275,311,609,0,1,8,51.41299087179376
ultrafast,50.0,expected,6.641805732146641,0.5274263818172275,311,576,0,1,9,44.81566234710567
ultrafast,50.0,expected,6.641805732146641,0.5274263818172275,311,559,0,1,10,52.952300385590824
ultrafast,50.0,expected,6.641805732146641,0.5274263818172275,311,669,0,1,11,49.324740282064624
ultrafast,50.0,expected,6.641805732146641,0.5274263818172275,311,659,0,1,12,52.694972908638476
ultrafast,50.0,expected,6.641805732146641,0.5274263818172275,311,669,0,1,13,53.11011304275943
ultrafast,50.0,expected,6.641805732146641,0.5274263818172275,311,618,0,1,14,52.415007343319076
ultrafast,50.0,expected,6.641805732146641,0.5274263818172275,311,577,0,1,15,48.20974247741844
ultrafast,50.0,expected,6.641805732146641,0.5274263818172275,311,591,0,1,16,48.6319311771011
ultrafast,50.0,expected,6.641805732146641,0.5274263818172275,311,575,0,1,17,46.89625347841944
ultrafast,50.0,expected,6.641805732146641,0.5274263818172275,311,601,0,1,18,52.81196417031998
ultrafast,50.0,expected,6.641805732146641,0.5274263818172275,311,600,0,1,19,47.11398582113488
ultrafast,50.0,expected,6.641805732146641,0.5274263818172275,311,707,0,1,20,50.299780076187986
ultrafast,50.0,expected,6.641805732146641,0.5274263818172275,311,686,0,1,21,44.990479676777746
ultrafast,50.0,expected,6.641805732146641,0.5274263818172275,311,689,0,1,22,48.79221792251588
ultrafast,50.0,expected,6.641805732146641,0.5274263818172275,311,674,0,1,23,43.88049228810747
ultrafast,50.0,expected,6.641805732146641,0.5274263818172275,311,674,0,1,24,53.74439889202869
ultrafast,50.0,expected,6.641805732146641,0.5274263818172275,311,653,0,1,25,46.38875294559753
ultrafast,50.0,expected,6.641805732146641,0.5274263818172275,311,690,0,1,26,46.42715841712998
ultrafast,50.0,expected,6.641805732146641,0.5274263818172275,311,695,0,1,27,44.975579343534264
ultrafast,50.0,expected,6.641805732146641,0.5274263818172275,311,731,0,1,28,48.91604082971764
ultrafast,50.0,expected,6.641805732146641,0.5274263818172275,311,555,0,2,0,41.34356829527491
ultrafast,50.0,expected,6.641805732146641,0.5274263818172275,311,588,0,2,1,52.27550202775794
ultrafast,50.0,expected,6.641805732146641,0.5274263818172275,311,650,0,2,2,50.6656754345203
ultrafast,50.0,expected,6.641805732146641,0.5274263818172275,311,681,0,2,3,47.47752262943094
ultrafast,50.0,expected,6.641805732146641,0.5274263818172275,311,628,0,2,4,54.17925292510138
ultrafast,50.0,expected,6.641805732146641,0.5274263818172275,311,592,0,2,5,52.2793976946559
ultrafast,50.0,expected,6.641805732146641,0.5274263818172275,311,539,0,2,6,54.82916172020187
ultrafast,50.0,expected,6.641805732146641,0.5274263818172275,311,593,0,2,7,47.62042093368941
ultrafast,50.0,expected,6.641805732146641,0.5274263818172275,311,609,0,2,8,53.376732272527896
ultrafast,50.0,expected,6.641805732146641,0.5274263818172275,311,576,0,2,9,53.37186060841273
ultrafast,50.0,expected,6.641805732146641,0.5274263818172275,311,559,0,2,10,50.70013945400852
ultrafast,50.0,expected,6.641805732146641,0.5274263818172275,311,669,0,2,11,51.58036260058425
ultrafast,50.0,expected,6.641805732146641,0.5274263818172275,311,659,0,2,12,50.80274580837674
ultrafast,50.0,expected,6.641805732146641,0.5274263818172275,311,669,0,2,13,51.01977775992002
ultrafast,50.0,expected,6.641805732146641,0.5274263818172275,311,618,0,2,14,51.80656063703793
ultrafast,50.0,expected,6.641805732146641,0.5274263818172275,311,577,0,2,15,52.350689896461446
ultrafast,50.0,expected,6.641805732146641,0.5274263818172275,311,591,0,2,16,51.04568391331923
ultrafast,50.0,expected,6.641805732146641,0.5274263818172275,311,575,0,2,17,43.05206821369839
ultrafast,50.0,expected,6.641805732146641,0.5274263818172275,311,601,0,2,18,49.41851571208113
ultrafast,50.0,expected,6.641805732146641,0.5274263818172275,311,600,0,2,19,46.15164332329495
ultrafast,50.0,expected,6.641805732146641,0.5274263818172275,311,707,0,2,20,46.83647482827653
ultrafast,50.0,expected,6.641805732146641,0.5274263818172275,311,686,0,2,21,45.53914545883336
ultrafast,50.0,expected,6.641805732146641,0.5274263818172275,311,689,0,2,22,46.415713636777184
ultrafast,50.0,expected,6.641805732146641,0.5274263818172275,311,674,0,2,23,49.73037367089866
ultrafast,50.0,expected,6.641805732146641,0.5274263818172275,311,674,0,2,24,48.66610572528248
ultrafast,50.0,expected,6.641805732146641,0.5274263818172275,311,653,0,2,25,47.22001280927239
ultrafast,50.0,expected,6.641805732146641,0.5274263818172275,311,690,0,2,26,43.314345798708665
ultrafast,50.0,expected,6.641805732146641,0.5274263818172275,311,695,0,2,27,47.50840786257825
ultrafast,50.0,expected,6.641805732146641,0.5274263818172275,311,731,0,2,28,48.91475776448799
ultrafast,50.0,expected,6.641805732146641,0.5274263818172275,311,555,0,3,0,49.65019357320075
ultrafast,50.0,expected,6.641805732146641,0.5274263818172275,311,588,0,3,1,46.68317391320579
ultrafast,50.0,expected,6.641805732146641,0.5274263818172275,311,650,0,3,2,47.61178310102349
ultrafast,50.0,expected,6.641805732146641,0.5274263818172275,311,681,0,3,3,50.84944116233784
ultrafast,50.0,expected,6.641805732146641,0.5274263818172275,311,628,0,3,4,47.946242665136424
ultrafast,50.0,expected,6.641805732146641,0.5274263818172275,311,592,0,3,5,52.92870159470561
ultrafast,50.0,expected,6.641805732146641,0.5274263818172275,311,539,0,3,6,48.09959995707251
ultrafast,50.0,expected,6.641805732146641,0.5274263818172275,311,593,0,3,7,51.02987113742319
ultrafast,50.0,expected,6.641805732146641,0.5274263818172275,311,609,0,3,8,50.4856117234113
ultrafast,50.0,expected,6.641805732146641,0.5274263818172275,311,576,0,3,9,46.5290227941241
ultrafast,50.0,expected,6.641805732146641,0.5274263818172275,311,559,0,3,10,52.62218679619089
ultrafast,50.0,expected,6.641805732146641,0.5274263818172275,311,669,0,3,11,51.048702409337814
ultrafast,50.0,expected,6.641805732146641,0.5274263818172275,311,659,0,3,12,48.788677362991834
ultrafast,50.0,expected,6.641805732146641,0.5274263818172275,311,669,0,3,13,50.42939348313493
ultrafast,50.0,expected,6.641805732146641,0.5274263818172275,311,618,0,3,14,47.61003479472275
ultrafast,50.0,expected,6.641805732146641,0.5274263818172275,311,577,0,3,15,52.03602087698023
ultrafast,50.0,expected,6.641805732146641,0.5274263818172275,311,591,0,3,16,50.035373840319075
ultrafast,50.0,expected,6.641805732146641,0.5274263818172275,311,575,0,3,17,47.596376650533756
ultrafast,50.0,expected,6.641805732146641,0.5274263818172275,311,601,0,3,18,52.50203856725932
ultrafast,50.0,expected,6.641805732146641,0.5274263818172275,311,600,0,3,19,46.01528935811573
ultrafast,50.0,expected,6.641805732146641,0.5274263818172275,311,707,0,3,20,49.94122039934602
ultrafast,50.0,expected,6.641805732146641,0.5274263818172275,311,686,0,3,21,51.265740060556794
ultrafast,50.0,expected,6.641805732146641,0.5274263818172275,311,689,0,3,22,47.11002162605453
ultrafast,50.0,expected,6.641805732146641,0.5274263818172275,311,674,0,3,23,50.098599803580925
ultrafast,50.0,expected,6.641805732146641,0.5274263818172275,311,674,0,3,24,48.847948961848516
ultrafast,50.0,expected,6.641805732146641,0.5274263818172275,311,653,0,3,25,50.180785935337575
ultrafast,50.0,expected,6.641805732146641,0.5274263818172275,311,690,0,3,26,47.3299399329676
ultrafast,50.0,expected,6.641805732146641,0.5274263818172275,311,695,0,3,27,44.30282165113439
ultrafast,50.0,expected,6.641805732146641,0.5274263818172275,311,731,0,3,28,48.39808698159564
ultrafast,50.0,expected,6.641805732146641,0.5274263818172275,311,555,0,4,0,47.21116434783819
ultrafast,50.0,expected,6.641805732146641,0.5274263818172275,311,588,0,4,1,49.58138715701974
ultrafast,50.0,expected,6.641805732146641,0.5274263818172275,311,650,0,4,2,43.089372170303896
ultrafast,50.0,expected,6.641805732146641,0.5274263818172275,311,681,0,4,3,51.21150019077226
ultrafast,50.0,expected,6.641805732146641,0.5274263818172275,311,628,0,4,4,51.499218809350474
ultrafast,50.0,expected,6.641805732146641,0.5274263818172275,311,592,0,4,5,52.19121528247011
ultrafast,50.0,expected,6.641805732146641,0.5274263818172275,311,539,0,4,6,54.15328888982816
ultrafast,50.0,expected,6.641805732146641,0.5274263818172275,311,593,0,4,7,49.8860008256186
ultrafast,50.0,expected,6.641805732146641,0.5274263818172275,311,609,0,4,8,52.475978599802396
ultrafast,50.0,expected,6.641805732146641,0.5274263818172275,311,576,0,4,9,44.6254793237904
ultrafast,50.0,expected,6.641805732146641,0.5274263818172275,311,559,0,4,10,51.99974383471729
ultrafast,50.0,expected,6.641805732146641,0.5274263818172275,311,669,0,4,11,51.23332495738984
ultrafast,50.0,expected,6.641805732146641,0.5274263818172275,311,659,0,4,12,53.26953907592674
ultrafast,50.0,expected,6.641805732146641,0.5274263818172275,311,669,0,4,13,53.20815269335291
ultrafast,50.0,expected,6.641805732146641,0.5274263818172275,311,618,0,4,14,52.94035529978153
ultrafast,50.0,expected,6.641805732146641,0.5274263818172275,311,577,0,4,15,50.61126247050368
ultrafast,50.0,expected,6.641805732146641,0.5274263818172275,311,591,0,4,16,50.45521619834301
ultrafast,50.0,expected,6.641805732146641,0.5274263818172275,311,575,0,4,17,50.95403883290211
ultrafast,50.0,expected,6.641805732146641,0.5274263818172275,311,601,0,4,18,48.870240007815596
ultrafast,50.0,expected,6.641805732146641,0.5274263818172275,311,600,0,4,19,46.57318169997154
ultrafast,50.0,expected,6.641805732146641,0.5274263818172275,311,707,0,4,20,51.57477304134876
ultrafast,50.0,expected,6.641805732146641,0.5274263818172275,311,686,0,4,21,49.90677912046267
ultrafast,50.0,expected,6.641805732146641,0.5274263818172275,311,689,0,4,22,46.43390646135923
ultrafast,50.0,expected,6.641805732146641,0.5274263818172275,311,674,0,4,23,48.91665683569759
ultrafast,50.0,expected,6.641805732146641,0.5274263818172275,311,674,0,4,24,51.00057348177968
ultrafast,50.0,expected,6.641805732146641,0.5274263818172275,311,653,0,4,25,50.665521846034466
ultrafast,50.0,expected,6.641805732146641,0.5274263818172275,311,690,0,4,26,45.74550361468634
ultrafast,50.0,expected,6.641805732146641,0.5274263818172275,311,695,0,4,27,56.41507869910356
ultrafast,50.0,expected,6.641805732146641,0.5274263818172275,311,731,0,4,28,46.691654369619826
ultrafast,50.0,p95,15.846347836655324,0.5274263818172275,130,555,0,0,0,51.410255273312245
ultrafast,50.0,p95,15.846347836655324,0.5274263818172275,130,588,0,0,1,57.33403881633626
ultrafast,50.0,p95,15.846347836655324,0.5274263818172275,130,650,0,0,2,46.07425140028296
ultrafast,50.0,p95,15.846347836655324,0.5274263818172275,130,681,0,0,3,56.406429708952714
ultrafast,50.0,p95,15.846347836655324,0.5274263818172275,130,628,0,0,4,55.028773557954544
ultrafast,50.0,p95,15.846347836655324,0.5274263818172275,130,592,0,0,5,57.77859779475561
ultrafast,50.0,p95,15.846347836655324,0.5274263818172275,130,539,0,0,6,58.57214872913594
ultrafast,50.0,p95,15.846347836655324,0.5274263818172275,130,593,0,0,7,52.494660472165684
ultrafast,50.0,p95,15.846347836655324,0.5274263818172275,130,609,0,0,8,57.45627130990094
ultrafast,50.0,p95,15.846347836655324,0.5274263818172275,130,576,0,0,9,49.34288100457559
ultrafast,50.0,p95,15.846347836655324,0.5274263818172275,130,559,0,0,10,54.03441249235427
ultrafast,50.0,p95,15.846347836655324,0.5274263818172275,130,669,0,0,11,48.88300747465089
ultrafast,50.0,p95,15.846347836655324,0.5274263818172275,130,659,0,0,12,52.96388730701028
ultrafast,50.0,p95,15.846347836655324,0.5274263818172275,130,669,0,0,13,58.41109084468154
ultrafast,50.0,p95,15.846347836655324,0.5274263818172275,130,618,0,0,14,55.695480978329826
ultrafast,50.0,p95,15.846347836655324,0.5274263818172275,130,577,0,0,15,56.29076257177759
ultrafast,50.0,p95,15.846347836655324,0.5274263818172275,130,591,0,0,16,51.33802412109915
ultrafast,50.0,p95,15.846347836655324,0.5274263818172275,130,575,0,0,17,51.1518267853993
ultrafast,50.0,p95,15.846347836655324,0.5274263818172275,130,601,0,0,18,52.77860786272725
ultrafast,50.0,p95,15.846347836655324,0.5274263818172275,130,600,0,0,19,50.17913786315827
ultrafast,50.0,p95,15.846347836655324,0.5274263818172275,130,707,0,0,20,52.250984041369364
ultrafast,50.0,p95,15.846347836655324,0.5274263818172275,130,686,0,0,21,54.90717473974672
ultrafast,50.0,p95,15.846347836655324,0.5274263818172275,130,689,0,0,22,52.09271739802287
ultrafast,50.0,p95,15.846347836655324,0.5274263818172275,130,674,0,0,23,51.67931422862261
ultrafast,50.0,p95,15.846347836655324,0.5274263818172275,130,674,0,0,24,49.374710917481
ultrafast,50.0,p95,15.846347836655324,0.5274263818172275,130,653,0,0,25,53.50121964246657
ultrafast,50.0,p95,15.846347836655324,0.5274263818172275,130,690,0,0,26,51.31566818068268
ultrafast,50.0,p95,15.846347836655324,0.5274263818172275,130,695,0,0,27,57.88901759397679
ultrafast,50.0,p95,15.846347836655324,0.5274263818172275,130,731,0,0,28,58.54049137274174
ultrafast,50.0,p95,15.846347836655324,0.5274263818172275,130,555,0,1,0,42.486909418131155
ultrafast,50.0,p95,15.846347836655324,0.5274263818172275,130,588,0,1,1,59.545044310468796
ultrafast,50.0,p95,15.846347836655324,0.5274263818172275,130,650,0,1,2,49.13208841946422
ultrafast,50.0,p95,15.846347836655324,0.5274263818172275,130,681,0,1,3,53.25515637010226
ultrafast,50.0,p95,15.846347836655324,0.5274263818172275,130,628,0,1,4,53.975596654148276
ultrafast,50.0,p95,15.846347836655324,0.5274263818172275,130,592,0,1,5,51.292184572017746
ultrafast,50.0,p95,15.846347836655324,0.5274263818172275,130,539,0,1,6,55.334582030974985
ultrafast,50.0,p95,15.846347836655324,0.5274263818172275,130,593,0,1,7,54.698740265856394
ultrafast,50.0,p95,15.846347836655324,0.5274263818172275,130,609,0,1,8,51.35311222547819
ultrafast,50.0,p95,15.846347836655324,0.5274263818172275,130,576,0,1,9,47.43147510457476
ultrafast,50.0,p95,15.846347836655324,0.5274263818172275,130,559,0,1,10,55.03276012496933
ultrafast,50.0,p95,15.846347836655324,0.5274263818172275,130,669,0,1,11,60.10872086343781
ultrafast,50.0,p95,15.846347836655324,0.5274263818172275,130,659,0,1,12,57.57600733828199
ultrafast,50.0,p95,15.846347836655324,0.5274263818172275,130,669,0,1,13,56.30846653518576
ultrafast,50.0,p95,15.846347836655324,0.5274263818172275,130,618,0,1,14,54.30292811630097
ultrafast,50.0,p95,15.846347836655324,0.5274263818172275,130,577,0,1,15,47.81620890158784
ultrafast,50.0,p95,15.846347836655324,0.5274263818172275,130,591,0,1,16,55.9992895493602
ultrafast,50.0,p95,15.846347836655324,0.5274263818172275,130,575,0,1,17,49.86429965957923
ultrafast,50.0,p95,15.846347836655324,0.5274263818172275,130,601,0,1,18,52.13839803677503
ultrafast,50.0,p95,15.846347836655324,0.5274263818172275,130,600,0,1,19,55.84954021338886
ultrafast,50.0,p95,15.846347836655324,0.5274263818172275,130,707,0,1,20,57.307376361093375
ultrafast,50.0,p95,15.846347836655324,0.5274263818172275,130,686,0,1,21,54.647917888404216
ultrafast,50.0,p95,15.846347836655324,0.5274263818172275,130,689,0,1,22,55.66356622604653
ultrafast,50.0,p95,15.846347836655324,0.5274263818172275,130,674,0,1,23,52.57377557540665
ultrafast,50.0,p95,15.846347836655324,0.5274263818172275,130,674,0,1,24,56.86755822574228
ultrafast,50.0,p95,15.846347836655324,0.5274263818172275,130,653,0,1,25,57.59641453039315
ultrafast,50.0,p95,15.846347836655324,0.5274263818172275,130,690,0,1,26,49.12324990069929
ultrafast,50.0,p95,15.846347836655324,0.5274263818172275,130,695,0,1,27,48.878272521067046
ultrafast,50.0,p95,15.846347836655324,0.5274263818172275,130,731,0,1,28,52.23210764222848
ultrafast,50.0,p95,15.846347836655324,0.5274263818172275,130,555,0,2,0,49.61176634110292
ultrafast,50.0,p95,15.846347836655324,0.5274263818172275,130,588,0,2,1,51.53200084114337
ultrafast,50.0,p95,15.846347836655324,0.5274263818172275,130,650,0,2,2,52.98387893485976
ultrafast,50.0,p95,15.846347836655324,0.5274263818172275,130,681,0,2,3,52.551548815856314
ultrafast,50.0,p95,15.846347836655324,0.5274263818172275,130,628,0,2,4,56.118930144543086
ultrafast,50.0,p95,15.846347836655324,0.5274263818172275,130,592,0,2,5,53.52340624895287
ultrafast,50.0,p95,15.846347836655324,0.5274263818172275,130,539,0,2,6,46.33232621434623
ultrafast,50.0,p95,15.846347836655324,0.5274263818172275,130,593,0,2,7,51.71818428504256
ultrafast,50.0,p95,15.846347836655324,0.5274263818172275,130,609,0,2,8,58.16849450348765
ultrafast,50.0,p95,15.846347836655324,0.5274263818172275,130,576,0,2,9,56.04171664057574
ultrafast,50.0,p95,15.846347836655324,0.5274263818172275,130,559,0,2,10,55.17833539966957
ultrafast,50.0,p95,15.846347836655324,0.5274263818172275,130,669,0,2,11,50.387270098415385
ultrafast,50.0,p95,15.846347836655324,0.5274263818172275,130,659,0,2,12,52.9507404664556
ultrafast,50.0,p95,15.846347836655324,0.5274263818172275,130,669,0,2,13,52.78110696788254
ultrafast,50.0,p95,15.846347836655324,0.5274263818172275,130,618,0,2,14,57.19991296494379
ultrafast,50.0,p95,15.846347836655324,0.5274263818172275,130,577,0,2,15,54.17029413381798
ultrafast,50.0,p95,15.846347836655324,0.5274263818172275,130,591,0,2,16,51.76491639042262
ultrafast,50.0,p95,15.846347836655324,0.5274263818172275,130,575,0,2,17,58.56125524713481
ultrafast,50.0,p95,15.846347836655324,0.5274263818172275,130,601,0,2,18,49.4211673289681
ultrafast,50.0,p95,15.846347836655324,0.5274263818172275,130,600,0,2,19,53.514074065216384
ultrafast,50.0,p95,15.846347836655324,0.5274263818172275,130,707,0,2,20,54.448539515002985
ultrafast,50.0,p95,15.846347836655324,0.5274263818172275,130,686,0,2,21,50.286318159318725
ultrafast,50.0,p95,15.846347836655324,0.5274263818172275,130,689,0,2,22,49.92603775763893
ultrafast,50.0,p95,15.846347836655324,0.5274263818172275,130,674,0,2,23,55.44996289585942
ultrafast,50.0,p95,15.846347836655324,0.5274263818172275,130,674,0,2,24,56.11946930591175
ultrafast,50.0,p95,15.846347836655324,0.5274263818172275,130,653,0,2,25,48.5435996322849
ultrafast,50.0,p95,15.846347836655324,0.5274263818172275,130,690,0,2,26,54.66524272117107
ultrafast,50.0,p95,15.846347836655324,0.5274263818172275,130,695,0,2,27,42.54059620473996
ultrafast,50.0,p95,15.846347836655324,0.5274263818172275,130,731,0,2,28,51.80037325194842
ultrafast,50.0,p95,15.846347836655324,0.5274263818172275,130,555,0,3,0,51.81445735687752
ultrafast,50.0,p95,15.846347836655324,0.5274263818172275,130,588,0,3,1,55.97470875078076
ultrafast,50.0,p95,15.846347836655324,0.5274263818172275,130,650,0,3,2,45.82422833742859
ultrafast,50.0,p95,15.846347836655324,0.5274263818172275,130,681,0,3,3,53.12727004437232
ultrafast,50.0,p95,15.846347836655324,0.5274263818172275,130,628,0,3,4,53.210911695300105
ultrafast,50.0,p95,15.846347836655324,0.5274263818172275,130,592,0,3,5,53.240821138885444
ultrafast,50.0,p95,15.846347836655324,0.5274263818172275,130,539,0,3,6,47.69038138330353
ultrafast,50.0,p95,15.846347836655324,0.5274263818172275,130,593,0,3,7,58.413376244312786
ultrafast,50.0,p95,15.846347836655324,0.5274263818172275,130,609,0,3,8,56.11273459498327
ultrafast,50.0,p95,15.846347836655324,0.5274263818172275,130,576,0,3,9,54.687287192090636
ultrafast,50.0,p95,15.846347836655324,0.5274263818172275,130,559,0,3,10,59.46567864316258
ultrafast,50.0,p95,15.846347836655324,0.5274263818172275,130,669,0,3,11,54.02674621530792
ultrafast,50.0,p95,15.846347836655324,0.5274263818172275,130,659,0,3,12,57.43578050519659
ultrafast,50.0,p95,15.846347836655324,0.5274263818172275,130,669,0,3,13,52.880606191339524
ultrafast,50.0,p95,15.846347836655324,0.5274263818172275,130,618,0,3,14,55.01328171619089
ultrafast,50.0,p95,15.846347836655324,0.5274263818172275,130,577,0,3,15,58.20538209068766
ultrafast,50.0,p95,15.846347836655324,0.5274263818172275,130,591,0,3,16,52.83911358303879
ultrafast,50.0,p95,15.846347836655324,0.5274263818172275,130,575,0,3,17,52.803538224668685
ultrafast,50.0,p95,15.846347836655324,0.5274263818172275,130,601,0,3,18,47.93730132912437
ultrafast,50.0,p95,15.846347836655324,0.5274263818172275,130,600,0,3,19,49.526690893556705
ultrafast,50.0,p95,15.846347836655324,0.5274263818172275,130,707,0,3,20,53.30041987378764
ultrafast,50.0,p95,15.846347836655324,0.5274263818172275,130,686,0,3,21,55.146111624215415
ultrafast,50.0,p95,15.846347836655324,0.5274263818172275,130,689,0,3,22,57.991932879374986
ultrafast,50.0,p95,15.846347836655324,0.5274263818172275,130,674,0,3,23,53.084973110274625
ultrafast,50.0,p95,15.846347836655324,0.5274263818172275,130,674,0,3,24,49.96304903644961
ultrafast,50.0,p95,15.846347836655324,0.5274263818172275,130,653,0,3,25,58.512336040294734
ultrafast,50.0,p95,15.846347836655324,0.5274263818172275,130,690,0,3,26,53.42227344187997
ultrafast,50.0,p95,15.846347836655324,0.5274263818172275,130,695,0,3,27,52.74253151888642
ultrafast,50.0,p95,15.846347836655324,0.5274263818172275,130,731,0,3,28,52.09495803686775
ultrafast,50.0,p95,15.846347836655324,0.5274263818172275,130,555,0,4,0,56.30565155918688
ultrafast,50.0,p95,15.846347836655324,0.5274263818172275,130,588,0,4,1,56.39837282895478
ultrafast,50.0,p95,15.846347836655324,0.5274263818172275,130,650,0,4,2,45.462783713906006
ultrafast,50.0,p95,15.846347836655324,0.5274263818172275,130,681,0,4,3,61.38408083113484
ultrafast,50.0,p95,15.846347836655324,0.5274263818172275,130,628,0,4,4,47.943903014922846
ultrafast,50.0,p95,15.846347836655324,0.5274263818172275,130,592,0,4,5,53.45543140419902
ultrafast,50.0,p95,15.846347836655324,0.5274263818172275,130,539,0,4,6,54.11981708777234
ultrafast,50.0,p95,15.846347836655324,0.5274263818172275,130,593,0,4,7,53.59396888187898
ultrafast,50.0,p95,15.846347836655324,0.5274263818172275,130,609,0,4,8,55.39188930311258
ultrafast,50.0,p95,15.846347836655324,0.5274263818172275,130,576,0,4,9,53.6126982663678
ultrafast,50.0,p95,15.846347836655324,0.5274263818172275,130,559,0,4,10,57.19334870996022
ultrafast,50.0,p95,15.846347836655324,0.5274263818172275,130,669,0,4,11,60.06637000951078
ultrafast,50.0,p95,15.846347836655324,0.5274263818172275,130,659,0,4,12,55.86298862327104
ultrafast,50.0,p95,15.846347836655324,0.5274263818172275,130,669,0,4,13,56.858599739072815
ultrafast,50.0,p95,15.846347836655324,0.5274263818172275,130,618,0,4,14,56.180009538919
ultrafast,50.0,p95,15.846347836655324,0.5274263818172275,130,577,0,4,15,47.972723239125514
ultrafast,50.0,p95,15.846347836655324,0.5274263818172275,130,591,0,4,16,56.435326913305
ultrafast,50.0,p95,15.846347836655324,0.5274263818172275,130,575,0,4,17,49.25897626343034
ultrafast,50.0,p95,15.846347836655324,0.5274263818172275,130,601,0,4,18,56.93046549012716
ultrafast,50.0,p95,15.846347836655324,0.5274263818172275,130,600,0,4,19,53.1145646475856
ultrafast,50.0,p95,15.846347836655324,0.5274263818172275,130,707,0,4,20,52.5485859257995
ultrafast,50.0,p95,15.846347836655324,0.5274263818172275,130,686,0,4,21,51.015613782517065
ultrafast,50.0,p95,15.846347836655324,0.5274263818172275,130,689,0,4,22,48.2687306756653
ultrafast,50.0,p95,15.846347836655324,0.5274263818172275,130,674,0,4,23,45.90073906085777
ultrafast,50.0,p95,15.846347836655324,0.5274263818172275,130,674,0,4,24,55.84219923884629
ultrafast,50.0,p95,15.846347836655324,0.5274263818172275,130,653,0,4,25,52.03423138263452
ultrafast,50.0,p95,15.846347836655324,0.5274263818172275,130,690,0,4,26,47.87813134125208
ultrafast,50.0,p95,15.846347836655324,0.5274263818172275,130,695,0,4,27,53.504466593818066
ultrafast,50.0,p95,15.846347836655324,0.5274263818172275,130,731,0,4,28,54.10097491258492
ultrafast,50.0,p95_sequence,28.63027403218791,0.5274263818172275,72,555,0,0,0,52.0904779145861
ultrafast,50.0,p95_sequence,28.63027403218791,0.5274263818172275,72,588,0,0,1,59.771557023302115
ultrafast,50.0,p95_sequence,28.63027403218791,0.5274263818172275,72,650,0,0,2,57.36086597090142
ultrafast,50.0,p95_sequence,28.63027403218791,0.5274263818172275,72,681,0,0,3,55.92931396129448
ultrafast,50.0,p95_sequence,28.63027403218791,0.5274263818172275,72,628,0,0,4,53.476504466872534
ultrafast,50.0,p95_sequence,28.63027403218791,0.5274263818172275,72,592,0,0,5,47.456528057746226
ultrafast,50.0,p95_sequence,28.63027403218791,0.5274263818172275,72,539,0,0,6,60.765260475234975
ultrafast,50.0,p95_sequence,28.63027403218791,0.5274263818172275,72,593,0,0,7,53.58719185347796
ultrafast,50.0,p95_sequence,28.63027403218791,0.5274263818172275,72,609,0,0,8,59.780943119065
ultrafast,50.0,p95_sequence,28.63027403218791,0.5274263818172275,72,576,0,0,9,50.5261010160589
ultrafast,50.0,p95_sequence,28.63027403218791,0.5274263818172275,72,559,0,0,10,63.324433615869154
ultrafast,50.0,p95_sequence,28.63027403218791,0.5274263818172275,72,669,0,0,11,53.13431456306048
ultrafast,50.0,p95_sequence,28.63027403218791,0.5274263818172275,72,659,0,0,12,63.00501572227385
ultrafast,50.0,p95_sequence,28.63027403218791,0.5274263818172275,72,669,0,0,13,56.558243102348044
ultrafast,50.0,p95_sequence,28.63027403218791,0.5274263818172275,72,618,0,0,14,60.82459664942636
ultrafast,50.0,p95_sequence,28.63027403218791,0.5274263818172275,72,577,0,0,15,60.1549011652874
ultrafast,50.0,p95_sequence,28.63027403218791,0.5274263818172275,72,591,0,0,16,61.577709031459385
ultrafast,50.0,p95_sequence,28.63027403218791,0.5274263818172275,72,575,0,0,17,53.58538643053821
ultrafast,50.0,p95_sequence,28.63027403218791,0.5274263818172275,72,601,0,0,18,59.27868481656502
ultrafast,50.0,p95_sequence,28.63027403218791,0.5274263818172275,72,600,0,0,19,60.30917878724975
ultrafast,50.0,p95_sequence,28.63027403218791,0.5274263818172275,72,707,0,0,20,59.888119131795676
ultrafast,50.0,p95_sequence,28.63027403218791,0.5274263818172275,72,686,0,0,21,48.63606800251703
ultrafast,50.0,p95_sequence,28.63027403218791,0.5274263818172275,72,689,0,0,22,57.13266956578279
ultrafast,50.0,p95_sequence,28.63027403218791,0.5274263818172275,72,674,0,0,23,56.78601754514198
ultrafast,50.0,p95_sequence,28.63027403218791,0.5274263818172275,72,674,0,0,24,57.50273219172291
ultrafast,50.0,p95_sequence,28.63027403218791,0.5274263818172275,72,653,0,0,25,49.39403605039422
ultrafast,50.0,p95_sequence,28.63027403218791,0.5274263818172275,72,690,0,0,26,45.579287765129415
ultrafast,50.0,p95_sequence,28.63027403218791,0.5274263818172275,72,695,0,0,27,62.03591559219328
ultrafast,50.0,p95_sequence,28.63027403218791,0.5274263818172275,72,731,0,0,28,55.35895277145498
ultrafast,50.0,p95_sequence,28.63027403218791,0.5274263818172275,72,555,0,1,0,43.04595277461583
ultrafast,50.0,p95_sequence,28.63027403218791,0.5274263818172275,72,588,0,1,1,66.91262996272299
ultrafast,50.0,p95_sequence,28.63027403218791,0.5274263818172275,72,650,0,1,2,58.159429161375975
ultrafast,50.0,p95_sequence,28.63027403218791,0.5274263818172275,72,681,0,1,3,56.038275426081405
ultrafast,50.0,p95_sequence,28.63027403218791,0.5274263818172275,72,628,0,1,4,56.49693828423436
ultrafast,50.0,p95_sequence,28.63027403218791,0.5274263818172275,72,592,0,1,5,54.42274357086875
ultrafast,50.0,p95_sequence,28.63027403218791,0.5274263818172275,72,539,0,1,6,54.118456356215674
ultrafast,50.0,p95_sequence,28.63027403218791,0.5274263818172275,72,593,0,1,7,61.604317966982094
ultrafast,50.0,p95_sequence,28.63027403218791,0.5274263818172275,72,609,0,1,8,60.47134191915173
ultrafast,50.0,p95_sequence,28.63027403218791,0.5274263818172275,72,576,0,1,9,60.62912140520167
ultrafast,50.0,p95_sequence,28.63027403218791,0.5274263818172275,72,559,0,1,10,65.27424686447272
ultrafast,50.0,p95_sequence,28.63027403218791,0.5274263818172275,72,669,0,1,11,55.45158076734154
ultrafast,50.0,p95_sequence,28.63027403218791,0.5274263818172275,72,659,0,1,12,61.306846939930054
ultrafast,50.0,p95_sequence,28.63027403218791,0.5274263818172275,72,669,0,1,13,59.53852292599186
ultrafast,50.0,p95_sequence,28.63027403218791,0.5274263818172275,72,618,0,1,14,59.71751410334508
ultrafast,50.0,p95_sequence,28.63027403218791,0.5274263818172275,72,577,0,1,15,55.59158938245493
ultrafast,50.0,p95_sequence,28.63027403218791,0.5274263818172275,72,591,0,1,16,59.589771222980794
ultrafast,50.0,p95_sequence,28.63027403218791,0.5274263818172275,72,575,0,1,17,59.33371640269509
ultrafast,50.0,p95_sequence,28.63027403218791,0.5274263818172275,72,601,0,1,18,53.9557302103001
ultrafast,50.0,p95_sequence,28.63027403218791,0.5274263818172275,72,600,0,1,19,58.999374197291985
ultrafast,50.0,p95_sequence,28.63027403218791,0.5274263818172275,72,707,0,1,20,62.39918185552629
ultrafast,50.0,p95_sequence,28.63027403218791,0.5274263818172275,72,686,0,1,21,48.82466585156131
ultrafast,50.0,p95_sequence,28.63027403218791,0.5274263818172275,72,689,0,1,22,53.95311003235093
ultrafast,50.0,p95_sequence,28.63027403218791,0.5274263818172275,72,674,0,1,23,51.81085707081757
ultrafast,50.0,p95_sequence,28.63027403218791,0.5274263818172275,72,674,0,1,24,60.59347667415642
ultrafast,50.0,p95_sequence,28.63027403218791,0.5274263818172275,72,653,0,1,25,53.96589835734068
ultrafast,50.0,p95_sequence,28.63027403218791,0.5274263818172275,72,690,0,1,26,50.70501886321929
ultrafast,50.0,p95_sequence,28.63027403218791,0.5274263818172275,72,695,0,1,27,60.04967791109672
ultrafast,50.0,p95_sequence,28.63027403218791,0.5274263818172275,72,731,0,1,28,56.17782303424398
ultrafast,50.0,p95_sequence,28.63027403218791,0.5274263818172275,72,555,0,2,0,52.46864460737158
ultrafast,50.0,p95_sequence,28.63027403218791,0.5274263818172275,72,588,0,2,1,57.35907232910537
ultrafast,50.0,p95_sequence,28.63027403218791,0.5274263818172275,72,650,0,2,2,50.23003489302511
ultrafast,50.0,p95_sequence,28.63027403218791,0.5274263818172275,72,681,0,2,3,54.01809625340942
ultrafast,50.0,p95_sequence,28.63027403218791,0.5274263818172275,72,628,0,2,4,50.99584779756404
ultrafast,50.0,p95_sequence,28.63027403218791,0.5274263818172275,72,592,0,2,5,63.81264949284884
ultrafast,50.0,p95_sequence,28.63027403218791,0.5274263818172275,72,539,0,2,6,61.45533815031925
ultrafast,50.0,p95_sequence,28.63027403218791,0.5274263818172275,72,593,0,2,7,51.404060955463464
ultrafast,50.0,p95_sequence,28.63027403218791,0.5274263818172275,72,609,0,2,8,62.622307297982466
ultrafast,50.0,p95_sequence,28.63027403218791,0.5274263818172275,72,576,0,2,9,57.85752636220793
ultrafast,50.0,p95_sequence,28.63027403218791,0.5274263818172275,72,559,0,2,10,54.38569091237908
ultrafast,50.0,p95_sequence,28.63027403218791,0.5274263818172275,72,669,0,2,11,64.94938932365785
ultrafast,50.0,p95_sequence,28.63027403218791,0.5274263818172275,72,659,0,2,12,65.95779239002275
ultrafast,50.0,p95_sequence,28.63027403218791,0.5274263818172275,72,669,0,2,13,59.73483394611697
ultrafast,50.0,p95_sequence,28.63027403218791,0.5274263818172275,72,618,0,2,14,56.76344534194583
ultrafast,50.0,p95_sequence,28.63027403218791,0.5274263818172275,72,577,0,2,15,55.929830087603136
ultrafast,50.0,p95_sequence,28.63027403218791,0.5274263818172275,72,591,0,2,16,65.08534620642597
ultrafast,50.0,p95_sequence,28.63027403218791,0.5274263818172275,72,575,0,2,17,58.950465472298006
ultrafast,50.0,p95_sequence,28.63027403218791,0.5274263818172275,72,601,0,2,18,59.146245920929104
ultrafast,50.0,p95_sequence,28.63027403218791,0.5274263818172275,72,600,0,2,19,54.20225119353133
ultrafast,50.0,p95_sequence,28.63027403218791,0.5274263818172275,72,707,0,2,20,58.13706275256756
ultrafast,50.0,p95_sequence,28.63027403218791,0.5274263818172275,72,686,0,2,21,46.09476370761607
ultrafast,50.0,p95_sequence,28.63027403218791,0.5274263818172275,72,689,0,2,22,51.267415698497786
ultrafast,50.0,p95_sequence,28.63027403218791,0.5274263818172275,72,674,0,2,23,56.83374095718604
ultrafast,50.0,p95_sequence,28.63027403218791,0.5274263818172275,72,674,0,2,24,57.98074452242952
ultrafast,50.0,p95_sequence,28.63027403218791,0.5274263818172275,72,653,0,2,25,57.80753105000488
ultrafast,50.0,p95_sequence,28.63027403218791,0.5274263818172275,72,690,0,2,26,63.97740720894926
ultrafast,50.0,p95_sequence,28.63027403218791,0.5274263818172275,72,695,0,2,27,56.02453777057345
ultrafast,50.0,p95_sequence,28.63027403218791,0.5274263818172275,72,731,0,2,28,58.12121804157372
ultrafast,50.0,p95_sequence,28.63027403218791,0.5274263818172275,72,555,0,3,0,64.54089478315296
ultrafast,50.0,p95_sequence,28.63027403218791,0.5274263818172275,72,588,0,3,1,63.6615617630942
ultrafast,50.0,p95_sequence,28.63027403218791,0.5274263818172275,72,650,0,3,2,58.622709668225816
ultrafast,50.0,p95_sequence,28.63027403218791,0.5274263818172275,72,681,0,3,3,53.208290601830406
ultrafast,50.0,p95_sequence,28.63027403218791,0.5274263818172275,72,628,0,3,4,64.32338228144434
ultrafast,50.0,p95_sequence,28.63027403218791,0.5274263818172275,72,592,0,3,5,62.05596567070699
ultrafast,50.0,p95_sequence,28.63027403218791,0.5274263818172275,72,539,0,3,6,61.446136992599904
ultrafast,50.0,p95_sequence,28.63027403218791,0.5274263818172275,72,593,0,3,7,56.98507388079168
ultrafast,50.0,p95_sequence,28.63027403218791,0.5274263818172275,72,609,0,3,8,61.2265912337194
ultrafast,50.0,p95_sequence,28.63027403218791,0.5274263818172275,72,576,0,3,9,58.32646918534999
ultrafast,50.0,p95_sequence,28.63027403218791,0.5274263818172275,72,559,0,3,10,61.31486550890638
ultrafast,50.0,p95_sequence,28.63027403218791,0.5274263818172275,72,669,0,3,11,53.56198397695768
ultrafast,50.0,p95_sequence,28.63027403218791,0.5274263818172275,72,659,0,3,12,59.9119408442247
ultrafast,50.0,p95_sequence,28.63027403218791,0.5274263818172275,72,669,0,3,13,55.22021435435064
ultrafast,50.0,p95_sequence,28.63027403218791,0.5274263818172275,72,618,0,3,14,58.817986212425666
ultrafast,50.0,p95_sequence,28.63027403218791,0.5274263818172275,72,577,0,3,15,58.30991950176612
ultrafast,50.0,p95_sequence,28.63027403218791,0.5274263818172275,72,591,0,3,16,58.30456555226657
ultrafast,50.0,p95_sequence,28.63027403218791,0.5274263818172275,72,575,0,3,17,57.53996297969018
ultrafast,50.0,p95_sequence,28.63027403218791,0.5274263818172275,72,601,0,3,18,58.7001605807832
ultrafast,50.0,p95_sequence,28.63027403218791,0.5274263818172275,72,600,0,3,19,56.727013900933
ultrafast,50.0,p95_sequence,28.63027403218791,0.5274263818172275,72,707,0,3,20,61.4969863153916
ultrafast,50.0,p95_sequence,28.63027403218791,0.5274263818172275,72,686,0,3,21,58.41612031231837
ultrafast,50.0,p95_sequence,28.63027403218791,0.5274263818172275,72,689,0,3,22,51.89259431242506
ultrafast,50.0,p95_sequence,28.63027403218791,0.5274263818172275,72,674,0,3,23,54.66312153057724
ultrafast,50.0,p95_sequence,28.63027403218791,0.5274263818172275,72,674,0,3,24,51.343137426201785
ultrafast,50.0,p95_sequence,28.63027403218791,0.5274263818172275,72,653,0,3,25,57.22974957809845
ultrafast,50.0,p95_sequence,28.63027403218791,0.5274263818172275,72,690,0,3,26,48.932446106834995
ultrafast,50.0,p95_sequence,28.63027403218791,0.5274263818172275,72,695,0,3,27,56.54900691120932
ultrafast,50.0,p95_sequence,28.63027403218791,0.5274263818172275,72,731,0,3,28,44.16561534809169
ultrafast,50.0,p95_sequence,28.63027403218791,0.5274263818172275,72,555,0,4,0,51.174647955629126
ultrafast,50.0,p95_sequence,28.63027403218791,0.5274263818172275,72,588,0,4,1,60.062358050963084
ultrafast,50.0,p95_sequence,28.63027403218791,0.5274263818172275,72,650,0,4,2,60.27886511377986
ultrafast,50.0,p95_sequence,28.63027403218791,0.5274263818172275,72,681,0,4,3,62.67321596978047
ultrafast,50.0,p95_sequence,28.63027403218791,0.5274263818172275,72,628,0,4,4,58.27567914101469
ultrafast,50.0,p95_sequence,28.63027403218791,0.5274263818172275,72,592,0,4,5,52.99988618161961
ultrafast,50.0,p95_sequence,28.63027403218791,0.5274263818172275,72,539,0,4,6,58.779515238853705
ultrafast,50.0,p95_sequence,28.63027403218791,0.5274263818172275,72,593,0,4,7,56.330769222786834
ultrafast,50.0,p95_sequence,28.63027403218791,0.5274263818172275,72,609,0,4,8,55.81120057465668
ultrafast,50.0,p95_sequence,28.63027403218791,0.5274263818172275,72,576,0,4,9,50.576290005794434
ultrafast,50.0,p95_sequence,28.63027403218791,0.5274263818172275,72,559,0,4,10,62.41523712268047
ultrafast,50.0,p95_sequence,28.63027403218791,0.5274263818172275,72,669,0,4,11,57.81031562658144
ultrafast,50.0,p95_sequence,28.63027403218791,0.5274263818172275,72,659,0,4,12,59.415865713170525
ultrafast,50.0,p95_sequence,28.63027403218791,0.5274263818172275,72,669,0,4,13,53.80631405070558
ultrafast,50.0,p95_sequence,28.63027403218791,0.5274263818172275,72,618,0,4,14,58.58687461575129
ultrafast,50.0,p95_sequence,28.63027403218791,0.5274263818172275,72,577,0,4,15,54.97106538557763
ultrafast,50.0,p95_sequence,28.63027403218791,0.5274263818172275,72,591,0,4,16,48.9043532867377
ultrafast,50.0,p95_sequence,28.63027403218791,0.5274263818172275,72,575,0,4,17,59.371175385322616
ultrafast,50.0,p95_sequence,28.63027403218791,0.5274263818172275,72,601,0,4,18,53.572919428358794
ultrafast,50.0,p95_sequence,28.63027403218791,0.5274263818172275,72,600,0,4,19,58.44503819367944
ultrafast,50.0,p95_sequence,28.63027403218791,0.5274263818172275,72,707,0,4,20,48.199633075486226
ultrafast,50.0,p95_sequence,28.63027403218791,0.5274263818172275,72,686,0,4,21,58.97017080797001
ultrafast,50.0,p95_sequence,28.63027403218791,0.5274263818172275,72,689,0,4,22,58.64242522415555
ultrafast,50.0,p95_sequence,28.63027403218791,0.5274263818172275,72,674,0,4,23,53.80647232417338
ultrafast,50.0,p95_sequence,28.63027403218791,0.5274263818172275,72,674,0,4,24,63.52147891751163
ultrafast,50.0,p95_sequence,28.63027403218791,0.5274263818172275,72,653,0,4,25,48.97557946725484
ultrafast,50.0,p95_sequence,28.63027403218791,0.5274263818172275,72,690,0,4,26,57.06209494838387
ultrafast,50.0,p95_sequence,28.63027403218791,0.5274263818172275,72,695,0,4,27,53.78767816303706
ultrafast,50.0,p95_sequence,28.63027403218791,0.5274263818172275,72,731,0,4,28,49.77393291635345
default,40.0,expected,35.16184917355372,0.48857795545402627,634,446,1,0,0,40.968276284093534
default,40.0,expected,35.16184917355372,0.48857795545402627,634,518,1,0,1,39.59518754478782
default,40.0,expected,35.16184917355372,0.48857795545402627,634,466,1,0,2,37.43175227300378
default,40.0,expected,35.16184917355372,0.48857795545402627,634,531,1,0,3,43.90228146375216
default,40.0,expected,35.16184917355372,0.48857795545402627,634,464,1,0,4,40.31574875308266
default,40.0,expected,35.16184917355372,0.48857795545402627,634,428,1,0,5,37.787772142554864
default,40.0,expected,35.16184917355372,0.48857795545402627,634,375,1,0,6,38.76030775132965
default,40.0,expected,35.16184917355372,0.48857795545402627,634,432,1,0,7,37.877367495716506
default,40.0,expected,35.16184917355372,0.48857795545402627,634,438,1,0,8,45.96052057453639
default,40.0,expected,35.16184917355372,0.48857795545402627,634,433,1,0,9,39.00960524038568
default,40.0,expected,35.16184917355372,0.48857795545402627,634,459,1,0,10,37.5747444899466
default,40.0,expected,35.16184917355372,0.48857795545402627,634,496,1,0,11,44.49565866757517
default,40.0,expected,35.16184917355372,0.48857795545402627,634,460,1,0,12,40.02358681743786
default,40.0,expected,35.16184917355372,0.48857795545402627,634,459,1,0,13,46.159418098579856
default,40.0,expected,35.16184917355372,0.48857795545402627,634,464,1,0,14,40.72746491946255
default,40.0,expected,35.16184917355372,0.48857795545402627,634,441,1,0,15,41.27621016211263
default,40.0,expected,35.16184917355372,0.48857795545402627,634,425,1,0,16,47.947146025255584
default,40.0,expected,35.16184917355372,0.48857795545402627,634,451,1,0,17,47.36671839229081
default,40.0,expected,35.16184917355372,0.48857795545402627,634,455,1,0,18,41.51077167919918
default,40.0,expected,35.16184917355372,0.48857795545402627,634,439,1,0,19,39.523401403342
default,40.0,expected,35.16184917355372,0.48857795545402627,634,495,1,0,20,44.155946934538335
default,40.0,expected,35.16184917355372,0.48857795545402627,634,528,1,0,21,40.49898988730487
default,40.0,expected,35.16184917355372,0.48857795545402627,634,431,1,0,22,41.36246980150091
default,40.0,expected,35.16184917355372,0.48857795545402627,634,451,1,0,23,43.82242418534206
default,40.0,expected,35.16184917355372,0.48857795545402627,634,468,1,0,24,42.72861666836815
default,40.0,expected,35.16184917355372,0.48857795545402627,634,482,1,0,25,43.46583808330922
default,40.0,expected,35.16184917355372,0.48857795545402627,634,517,1,0,26,43.44688502483806
default,40.0,expected,35.16184917355372,0.48857795545402627,634,522,1,0,27,39.507679380370966
default,40.0,expected,35.16184917355372,0.48857795545402627,634,507,1,0,28,44.821256995112364
default,40.0,expected,35.16184917355372,0.48857795545402627,634,446,1,1,0,40.497681983938854
default,40.0,expected,35.16184917355372,0.48857795545402627,634,518,1,1,1,41.847498987124425
default,40.0,expected,35.16184917355372,0.48857795545402627,634,466,1,1,2,39.62042663870072
default,40.0,expected,35.16184917355372,0.48857795545402627,634,531,1,1,3,42.70783377594541
default,40.0,expected,35.16184917355372,0.48857795545402627,634,464,1,1,4,32.980503957639144
default,40.0,expected,35.16184917355372,0.48857795545402627,634,428,1,1,5,39.215060810798235
default,40.0,expected,35.16184917355372,0.48857795545402627,634,375,1,1,6,43.67491574115277
default,40.0,expected,35.16184917355372,0.48857795545402627,634,432,1,1,7,43.784795170304506
default,40.0,expected,35.16184917355372,0.48857795545402627,634,438,1,1,8,42.39526878727662
default,40.0,expected,35.16184917355372,0.48857795545402627,634,433,1,1,9,39.721182616385974
default,40.0,expected,35.16184917355372,0.48857795545402627,634,459,1,1,10,40.48809533711335
default,40.0,expected,35.16184917355372,0.48857795545402627,634,496,1,1,11,41.08375276710184
default,40.0,expected,35.16184917355372,0.48857795545402627,634,460,1,1,12,41.539272510421135
default,40.0,expected,35.16184917355372,0.48857795545402627,634,459,1,1,13,44.523740616595106
default,40.0,expected,35.16184917355372,0.48857795545402627,634,464,1,1,14,39.749311808089814
default,40.0,expected,35.16184917355372,0.48857795545402627,634,441,1,1,15,45.707797854646344
default,40.0,expected,35.16184917355372,0.48857795545402627,634,425,1,1,16,42.60501337852056
default,40.0,expected,35.16184917355372,0.48857795545402627,634,451,1,1,17,43.74478898506854
default,40.0,expected,35.16184917355372,0.48857795545402627,634,455,1,1,18,40.637483317260326
default,40.0,expected,35.16184917355372,0.48857795545402627,634,439,1,1,19,39.67374418929503
default,40.0,expected,35.16184917355372,0.48857795545402627,634,495,1,1,20,45.522266010252075
default,40.0,expected,35.16184917355372,0.48857795545402627,634,528,1,1,21,41.12673313682872
default,40.0,expected,35.16184917355372,0.48857795545402627,634,431,1,1,22,43.34779753720922
default,40.0,expected,35.16184917355372,0.48857795545402627,634,451,1,1,23,40.83276128093008
default,40.0,expected,35.16184917355372,0.48857795545402627,634,468,1,1,24,43.34351303071375
default,40.0,expected,35.16184917355372,0.48857795545402627,634,482,1,1,25,40.74895498703179
default,40.0,expected,35.16184917355372,0.48857795545402627,634,517,1,1,26,40.56642336992691
default,40.0,expected,35.16184917355372,0.48857795545402627,634,522,1,1,27,41.014681598633715
default,40.0,expected,35.16184917355372,0.48857795545402627,634,507,1,1,28,40.766792994991036
default,40.0,expected,35.16184917355372,0.48857795545402627,634,446,1,2,0,44.46337281360037
default,40.0,expected,35.16184917355372,0.48857795545402627,634,518,1,2,1,40.10135039741478
default,40.0,expected,35.16184917355372,0.48857795545402627,634,466,1,2,2,39.40935128896573
default,40.0,expected,35.16184917355372,0.48857795545402627,634,531,1,2,3,42.249269637341094
default,40.0,expected,35.16184917355372,0.48857795545402627,634,464,1,2,4,38.32548786508908
default,40.0,expected,35.16184917355372,0.48857795545402627,634,428,1,2,5,42.947154777354754
default,40.0,expected,35.16184917355372,0.48857795545402627,634,375,1,2,6,42.3371047969351
default,40.0,expected,35.16184917355372,0.48857795545402627,634,432,1,2,7,36.74037707183319
default,40.0,expected,35.16184917355372,0.48857795545402627,634,438,1,2,8,43.35396838671797
default,40.0,expected,35.16184917355372,0.48857795545402627,634,433,1,2,9,41.47632518010372
default,40.0,expected,35.16184917355372,0.48857795545402627,634,459,1,2,10,36.55003681601192
default,40.0,expected,35.16184917355372,0.48857795545402627,634,496,1,2,11,37.2875110885428
default,40.0,expected,35.16184917355372,0.48857795545402627,634,460,1,2,12,41.46080365857117
default,40.0,expected,35.16184917355372,0.48857795545402627,634,459,1,2,13,41.62748610348072
default,40.0,expected,35.16184917355372,0.48857795545402627,634,464,1,2,14,39.73851092150548
default,40.0,expected,35.16184917355372,0.48857795545402627,634,441,1,2,15,41.15617508431676
default,40.0,expected,35.16184917355372,0.48857795545402627,634,425,1,2,16,41.59742201357015
default,40.0,expected,35.16184917355372,0.48857795545402627,634,451,1,2,17,39.27222793298384
default,40.0,expected,35.16184917355372,0.48857795545402627,634,455,1,2,18,44.09931528982389
default,40.0,expected,35.16184917355372,0.48857795545402627,634,439,1,2,19,40.27900561895851
default,40.0,expected,35.16184917355372,0.48857795545402627,634,495,1,2,20,45.67659613989666
default,40.0,expected,35.16184917355372,0.48857795545402627,634,528,1,2,21,40.51705999772998
default,40.0,expected,35.16184917355372,0.48857795545402627,634,431,1,2,22,48.245795717208395
default,40.0,expected,35.16184917355372,0.48857795545402627,634,451,1,2,23,44.188212953248026
default,40.0,expected,35.16184917355372,0.48857795545402627,634,468,1,2,24,41.51909199135845
default,40.0,expected,35.16184917355372,0.48857795545402627,634,482,1,2,25,41.020661036272664
default,40.0,expected,35.16184917355372,0.48857795545402627,634,517,1,2,26,41.14400908700944
default,40.0,expected,35.16184917355372,0.48857795545402627,634,522,1,2,27,38.66297636610878
default,40.0,expected,35.16184917355372,0.48857795545402627,634,507,1,2,28,42.483114928558656
default,40.0,expected,35.16184917355372,0.48857795545402627,634,446,1,3,0,40.52630924799815
default,40.0,expected,35.16184917355372,0.48857795545402627,634,518,1,3,1,44.55476860848378
default,40.0,expected,35.16184917355372,0.48857795545402627,634,466,1,3,2,41.10089220792442
default,40.0,expected,35.16184917355372,0.48857795545402627,634,531,1,3,3,43.74644336890961
default,40.0,expected,35.16184917355372,0.48857795545402627,634,464,1,3,4,32.539476451288415
default,40.0,expected,35.16184917355372,0.48857795545402627,634,428,1,3,5,41.99010702631761
default,40.0,expected,35.16184917355372,0.48857795545402627,634,375,1,3,6,42.45173058750985
default,40.0,expected,35.16184917355372,0.48857795545402627,634,432,1,3,7,38.02680110035779
default,40.0,expected,35.16184917355372,0.48857795545402627,634,438,1,3,8,39.89056609833464
default,40.0,expected,35.16184917355372,0.48857795545402627,634,433,1,3,9,43.031588816257624
default,40.0,expected,35.16184917355372,0.48857795545402627,634,459,1,3,10,39.034452642589635
default,40.0,expected,35.16184917355372,0.48857795545402627,634,496,1,3,11,43.20127661582191
default,40.0,expected,35.16184917355372,0.48857795545402627,634,460,1,3,12,41.23650305195048
default,40.0,expected,35.16184917355372,0.48857795545402627,634,459,1,3,13,41.036047163428904
default,40.0,expected,35.16184917355372,0.48857795545402627,634,464,1,3,14,45.778153101930776
default,40.0,expected,35.16184917355372,0.48857795545402627,634,441,1,3,15,42.34950148271719
default,40.0,expected,35.16184917355372,0.48857795545402627,634,425,1,3,16,40.54325407542831
default,40.0,expected,35.16184917355372,0.48857795545402627,634,451,1,3,17,44.695747905310235
default,40.0,expected,35.16184917355372,0.48857795545402627,634,455,1,3,18,42.05250834543144
default,40.0,expected,35.16184917355372,0.48857795545402627,634,439,1,3,19,40.2444800309984
default,40.0,expected,35.16184917355372,0.48857795545402627,634,495,1,3,20,44.444834509505704
default,40.0,expected,35.16184917355372,0.48857795545402627,634,528,1,3,21,40.65497563967636
default,40.0,expected,35.16184917355372,0.48857795545402627,634,431,1,3,22,42.04012897580684
default,40.0,expected,35.16184917355372,0.48857795545402627,634,451,1,3,23,37.820677987846096
default,40.0,expected,35.16184917355372,0.48857795545402627,634,468,1,3,24,40.85329639630064
default,40.0,expected,35.16184917355372,0.48857795545402627,634,482,1,3,25,42.774375161331335
default,40.0,expected,35.16184917355372,0.48857795545402627,634,517,1,3,26,41.137121274441945
default,40.0,expected,35.16184917355372,0.48857795545402627,634,522,1,3,27,42.8359226246521
default,40.0,expected,35.16184917355372,0.48857795545402627,634,507,1,3,28,39.914136435900794
default,40.0,expected,35.16184917355372,0.48857795545402627,634,446,1,4,0,40.091381044017325
default,40.0,expected,35.16184917355372,0.48857795545402627,634,518,1,4,1,40.771142007556705
default,40.0,expected,35.16184917355372,0.48857795545402627,634,466,1,4,2,37.158678316965485
default,40.0,expected,35.16184917355372,0.48857795545402627,634,531,1,4,3,40.438822127668914
default,40.0,expected,35.16184917355372,0.48857795545402627,634,464,1,4,4,35.88832358064816
default,40.0,expected,35.16184917355372,0.48857795545402627,634,428,1,4,5,42.695793981968706
default,40.0,expected,35.16184917355372,0.48857795545402627,634,375,1,4,6,39.566682323420906
default,40.0,expected,35.16184917355372,0.48857795545402627,634,432,1,4,7,36.69528513151526
default,40.0,expected,35.16184917355372,0.48857795545402627,634,438,1,4,8,41.90611254284911
default,40.0,expected,35.16184917355372,0.48857795545402627,634,433,1,4,9,37.63072888203877
default,40.0,expected,35.16184917355372,0.48857795545402627,634,459,1,4,10,37.602942374143566
default,40.0,expected,35.16184917355372,0.48857795545402627,634,496,1,4,11,40.857644652452166
default,40.0,expected,35.16184917355372,0.48857795545402627,634,460,1,4,12,43.86431006680051
default,40.0,expected,35.16184917355372,0.48857795545402627,634,459,1,4,13,41.62073509066906
default,40.0,expected,35.16184917355372,0.48857795545402627,634,464,1,4,14,40.62813915633442
default,40.0,expected,35.16184917355372,0.48857795545402627,634,441,1,4,15,43.20757352556379
default,40.0,expected,35.16184917355372,0.48857795545402627,634,425,1,4,16,41.10783328847415
default,40.0,expected,35.16184917355372,0.48857795545402627,634,451,1,4,17,40.97932351598843
default,40.0,expected,35.16184917355372,0.48857795545402627,634,455,1,4,18,47.179492746133114
default,40.0,expected,35.16184917355372,0.48857795545402627,634,439,1,4,19,44.32184932848319
default,40.0,expected,35.16184917355372,0.48857795545402627,634,495,1,4,20,41.76263206382352
default,40.0,expected,35.16184917355372,0.48857795545402627,634,528,1,4,21,43.554987761233626
default,40.0,expected,35.16184917355372,0.48857795545402627,634,431,1,4,22,40.64110901848273
default,40.0,expected,35.16184917355372,0.48857795545402627,634,451,1,4,23,42.40747731140398
default,40.0,expected,35.16184917355372,0.48857795545402627,634,468,1,4,24,41.22284411161627
default,40.0,expected,35.16184917355372,0.48857795545402627,634,482,1,4,25,43.69889010834973
default,40.0,expected,35.16184917355372,0.48857795545402627,634,517,1,4,26,39.719354148465406
default,40.0,expected,35.16184917355372,0.48857795545402627,634,522,1,4,27,42.47190263064443
default,40.0,expected,35.16184917355372,0.48857795545402627,634,507,1,4,28,40.10213949216637
default,40.0,p95,63.402135787045935,0.48857795545402627,351,446,0,0,0,43.18898470957031
default,40.0,p95,63.402135787045935,0.48857795545402627,351,518,0,0,1,42.567690541960246
default,40.0,p95,63.402135787045935,0.48857795545402627,351,466,0,0,2,38.3079913195033
default,40.0,p95,63.402135787045935,0.48857795545402627,351,531,0,0,3,42.90399581362714
default,40.0,p95,63.402135787045935,0.48857795545402627,351,464,0,0,4,37.68169613269028
default,40.0,p95,63.402135787045935,0.48857795545402627,351,428,0,0,5,43.00891296028574
default,40.0,p95,63.402135787045935,0.48857795545402627,351,375,0,0,6,44.58242284088481
default,40.0,p95,63.402135787045935,0.48857795545402627,351,432,0,0,7,40.3819793320625
default,40.0,p95,63.402135787045935,0.48857795545402627,351,438,0,0,8,46.60330434916983
default,40.0,p95,63.402135787045935,0.48857795545402627,351,433,0,0,9,44.49421203934715
default,40.0,p95,63.402135787045935,0.48857795545402627,351,459,0,0,10,40.81863437263308
default,40.0,p95,63.402135787045935,0.48857795545402627,351,496,0,0,11,39.68646235603637
default,40.0,p95,63.402135787045935,0.48857795545402627,351,460,0,0,12,41.875565227578086
default,40.0,p95,63.402135787045935,0.48857795545402627,351,459,0,0,13,49.399311068514095
default,40.0,p95,63.402135787045935,0.48857795545402627,351,464,0,0,14,41.74012018011283
default,40.0,p95,63.402135787045935,0.48857795545402627,351,441,0,0,15,45.74535520474599
default,40.0,p95,63.402135787045935,0.48857795545402627,351,425,0,0,16,46.03163893986512
default,40.0,p95,63.402135787045935,0.48857795545402627,351,451,0,0,17,47.75598213834251
default,40.0,p95,63.402135787045935,0.48857795545402627,351,455,0,0,18,41.90050629807527
default,40.0,p95,63.402135787045935,0.48857795545402627,351,439,0,0,19,43.162279953364795
default,40.0,p95,63.402135787045935,0.48857795545402627,351,495,0,0,20,44.812648222056566
default,40.0,p95,63.402135787045935,0.48857795545402627,351,528,0,0,21,43.22690701217383
default,40.0,p95,63.402135787045935,0.48857795545402627,351,431,0,0,22,45.19512571625167
default,40.0,p95,63.402135787045935,0.48857795545402627,351,451,0,0,23,43.57706111170606
default,40.0,p95,63.402135787045935,0.48857795545402627,351,468,0,0,24,45.23633164024358
default,40.0,p95,63.402135787045935,0.48857795545402627,351,482,0,0,25,43.41120455328158
default,40.0,p95,63.402135787045935,0.48857795545402627,351,517,0,0,26,48.47702545766879
default,40.0,p95,63.402135787045935,0.48857795545402627,351,522,0,0,27,43.02384960807842
default,40.0,p95,63.402135787045935,0.48857795545402627,351,507,0,0,28,43.361105004277775
default,40.0,p95,63.402135787045935,0.48857795545402627,351,446,0,1,0,42.02347837856823
default,40.0,p95,63.402135787045935,0.48857795545402627,351,518,0,1,1,41.754996701063696
default,40.0,p95,63.402135787045935,0.48857795545402627,351,466,0,1,2,41.81360702013893
default,40.0,p95,63.402135787045935,0.48857795545402627,351,531,0,1,3,42.829964850361335
default,40.0,p95,63.402135787045935,0.48857795545402627,351,464,0,1,4,39.65851068348496
default,40.0,p95,63.402135787045935,0.48857795545402627,351,428,0,1,5,41.82117586640268
default,40.0,p95,63.402135787045935,0.48857795545402627,351,375,0,1,6,39.21298822462254
default,40.0,p95,63.402135787045935,0.48857795545402627,351,432,0,1,7,40.85947510987342
default,40.0,p95,63.402135787045935,0.48857795545402627,351,438,0,1,8,40.20925184756456
default,40.0,p95,63.402135787045935,0.48857795545402627,351,433,0,1,9,40.85864809716435
default,40.0,p95,63.402135787045935,0.48857795545402627,351,459,0,1,10,38.19614817511932
default,40.0,p95,63.402135787045935,0.48857795545402627,351,496,0,1,11,44.7575072213955
default,40.0,p95,63.402135787045935,0.48857795545402627,351,460,0,1,12,40.78696254230836
default,40.0,p95,63.402135787045935,0.48857795545402627,351,459,0,1,13,45.77713141725167
default,40.0,p95,63.402135787045935,0.48857795545402627,351,464,0,1,14,47.790266802132095
default,40.0,p95,63.402135787045935,0.48857795545402627,351,441,0,1,15,42.286039511219506
default,40.0,p95,63.402135787045935,0.48857795545402627,351,425,0,1,16,42.13375444885274
default,40.0,p95,63.402135787045935,0.48857795545402627,351,451,0,1,17,40.47044610477039
default,40.0,p95,63.402135787045935,0.48857795545402627,351,455,0,1,18,46.14871101071782
default,40.0,p95,63.402135787045935,0.48857795545402627,351,439,0,1,19,41.46570357484191
default,40.0,p95,63.402135787045935,0.48857795545402627,351,495,0,1,20,46.78824978320662
default,40.0,p95,63.402135787045935,0.48857795545402627,351,528,0,1,21,43.332131951656464
default,40.0,p95,63.402135787045935,0.48857795545402627,351,431,0,1,22,41.77432345904376
default,40.0,p95,63.402135787045935,0.48857795545402627,351,451,0,1,23,40.11197135075726
default,40.0,p95,63.402135787045935,0.48857795545402627,351,468,0,1,24,42.929335269922376
default,40.0,p95,63.402135787045935,0.48857795545402627,351,482,0,1,25,43.81279214666387
default,40.0,p95,63.402135787045935,0.48857795545402627,351,517,0,1,26,42.986957713641225
default,40.0,p95,63.402135787045935,0.48857795545402627,351,522,0,1,27,39.455094881118356
default,40.0,p95,63.402135787045935,0.48857795545402627,351,507,0,1,28,43.447730162686454
default,40.0,p95,63.402135787045935,0.48857795545402627,351,446,0,2,0,37.82888660639374
default,40.0,p95,63.402135787045935,0.48857795545402627,351,518,0,2,1,40.34170791445923
default,40.0,p95,63.402135787045935,0.48857795545402627,351,466,0,2,2,44.383231938902334
default,40.0,p95,63.402135787045935,0.48857795545402627,351,531,0,2,3,46.08012508012894
default,40.0,p95,63.402135787045935,0.48857795545402627,351,464,0,2,4,40.707716508263815
default,40.0,p95,63.402135787045935,0.48857795545402627,351,428,0,2,5,40.59139256079049
default,40.0,p95,63.402135787045935,0.48857795545402627,351,375,0,2,6,42.45082695618347
default,40.0,p95,63.402135787045935,0.48857795545402627,351,432,0,2,7,37.81228579823233
default,40.0,p95,63.402135787045935,0.48857795545402627,351,438,0,2,8,39.93545253045983
default,40.0,p95,63.402135787045935,0.48857795545402627,351,433,0,2,9,40.73857150309724
default,40.0,p95,63.402135787045935,0.48857795545402627,351,459,0,2,10,39.27808779336621
default,40.0,p95,63.402135787045935,0.48857795545402627,351,496,0,2,11,43.35976242474405
default,40.0,p95,63.402135787045935,0.48857795545402627,351,460,0,2,12,42.346311351554775
default,40.0,p95,63.402135787045935,0.48857795545402627,351,459,0,2,13,41.38511390978535
default,40.0,p95,63.402135787045935,0.48857795545402627,351,464,0,2,14,42.26366951858112
default,40.0,p95,63.402135787045935,0.48857795545402627,351,441,0,2,15,45.265467771608186
default,40.0,p95,63.402135787045935,0.48857795545402627,351,425,0,2,16,42.80875535334876
default,40.0,p95,63.402135787045935,0.48857795545402627,351,451,0,2,17,42.0807017080105
default,40.0,p95,63.402135787045935,0.48857795545402627,351,455,0,2,18,42.1107178054704
default,40.0,p95,63.402135787045935,0.48857795545402627,351,439,0,2,19,44.64448039611176
default,40.0,p95,63.402135787045935,0.48857795545402627,351,495,0,2,20,48.85943482716079
default,40.0,p95,63.402135787045935,0.48857795545402627,351,528,0,2,21,45.07963444471969
default,40.0,p95,63.402135787045935,0.48857795545402627,351,431,0,2,22,46.50712532346886
default,40.0,p95,63.402135787045935,0.48857795545402627,351,451,0,2,23,40.924162473146744
default,40.0,p95,63.402135787045935,0.48857795545402627,351,468,0,2,24,42.15616702303549
default,40.0,p95,63.402135787045935,0.48857795545402627,351,482,0,2,25,41.33730694577391
default,40.0,p95,63.402135787045935,0.48857795545402627,351,517,0,2,26,41.13464809797894
default,40.0,p95,63.402135787045935,0.48857795545402627,351,522,0,2,27,39.89363799704435
default,40.0,p95,63.402135787045935,0.48857795545402627,351,507,0,2,28,39.026026260657126
default,40.0,p95,63.402135787045935,0.48857795545402627,351,446,0,3,0,39.059612797446974
default,40.0,p95,63.402135787045935,0.48857795545402627,351,518,0,3,1,46.779547396969924
default,40.0,p95,63.402135787045935,0.48857795545402627,351,466,0,3,2,41.57442274927319
default,40.0,p95,63.402135787045935,0.48857795545402627,351,531,0,3,3,44.66879321209475
default,40.0,p95,63.402135787045935,0.48857795545402627,351,464,0,3,4,43.92341624083899
default,40.0,p95,63.402135787045935,0.48857795545402627,351,428,0,3,5,41.29445621877458
default,40.0,p95,63.402135787045935,0.48857795545402627,351,375,0,3,6,38.88270183794159
default,40.0,p95,63.402135787045935,0.48857795545402627,351,432,0,3,7,37.097785960505824
default,40.0,p95,63.402135787045935,0.48857795545402627,351,438,0,3,8,41.42784786982354
default,40.0,p95,63.402135787045935,0.48857795545402627,351,433,0,3,9,42.35798595665183
default,40.0,p95,63.402135787045935,0.48857795545402627,351,459,0,3,10,36.45430109414404
default,40.0,p95,63.402135787045935,0.48857795545402627,351,496,0,3,11,43.200932409169965
default,40.0,p95,63.402135787045935,0.48857795545402627,351,460,0,3,12,40.76646286811467
default,40.0,p95,63.402135787045935,0.48857795545402627,351,459,0,3,13,45.313817119890494
default,40.0,p95,63.402135787045935,0.48857795545402627,351,464,0,3,14,41.54316198422259
default,40.0,p95,63.402135787045935,0.48857795545402627,351,441,0,3,15,41.80460367193031
default,40.0,p95,63.402135787045935,0.48857795545402627,351,425,0,3,16,44.17699425684094
default,40.0,p95,63.402135787045935,0.48857795545402627,351,451,0,3,17,41.26081390318248
default,40.0,p95,63.402135787045935,0.48857795545402627,351,455,0,3,18,43.247370504681044
default,40.0,p95,63.402135787045935,0.48857795545402627,351,439,0,3,19,42.445015772269045
default,40.0,p95,63.402135787045935,0.48857795545402627,351,495,0,3,20,41.83234295044821
default,40.0,p95,63.402135787045935,0.48857795545402627,351,528,0,3,21,45.08679126211243
default,40.0,p95,63.402135787045935,0.48857795545402627,351,431,0,3,22,43.210911695300105
default,40.0,p95,63.402135787045935,0.48857795545402627,351,451,0,3,23,44.152637488388116
default,40.0,p95,63.402135787045935,0.48857795545402627,351,468,0,3,24,41.717548267956
default,40.0,p95,63.402135787045935,0.48857795545402627,351,482,0,3,25,44.892963533522014
default,40.0,p95,63.402135787045935,0.48857795545402627,351,517,0,3,26,41.389602498355245
default,40.0,p95,63.402135787045935,0.48857795545402627,351,522,0,3,27,45.25526997109991
default,40.0,p95,63.402135787045935,0.48857795545402627,351,507,0,3,28,38.68589315531557
default,40.0,p95,63.402135787045935,0.48857795545402627,351,446,0,4,0,42.66008021937385
default,40.0,p95,63.402135787045935,0.48857795545402627,351,518,0,4,1,39.38420836551644
default,40.0,p95,63.402135787045935,0.48857795545402627,351,466,0,4,2,45.43213693372263
default,40.0,p95,63.402135787045935,0.48857795545402627,351,531,0,4,3,44.39057682760571
default,40.0,p95,63.402135787045935,0.48857795545402627,351,464,0,4,4,42.28177019777388
default,40.0,p95,63.402135787045935,0.48857795545402627,351,428,0,4,5,41.57070382217612
default,40.0,p95,63.402135787045935,0.48857795545402627,351,375,0,4,6,37.75608038367663
default,40.0,p95,63.402135787045935,0.48857795545402627,351,432,0,4,7,40.54298530389503
default,40.0,p95,63.402135787045935,0.48857795545402627,351,438,0,4,8,42.38692810769865
default,40.0,p95,63.402135787045935,0.48857795545402627,351,433,0,4,9,39.42354363055366
default,40.0,p95,63.402135787045935,0.48857795545402627,351,459,0,4,10,40.14613673384694
default,40.0,p95,63.402135787045935,0.48857795545402627,351,496,0,4,11,45.414154650637784
default,40.0,p95,63.402135787045935,0.48857795545402627,351,460,0,4,12,42.90610501324667
default,40.0,p95,63.402135787045935,0.48857795545402627,351,459,0,4,13,49.09694878632305
default,40.0,p95,63.402135787045935,0.48857795545402627,351,464,0,4,14,45.840960091804924
default,40.0,p95,63.402135787045935,0.48857795545402627,351,441,0,4,15,42.73116129994291
default,40.0,p95,63.402135787045935,0.48857795545402627,351,425,0,4,16,40.96403798379855
default,40.0,p95,63.402135787045935,0.48857795545402627,351,451,0,4,17,40.86785850084782
default,40.0,p95,63.402135787045935,0.48857795545402627,351,455,0,4,18,42.78275716541909
default,40.0,p95,63.402135787045935,0.48857795545402627,351,439,0,4,19,41.60178309820003
default,40.0,p95,63.402135787045935,0.48857795545402627,351,495,0,4,20,42.13035302115206
default,40.0,p95,63.402135787045935,0.48857795545402627,351,528,0,4,21,48.88968590992568
default,40.0,p95,63.402135787045935,0.48857795545402627,351,431,0,4,22,40.81620881950012
default,40.0,p95,63.402135787045935,0.48857795545402627,351,451,0,4,23,44.255754436965674
default,40.0,p95,63.402135787045935,0.48857795545402627,351,468,0,4,24,48.43229978108983
default,40.0,p95,63.402135787045935,0.48857795545402627,351,482,0,4,25,40.94828968857277
default,40.0,p95,63.402135787045935,0.48857795545402627,351,517,0,4,26,42.682418808323426
default,40.0,p95,63.402135787045935,0.48857795545402627,351,522,0,4,27,43.48816780280635
default,40.0,p95,63.402135787045935,0.48857795545402627,351,507,0,4,28,42.96025167482987
default,45.0,expected,35.16184917355372,0.48857795545402627,200,446,0,0,0,42.70071141459587
default,45.0,expected,35.16184917355372,0.48857795545402627,200,518,0,0,1,43.31071539460419
default,45.0,expected,35.16184917355372,0.48857795545402627,200,466,0,0,2,42.65659295925444
default,45.0,expected,35.16184917355372,0.48857795545402627,200,531,0,0,3,49.83597649029875
default,45.0,expected,35.16184917355372,0.48857795545402627,200,464,0,0,4,43.442108717018115
default,45.0,expected,35.16184917355372,0.48857795545402627,200,428,0,0,5,44.18121944010886
default,45.0,expected,35.16184917355372,0.48857795545402627,200,375,0,0,6,44.62672181181371
default,45.0,expected,35.16184917355372,0.48857795545402627,200,432,0,0,7,48.0027757587322
default,45.0,expected,35.16184917355372,0.48857795545402627,200,438,0,0,8,51.69943646706571
default,45.0,expected,35.16184917355372,0.48857795545402627,200,433,0,0,9,42.91491298120741
default,45.0,expected,35.16184917355372,0.48857795545402627,200,459,0,0,10,44.74684161828641
default,45.0,expected,35.16184917355372,0.48857795545402627,200,496,0,0,11,41.78475444368572
default,45.0,expected,35.16184917355372,0.48857795545402627,200,460,0,0,12,49.678061007327926
default,45.0,expected,35.16184917355372,0.48857795545402627,200,459,0,0,13,48.94798272544232
default,45.0,expected,35.16184917355372,0.48857795545402627,200,464,0,0,14,52.54811205091766
default,45.0,expected,35.16184917355372,0.48857795545402627,200,441,0,0,15,49.13084778613543
default,45.0,expected,35.16184917355372,0.48857795545402627,200,425,0,0,16,49.099036315994695
default,45.0,expected,35.16184917355372,0.48857795545402627,200,451,0,0,17,42.012877602853635
default,45.0,expected,35.16184917355372,0.48857795545402627,200,455,0,0,18,48.68709086926076
default,45.0,expected,35.16184917355372,0.48857795545402627,200,439,0,0,19,42.820381269909774
default,45.0,expected,35.16184917355372,0.48857795545402627,200,495,0,0,20,51.2768642773116
default,45.0,expected,35.16184917355372,0.48857795545402627,200,528,0,0,21,49.30398011845259
default,45.0,expected,35.16184917355372,0.48857795545402627,200,431,0,0,22,46.48307993426557
default,45.0,expected,35.16184917355372,0.48857795545402627,200,451,0,0,23,46.58453949286172
default,45.0,expected,35.16184917355372,0.48857795545402627,200,468,0,0,24,50.9907961760008
default,45.0,expected,35.16184917355372,0.48857795545402627,200,482,0,0,25,42.397716902481704
default,45.0,expected,35.16184917355372,0.48857795545402627,200,517,0,0,26,51.82226823070898
default,45.0,expected,35.16184917355372,0.48857795545402627,200,522,0,0,27,47.21307131523642
default,45.0,expected,35.16184917355372,0.48857795545402627,200,507,0,0,28,48.637463867423364
default,45.0,expected,35.16184917355372,0.48857795545402627,200,446,0,1,0,47.77994109984212
default,45.0,expected,35.16184917355372,0.48857795545402627,200,518,0,1,1,46.58369937779514
default,45.0,expected,35.16184917355372,0.48857795545402627,200,466,0,1,2,42.139594753652894
default,45.0,expected,35.16184917355372,0.48857795545402627,200,531,0,1,3,50.41291528069233
default,45.0,expected,35.16184917355372,0.48857795545402627,200,464,0,1,4,42.343914638981914
default,45.0,expected,35.16184917355372,0.48857795545402627,200,428,0,1,5,47.709467870932976
default,45.0,expected,35.16184917355372,0.48857795545402627,200,375,0,1,6,45.2169279789997
default,45.0,expected,35.16184917355372,0.48857795545402627,200,432,0,1,7,42.21631901639018
default,45.0,expected,35.16184917355372,0.48857795545402627,200,438,0,1,8,45.32419838931183
default,45.0,expected,35.16184917355372,0.48857795545402627,200,433,0,1,9,47.484826471827255
default,45.0,expected,35.16184917355372,0.48857795545402627,200,459,0,1,10,37.55663760777547
default,45.0,expected,35.16184917355372,0.48857795545402627,200,496,0,1,11,47.179492746133114
default,45.0,expected,35.16184917355372,0.48857795545402627,200,460,0,1,12,48.54025598915755
default,45.0,expected,35.16184917355372,0.48857795545402627,200,459,0,1,13,49.550387282008856
default,45.0,expected,35.16184917355372,0.48857795545402627,200,464,0,1,14,49.52143598548104
default,45.0,expected,35.16184917355372,0.48857795545402627,200,441,0,1,15,47.494066075723836
default,45.0,expected,35.16184917355372,0.48857795545402627,200,425,0,1,16,48.47600488720278
default,45.0,expected,35.16184917355372,0.48857795545402627,200,451,0,1,17,51.96863683732764
default,45.0,expected,35.16184917355372,0.48857795545402627,200,455,0,1,18,53.03764426898836
default,45.0,expected,35.16184917355372,0.48857795545402627,200,439,0,1,19,49.889275007166496
default,45.0,expected,35.16184917355372,0.48857795545402627,200,495,0,1,20,46.66274758490871
default,45.0,expected,35.16184917355372,0.48857795545402627,200,528,0,1,21,53.02956338346989
default,45.0,expected,35.16184917355372,0.48857795545402627,200,431,0,1,22,46.43735693662887
default,45.0,expected,35.16184917355372,0.48857795545402627,200,451,0,1,23,49.32079440492629
default,45.0,expected,35.16184917355372,0.48857795545402627,200,468,0,1,24,46.819780573157594
default,45.0,expected,35.16184917355372,0.48857795545402627,200,482,0,1,25,45.387650349063414
default,45.0,expected,35.16184917355372,0.48857795545402627,200,517,0,1,26,48.92868644941714
default,45.0,expected,35.16184917355372,0.48857795545402627,200,522,0,1,27,51.48278108093152
default,45.0,expected,35.16184917355372,0.48857795545402627,200,507,0,1,28,48.24597167850775
default,45.0,expected,35.16184917355372,0.48857795545402627,200,446,0,2,0,44.065045659190616
default,45.0,expected,35.16184917355372,0.48857795545402627,200,518,0,2,1,43.222435664540924
default,45.0,expected,35.16184917355372,0.48857795545402627,200,466,0,2,2,38.59550054588455
default,45.0,expected,35.16184917355372,0.48857795545402627,200,531,0,2,3,48.17545743663948
default,45.0,expected,35.16184917355372,0.48857795545402627,200,464,0,2,4,39.24068408472956
default,45.0,expected,35.16184917355372,0.48857795545402627,200,428,0,2,5,38.36747445807846
default,45.0,expected,35.16184917355372,0.48857795545402627,200,375,0,2,6,48.26236732066754
default,45.0,expected,35.16184917355372,0.48857795545402627,200,432,0,2,7,42.69175138922655
default,45.0,expected,35.16184917355372,0.48857795545402627,200,438,0,2,8,41.997249146112885
default,45.0,expected,35.16184917355372,0.48857795545402627,200,433,0,2,9,42.42631540925062
default,45.0,expected,35.16184917355372,0.48857795545402627,200,459,0,2,10,42.6466326426993
default,45.0,expected,35.16184917355372,0.48857795545402627,200,496,0,2,11,42.83097621051332
default,45.0,expected,35.16184917355372,0.48857795545402627,200,460,0,2,12,40.20387652182845
default,45.0,expected,35.16184917355372,0.48857795545402627,200,459,0,2,13,45.896357592054315
default,45.0,expected,35.16184917355372,0.48857795545402627,200,464,0,2,14,51.32620584600733
default,45.0,expected,35.16184917355372,0.48857795545402627,200,441,0,2,15,48.821450306713324
default,45.0,expected,35.16184917355372,0.48857795545402627,200,425,0,2,16,46.99080331683538
default,45.0,expected,35.16184917355372,0.48857795545402627,200,451,0,2,17,42.8145833150759
default,45.0,expected,35.16184917355372,0.48857795545402627,200,455,0,2,18,42.05379791252099
default,45.0,expected,35.16184917355372,0.48857795545402627,200,439,0,2,19,45.08681251651921
default,45.0,expected,35.16184917355372,0.48857795545402627,200,495,0,2,20,42.49522217183535
default,45.0,expected,35.16184917355372,0.48857795545402627,200,528,0,2,21,41.04252512450295
default,45.0,expected,35.16184917355372,0.48857795545402627,200,431,0,2,22,42.10934698050134
default,45.0,expected,35.16184917355372,0.48857795545402627,200,451,0,2,23,41.16286070240939
default,45.0,expected,35.16184917355372,0.48857795545402627,200,468,0,2,24,46.662564275126016
default,45.0,expected,35.16184917355372,0.48857795545402627,200,482,0,2,25,44.55777825933792
default,45.0,expected,35.16184917355372,0.48857795545402627,200,517,0,2,26,40.81923102769885
default,45.0,expected,35.16184917355372,0.48857795545402627,200,522,0,2,27,38.94980326767945
default,45.0,expected,35.16184917355372,0.48857795545402627,200,507,0,2,28,45.27083066371053
default,45.0,expected,35.16184917355372,0.48857795545402627,200,446,0,3,0,46.200149735853785
default,45.0,expected,35.16184917355372,0.48857795545402627,200,518,0,3,1,42.25871278685652
default,45.0,expected,35.16184917355372,0.48857795545402627,200,466,0,3,2,43.845424188921925
default,45.0,expected,35.16184917355372,0.48857795545402627,200,531,0,3,3,46.19696493330494
default,45.0,expected,35.16184917355372,0.48857795545402627,200,464,0,3,4,40.88249381515258
default,45.0,expected,35.16184917355372,0.48857795545402627,200,428,0,3,5,46.65407939502843
default,45.0,expected,35.16184917355372,0.48857795545402627,200,375,0,3,6,48.72690999551395
default,45.0,expected,35.16184917355372,0.48857795545402627,200,432,0,3,7,40.682564867333646
default,45.0,expected,35.16184917355372,0.48857795545402627,200,438,0,3,8,44.65512817155609
default,45.0,expected,35.16184917355372,0.48857795545402627,200,433,0,3,9,46.03483693613977
default,45.0,expected,35.16184917355372,0.48857795545402627,200,459,0,3,10,39.24816902074796
default,45.0,expected,35.16184917355372,0.48857795545402627,200,496,0,3,11,49.3345076423348
default,45.0,expected,35.16184917355372,0.48857795545402627,200,460,0,3,12,48.44315036716893
default,45.0,expected,35.16184917355372,0.48857795545402627,200,459,0,3,13,51.90269074964352
default,45.0,expected,35.16184917355372,0.48857795545402627,200,464,0,3,14,42.40021219659348
default,45.0,expected,35.16184917355372,0.48857795545402627,200,441,0,3,15,41.77982861157883
default,45.0,expected,35.16184917355372,0.48857795545402627,200,425,0,3,16,48.798608204696016
default,45.0,expected,35.16184917355372,0.48857795545402627,200,451,0,3,17,49.45974064714978
default,45.0,expected,35.16184917355372,0.48857795545402627,200,455,0,3,18,46.583609375104785
default,45.0,expected,35.16184917355372,0.48857795545402627,200,439,0,3,19,39.504557076742316
default,45.0,expected,35.16184917355372,0.48857795545402627,200,495,0,3,20,43.81093801245985
default,45.0,expected,35.16184917355372,0.48857795545402627,200,528,0,3,21,45.287560167068136
default,45.0,expected,35.16184917355372,0.48857795545402627,200,431,0,3,22,46.45403901750284
default,45.0,expected,35.16184917355372,0.48857795545402627,200,451,0,3,23,40.75102213506264
default,45.0,expected,35.16184917355372,0.48857795545402627,200,468,0,3,24,46.0477320758406
default,45.0,expected,35.16184917355372,0.48857795545402627,200,482,0,3,25,47.00936053943114
default,45.0,expected,35.16184917355372,0.48857795545402627,200,517,0,3,26,41.43379209784236
default,45.0,expected,35.16184917355372,0.48857795545402627,200,522,0,3,27,46.26788268539572
default,45.0,expected,35.16184917355372,0.48857795545402627,200,507,0,3,28,44.259775869446244
default,45.0,expected,35.16184917355372,0.48857795545402627,200,446,0,4,0,45.06415072844013
default,45.0,expected,35.16184917355372,0.48857795545402627,200,518,0,4,1,42.54904800359806
default,45.0,expected,35.16184917355372,0.48857795545402627,200,466,0,4,2,48.98433078636053
default,45.0,expected,35.16184917355372,0.48857795545402627,200,531,0,4,3,45.53092118629784
default,45.0,expected,35.16184917355372,0.48857795545402627,200,464,0,4,4,40.79954496301576
default,45.0,expected,35.16184917355372,0.48857795545402627,200,428,0,4,5,42.44936764109739
default,45.0,expected,35.16184917355372,0.48857795545402627,200,375,0,4,6,44.78345384984997
default,45.0,expected,35.16184917355372,0.48857795545402627,200,432,0,4,7,48.81893981782368
default,45.0,expected,35.16184917355372,0.48857795545402627,200,438,0,4,8,42.88159103974249
default,45.0,expected,35.16184917355372,0.48857795545402627,200,433,0,4,9,43.55164312915103
default,45.0,expected,35.16184917355372,0.48857795545402627,200,459,0,4,10,48.31617412968255
default,45.0,expected,35.16184917355372,0.48857795545402627,200,496,0,4,11,44.30063969018806
default,45.0,expected,35.16184917355372,0.48857795545402627,200,460,0,4,12,49.369408697993656
default,45.0,expected,35.16184917355372,0.48857795545402627,200,459,0,4,13,48.89009408622683
default,45.0,expected,35.16184917355372,0.48857795545402627,200,464,0,4,14,50.33557543528458
default,45.0,expected,35.16184917355372,0.48857795545402627,200,441,0,4,15,48.08164554731349
default,45.0,expected,35.16184917355372,0.48857795545402627,200,425,0,4,16,46.57926146731101
default,45.0,expected,35.16184917355372,0.48857795545402627,200,451,0,4,17,49.5568075366885
default,45.0,expected,35.16184917355372,0.48857795545402627,200,455,0,4,18,54.556668207825155
default,45.0,expected,35.16184917355372,0.48857795545402627,200,439,0,4,19,50.91824108739365
default,45.0,expected,35.16184917355372,0.48857795545402627,200,495,0,4,20,46.76000711851177
default,45.0,expected,35.16184917355372,0.48857795545402627,200,528,0,4,21,48.00772844647363
default,45.0,expected,35.16184917355372,0.48857795545402627,200,431,0,4,22,47.31642324216618
default,45.0,expected,35.16184917355372,0.48857795545402627,200,451,0,4,23,49.532543720615564
default,45.0,expected,35.16184917355372,0.48857795545402627,200,468,0,4,24,51.50629595415272
default,45.0,expected,35.16184917355372,0.48857795545402627,200,482,0,4,25,42.5178087577586
default,45.0,expected,35.16184917355372,0.48857795545402627,200,517,0,4,26,53.68473892558555
default,45.0,expected,35.16184917355372,0.48857795545402627,200,522,0,4,27,45.79691002317475
default,45.0,expected,35.16184917355372,0.48857795545402627,200,507,0,4,28,45.98797556227189
default,45.0,p95,102.39541808458921,0.48857795545402627,68,446,0,0,0,51.82658023972706
default,45.0,p95,102.39541808458921,0.48857795545402627,68,518,0,0,1,42.489339632481446
default,45.0,p95,102.39541808458921,0.48857795545402627,68,466,0,0,2,46.63755406886562
default,45.0,p95,102.39541808458921,0.48857795545402627,68,531,0,0,3,43.939494211301366
default,45.0,p95,102.39541808458921,0.48857795545402627,68,464,0,0,4,50.3972212274313
default,45.0,p95,102.39541808458921,0.48857795545402627,68,428,0,0,5,54.15877825478891
default,45.0,p95,102.39541808458921,0.48857795545402627,68,375,0,0,6,55.02982229979611
default,45.0,p95,102.39541808458921,0.48857795545402627,68,432,0,0,7,49.25464569922348
default,45.0,p95,102.39541808458921,0.48857795545402627,68,438,0,0,8,48.603417552904475
default,45.0,p95,102.39541808458921,0.48857795545402627,68,433,0,0,9,51.83340798135241
default,45.0,p95,102.39541808458921,0.48857795545402627,68,459,0,0,10,48.064777586687114
default,45.0,p95,102.39541808458921,0.48857795545402627,68,496,0,0,11,42.899485051354624
default,45.0,p95,102.39541808458921,0.48857795545402627,68,460,0,0,12,57.00387096808673
default,45.0,p95,102.39541808458921,0.48857795545402627,68,459,0,0,13,55.70845998798462
default,45.0,p95,102.39541808458921,0.48857795545402627,68,464,0,0,14,52.75568332023572
default,45.0,p95,102.39541808458921,0.48857795545402627,68,441,0,0,15,52.43850768562329
default,45.0,p95,102.39541808458921,0.48857795545402627,68,425,0,0,16,59.65560670737205
default,45.0,p95,102.39541808458921,0.48857795545402627,68,451,0,0,17,43.23875131360933
default,45.0,p95,102.39541808458921,0.48857795545402627,68,455,0,0,18,58.59687866133101
default,45.0,p95,102.39541808458921,0.48857795545402627,68,439,0,0,19,43.26575026839957
default,45.0,p95,102.39541808458921,0.48857795545402627,68,495,0,0,20,53.77226145570922
default,45.0,p95,102.39541808458921,0.48857795545402627,68,528,0,0,21,43.17047511905851
default,45.0,p95,102.39541808458921,0.48857795545402627,68,431,0,0,22,52.616045634096494
default,45.0,p95,102.39541808458921,0.48857795545402627,68,451,0,0,23,58.89494411474168
default,45.0,p95,102.39541808458921,0.48857795545402627,68,468,0,0,24,51.298310086724086
default,45.0,p95,102.39541808458921,0.48857795545402627,68,482,0,0,25,42.56143577948662
default,45.0,p95,102.39541808458921,0.48857795545402627,68,517,0,0,26,55.326264148767535
default,45.0,p95,102.39541808458921,0.48857795545402627,68,522,0,0,27,43.234656245050616
default,45.0,p95,102.39541808458921,0.48857795545402627,68,507,0,0,28,52.038232447313064
default,45.0,p95,102.39541808458921,0.48857795545402627,68,446,0,1,0,46.940387763922416
default,45.0,p95,102.39541808458921,0.48857795545402627,68,518,0,1,1,44.383521157646896
default,45.0,p95,102.39541808458921,0.48857795545402627,68,466,0,1,2,58.07614252180528
default,45.0,p95,102.39541808458921,0.48857795545402627,68,531,0,1,3,51.44301303444276
default,45.0,p95,102.39541808458921,0.48857795545402627,68,464,0,1,4,54.18840305769883
default,45.0,p95,102.39541808458921,0.48857795545402627,68,428,0,1,5,49.40993787730974
default,45.0,p95,102.39541808458921,0.48857795545402627,68,375,0,1,6,48.21677191125008
default,45.0,p95,102.39541808458921,0.48857795545402627,68,432,0,1,7,51.369155830345534
default,45.0,p95,102.39541808458921,0.48857795545402627,68,438,0,1,8,55.92080672092672
default,45.0,p95,102.39541808458921,0.48857795545402627,68,433,0,1,9,55.70845998798462
default,45.0,p95,102.39541808458921,0.48857795545402627,68,459,0,1,10,46.250343058906715
default,45.0,p95,102.39541808458921,0.48857795545402627,68,496,0,1,11,55.69401409760691
default,45.0,p95,102.39541808458921,0.48857795545402627,68,460,0,1,12,56.30368216105555
default,45.0,p95,102.39541808458921,0.48857795545402627,68,459,0,1,13,51.15810141409786
default,45.0,p95,102.39541808458921,0.48857795545402627,68,464,0,1,14,53.324433615869154
default,45.0,p95,102.39541808458921,0.48857795545402627,68,441,0,1,15,51.12127117123655
default,45.0,p95,102.39541808458921,0.48857795545402627,68,425,0,1,16,57.902816327559364
default,45.0,p95,102.39541808458921,0.48857795545402627,68,451,0,1,17,55.96481118723559
default,45.0,p95,102.39541808458921,0.48857795545402627,68,455,0,1,18,60.566370827933085
default,45.0,p95,102.39541808458921,0.48857795545402627,68,439,0,1,19,54.09420492708456
default,45.0,p95,102.39541808458921,0.48857795545402627,68,495,0,1,20,52.547875132865165
default,45.0,p95,102.39541808458921,0.48857795545402627,68,528,0,1,21,57.12824614841857
default,45.0,p95,102.39541808458921,0.48857795545402627,68,431,0,1,22,53.42024565277342
default,45.0,p95,102.39541808458921,0.48857795545402627,68,451,0,1,23,55.2044623836808
default,45.0,p95,102.39541808458921,0.48857795545402627,68,468,0,1,24,51.15345903544198
default,45.0,p95,102.39541808458921,0.48857795545402627,68,482,0,1,25,52.27472331353735
default,45.0,p95,102.39541808458921,0.48857795545402627,68,517,0,1,26,51.33766551863262
default,45.0,p95,102.39541808458921,0.48857795545402627,68,522,0,1,27,48.21065871510838
default,45.0,p95,102.39541808458921,0.48857795545402627,68,507,0,1,28,52.39014822516232
default,45.0,p95,102.39541808458921,0.48857795545402627,68,446,0,2,0,49.31100158530761
default,45.0,p95,102.39541808458921,0.48857795545402627,68,518,0,2,1,52.54101012545337
default,45.0,p95,102.39541808458921,0.48857795545402627,68,466,0,2,2,50.9638158957146
default,45.0,p95,102.39541808458921,0.48857795545402627,68,531,0,2,3,66.8932561990597
default,45.0,p95,102.39541808458921,0.48857795545402627,68,464,0,2,4,43.75141030508292
default,45.0,p95,102.39541808458921,0.48857795545402627,68,428,0,2,5,54.46858659933287
default,45.0,p95,102.39541808458921,0.48857795545402627,68,375,0,2,6,55.53631587149098
default,45.0,p95,102.39541808458921,0.48857795545402627,68,432,0,2,7,50.33842336142948
default,45.0,p95,102.39541808458921,0.48857795545402627,68,438,0,2,8,48.93672474357953
default,45.0,p95,102.39541808458921,0.48857795545402627,68,433,0,2,9,57.72949781874584
default,45.0,p95,102.39541808458921,0.48857795545402627,68,459,0,2,10,52.78435795600818
default,45.0,p95,102.39541808458921,0.48857795545402627,68,496,0,2,11,57.79839427729232
default,45.0,p95,102.39541808458921,0.48857795545402627,68,460,0,2,12,53.68982064512743
default,45.0,p95,102.39541808458921,0.48857795545402627,68,459,0,2,13,57.24230044285714
default,45.0,p95,102.39541808458921,0.48857795545402627,68,464,0,2,14,56.85412741595111
default,45.0,p95,102.39541808458921,0.48857795545402627,68,441,0,2,15,54.35684960059437
default,45.0,p95,102.39541808458921,0.48857795545402627,68,425,0,2,16,55.26981076110536
default,45.0,p95,102.39541808458921,0.48857795545402627,68,451,0,2,17,49.469000474671
default,45.0,p95,102.39541808458921,0.48857795545402627,68,455,0,2,18,55.71263129607803
default,45.0,p95,102.39541808458921,0.48857795545402627,68,439,0,2,19,55.3395353617011
default,45.0,p95,102.39541808458921,0.48857795545402627,68,495,0,2,20,55.79115694928304
default,45.0,p95,102.39541808458921,0.48857795545402627,68,528,0,2,21,58.09054980634674
default,45.0,p95,102.39541808458921,0.48857795545402627,68,431,0,2,22,44.97063080240798
default,45.0,p95,102.39541808458921,0.48857795545402627,68,451,0,2,23,48.23134725436442
default,45.0,p95,102.39541808458921,0.48857795545402627,68,468,0,2,24,58.24610365416106
default,45.0,p95,102.39541808458921,0.48857795545402627,68,482,0,2,25,56.81661400734539
default,45.0,p95,102.39541808458921,0.48857795545402627,68,517,0,2,26,51.66343790247769
default,45.0,p95,102.39541808458921,0.48857795545402627,68,522,0,2,27,54.64158272631153
default,45.0,p95,102.39541808458921,0.48857795545402627,68,507,0,2,28,53.271357758854634
default,45.0,p95,102.39541808458921,0.48857795545402627,68,446,0,3,0,45.70431718437513
default,45.0,p95,102.39541808458921,0.48857795545402627,68,518,0,3,1,49.77881382541416
default,45.0,p95,102.39541808458921,0.48857795545402627,68,466,0,3,2,45.48881923768113
default,45.0,p95,102.39541808458921,0.48857795545402627,68,531,0,3,3,51.08779642251718
default,45.0,p95,102.39541808458921,0.48857795545402627,68,464,0,3,4,47.186932246111716
default,45.0,p95,102.39541808458921,0.48857795545402627,68,428,0,3,5,43.71274676539812
default,45.0,p95,102.39541808458921,0.48857795545402627,68,375,0,3,6,55.45204312705869
default,45.0,p95,102.39541808458921,0.48857795545402627,68,432,0,3,7,51.37032987992061
default,45.0,p95,102.39541808458921,0.48857795545402627,68,438,0,3,8,44.800174842542184
default,45.0,p95,102.39541808458921,0.48857795545402627,68,433,0,3,9,45.61281754150498
default,45.0,p95,102.39541808458921,0.48857795545402627,68,459,0,3,10,54.70282408306986
default,45.0,p95,102.39541808458921,0.48857795545402627,68,496,0,3,11,55.68912807040646
default,45.0,p95,102.39541808458921,0.48857795545402627,68,460,0,3,12,44.79190559322622
default,45.0,p95,102.39541808458921,0.48857795545402627,68,459,0,3,13,47.63022111098509
default,45.0,p95,102.39541808458921,0.48857795545402627,68,464,0,3,14,52.991875183295534
default,45.0,p95,102.39541808458921,0.48857795545402627,68,441,0,3,15,55.77743042203576
default,45.0,p95,102.39541808458921,0.48857795545402627,68,425,0,3,16,58.190155121052726
default,45.0,p95,102.39541808458921,0.48857795545402627,68,451,0,3,17,55.504141413656086
default,45.0,p95,102.39541808458921,0.48857795545402627,68,455,0,3,18,47.47807552099742
default,45.0,p95,102.39541808458921,0.48857795545402627,68,439,0,3,19,56.08135421798407
default,45.0,p95,102.39541808458921,0.48857795545402627,68,495,0,3,20,46.380499717372324
default,45.0,p95,102.39541808458921,0.48857795545402627,68,528,0,3,21,59.5646674258048
default,45.0,p95,102.39541808458921,0.48857795545402627,68,431,0,3,22,45.82299430659837
default,45.0,p95,102.39541808458921,0.48857795545402627,68,451,0,3,23,55.530662221546486
default,45.0,p95,102.39541808458921,0.48857795545402627,68,468,0,3,24,53.39670581609131
default,45.0,p95,102.39541808458921,0.48857795545402627,68,482,0,3,25,51.847498987124425
default,45.0,p95,102.39541808458921,0.48857795545402627,68,517,0,3,26,41.5228698720965
default,45.0,p95,102.39541808458921,0.48857795545402627,68,522,0,3,27,50.04448308007226
default,45.0,p95,102.39541808458921,0.48857795545402627,68,507,0,3,28,45.03679237670369
default,45.0,p95,102.39541808458921,0.48857795545402627,68,446,0,4,0,48.2193070441673
default,45.0,p95,102.39541808458921,0.48857795545402627,68,518,0,4,1,45.223327749464275
default,45.0,p95,102.39541808458921,0.48857795545402627,68,466,0,4,2,46.819432137879396
default,45.0,p95,102.39541808458921,0.48857795545402627,68,531,0,4,3,54.65406991396633
default,45.0,p95,102.39541808458921,0.48857795545402627,68,464,0,4,4,45.471808729158155
default,45.0,p95,102.39541808458921,0.48857795545402627,68,428,0,4,5,49.55722399200959
default,45.0,p95,102.39541808458921,0.48857795545402627,68,375,0,4,6,48.816781957453806
default,45.0,p95,102.39541808458921,0.48857795545402627,68,432,0,4,7,51.72592179350432
default,45.0,p95,102.39541808458921,0.48857795545402627,68,438,0,4,8,43.934160871204504
default,45.0,p95,102.39541808458921,0.48857795545402627,68,433,0,4,9,53.333082784857304
default,45.0,p95,102.39541808458921,0.48857795545402627,68,459,0,4,10,44.46173443538139
default,45.0,p95,102.39541808458921,0.48857795545402627,68,496,0,4,11,51.02669878898482
default,45.0,p95,102.39541808458921,0.48857795545402627,68,460,0,4,12,46.784289134944984
default,45.0,p95,102.39541808458921,0.48857795545402627,68,459,0,4,13,60.12835538121385
default,45.0,p95,102.39541808458921,0.48857795545402627,68,464,0,4,14,47.15239149143712
default,45.0,p95,102.39541808458921,0.48857795545402627,68,441,0,4,15,51.64675298052893
default,45.0,p95,102.39541808458921,0.48857795545402627,68,425,0,4,16,42.208270899178814
default,45.0,p95,102.39541808458921,0.48857795545402627,68,451,0,4,17,58.82552038100525
default,45.0,p95,102.39541808458921,0.48857795545402627,68,455,0,4,18,46.4201896941514
default,45.0,p95,102.39541808458921,0.48857795545402627,68,439,0,4,19,58.55747260579037
default,45.0,p95,102.39541808458921,0.48857795545402627,68,495,0,4,20,47.248904195438286
default,45.0,p95,102.39541808458921,0.48857795545402627,68,528,0,4,21,61.40315077106968
default,45.0,p95,102.39541808458921,0.48857795545402627,68,431,0,4,22,46.9397038638104
default,45.0,p95,102.39541808458921,0.48857795545402627,68,451,0,4,23,48.34564713337493
default,45.0,p95,102.39541808458921,0.48857795545402627,68,468,0,4,24,55.725907971965285
default,45.0,p95,102.39541808458921,0.48857795545402627,68,482,0,4,25,50.247575700201565
default,45.0,p95,102.39541808458921,0.48857795545402627,68,517,0,4,26,57.15862009556591
default,45.0,p95,102.39541808458921,0.48857795545402627,68,522,0,4,27,53.186555197532556
default,45.0,p95,102.39541808458921,0.48857795545402627,68,507,0,4,28,49.86187382565919
default,50.0,expected,35.16184917355372,0.48857795545402627,63,446,0,0,0,50.79111047534846
default,50.0,expected,35.16184917355372,0.48857795545402627,63,518,0,0,1,43.902750729014556
default,50.0,expected,35.16184917355372,0.48857795545402627,63,466,0,0,2,48.111994810033536
default,50.0,expected,35.16184917355372,0.48857795545402627,63,531,0,0,3,69.28594493304358
default,50.0,expected,35.16184917355372,0.48857795545402627,63,464,0,0,4,43.82301200259973
default,50.0,expected,35.16184917355372,0.48857795545402627,63,428,0,0,5,48.39025783494408
default,50.0,expected,35.16184917355372,0.48857795545402627,63,375,0,0,6,52.0549080925162
default,50.0,expected,35.16184917355372,0.48857795545402627,63,432,0,0,7,48.35980411986589
default,50.0,expected,35.16184917355372,0.48857795545402627,63,438,0,0,8,43.06121755322461
default,50.0,expected,35.16184917355372,0.48857795545402627,63,433,0,0,9,54.58478897521978
default,50.0,expected,35.16184917355372,0.48857795545402627,63,459,0,0,10,50.42016669714557
default,50.0,expected,35.16184917355372,0.48857795545402627,63,496,0,0,11,48.12583701312029
default,50.0,expected,35.16184917355372,0.48857795545402627,63,460,0,0,12,52.380107521216004
default,50.0,expected,35.16184917355372,0.48857795545402627,63,459,0,0,13,58.076988687383995
default,50.0,expected,35.16184917355372,0.48857795545402627,63,464,0,0,14,58.6078619791689
default,50.0,expected,35.16184917355372,0.48857795545402627,63,441,0,0,15,57.460674803123865
default,50.0,expected,35.16184917355372,0.48857795545402627,63,425,0,0,16,43.50814448340441
default,50.0,expected,35.16184917355372,0.48857795545402627,63,451,0,0,17,55.538909589460914
default,50.0,expected,35.16184917355372,0.48857795545402627,63,455,0,0,18,43.41282333471177
default,50.0,expected,35.16184917355372,0.48857795545402627,63,439,0,0,19,52.05564837020742
default,50.0,expected,35.16184917355372,0.48857795545402627,63,495,0,0,20,43.58792928370556
default,50.0,expected,35.16184917355372,0.48857795545402627,63,528,0,0,21,49.98387195271184
default,50.0,expected,35.16184917355372,0.48857795545402627,63,431,0,0,22,62.0920774277657
default,50.0,expected,35.16184917355372,0.48857795545402627,63,451,0,0,23,49.944146233036136
default,50.0,expected,35.16184917355372,0.48857795545402627,63,468,0,0,24,43.27537554989428
default,50.0,expected,35.16184917355372,0.48857795545402627,63,482,0,0,25,52.85141816818171
default,50.0,expected,35.16184917355372,0.48857795545402627,63,517,0,0,26,52.41144731695749
default,50.0,expected,35.16184917355372,0.48857795545402627,63,522,0,0,27,51.843266882789536
default,50.0,expected,35.16184917355372,0.48857795545402627,63,507,0,0,28,55.01683576659375
default,50.0,expected,35.16184917355372,0.48857795545402627,63,446,0,1,0,45.24562513388217
default,50.0,expected,35.16184917355372,0.48857795545402627,63,518,0,1,1,47.716900124416185
default,50.0,expected,35.16184917355372,0.48857795545402627,63,466,0,1,2,52.97550522490503
default,50.0,expected,35.16184917355372,0.48857795545402627,63,531,0,1,3,51.362568979061805
default,50.0,expected,35.16184917355372,0.48857795545402627,63,464,0,1,4,60.01119754943477
default,50.0,expected,35.16184917355372,0.48857795545402627,63,428,0,1,5,46.12643049528809
default,50.0,expected,35.16184917355372,0.48857795545402627,63,375,0,1,6,46.34826791233492
default,50.0,expected,35.16184917355372,0.48857795545402627,63,432,0,1,7,47.55715937097921
default,50.0,expected,35.16184917355372,0.48857795545402627,63,438,0,1,8,54.8570933065844
default,50.0,expected,35.16184917355372,0.48857795545402627,63,433,0,1,9,52.62881936485189
default,50.0,expected,35.16184917355372,0.48857795545402627,63,459,0,1,10,47.05764241392464
default,50.0,expected,35.16184917355372,0.48857795545402627,63,496,0,1,11,46.22021820931028
default,50.0,expected,35.16184917355372,0.48857795545402627,63,460,0,1,12,57.34224820697367
default,50.0,expected,35.16184917355372,0.48857795545402627,63,459,0,1,13,59.40436274043053
default,50.0,expected,35.16184917355372,0.48857795545402627,63,464,0,1,14,56.57018986682826
default,50.0,expected,35.16184917355372,0.48857795545402627,63,441,0,1,15,58.34713280125369
default,50.0,expected,35.16184917355372,0.48857795545402627,63,425,0,1,16,57.53659910815308
default,50.0,expected,35.16184917355372,0.48857795545402627,63,451,0,1,17,52.33859459600197
default,50.0,expected,35.16184917355372,0.48857795545402627,63,455,0,1,18,56.68627534779992
default,50.0,expected,35.16184917355372,0.48857795545402627,63,439,0,1,19,50.064029249975135
default,50.0,expected,35.16184917355372,0.48857795545402627,63,495,0,1,20,54.63736441313139
default,50.0,expected,35.16184917355372,0.48857795545402627,63,528,0,1,21,52.226273678801704
default,50.0,expected,35.16184917355372,0.48857795545402627,63,431,0,1,22,50.25001753624315
default,50.0,expected,35.16184917355372,0.48857795545402627,63,451,0,1,23,50.65769602691236
default,50.0,expected,35.16184917355372,0.48857795545402627,63,468,0,1,24,52.75667752726096
default,50.0,expected,35.16184917355372,0.48857795545402627,63,482,0,1,25,47.284259554972024
default,50.0,expected,35.16184917355372,0.48857795545402627,63,517,0,1,26,50.7452694488476
default,50.0,expected,35.16184917355372,0.48857795545402627,63,522,0,1,27,61.57108219339251
default,50.0,expected,35.16184917355372,0.48857795545402627,63,507,0,1,28,60.231354947611976
default,50.0,expected,35.16184917355372,0.48857795545402627,63,446,0,2,0,50.5928724803854
default,50.0,expected,35.16184917355372,0.48857795545402627,63,518,0,2,1,54.4346162850634
default,50.0,expected,35.16184917355372,0.48857795545402627,63,466,0,2,2,49.45665842020266
default,50.0,expected,35.16184917355372,0.48857795545402627,63,531,0,2,3,62.42789374655668
default,50.0,expected,35.16184917355372,0.48857795545402627,63,464,0,2,4,52.71967288633137
default,50.0,expected,35.16184917355372,0.48857795545402627,63,428,0,2,5,55.300735782523944
default,50.0,expected,35.16184917355372,0.48857795545402627,63,375,0,2,6,51.872877181019874
default,50.0,expected,35.16184917355372,0.48857795545402627,63,432,0,2,7,51.80256776681019
default,50.0,expected,35.16184917355372,0.48857795545402627,63,438,0,2,8,53.21740225747277
default,50.0,expected,35.16184917355372,0.48857795545402627,63,433,0,2,9,58.471368950790065
default,50.0,expected,35.16184917355372,0.48857795545402627,63,459,0,2,10,54.9399271183482
default,50.0,expected,35.16184917355372,0.48857795545402627,63,496,0,2,11,51.29200714964583
default,50.0,expected,35.16184917355372,0.48857795545402627,63,460,0,2,12,61.73004102514034
default,50.0,expected,35.16184917355372,0.48857795545402627,63,459,0,2,13,59.27868481656502
default,50.0,expected,35.16184917355372,0.48857795545402627,63,464,0,2,14,54.594456185015105
default,50.0,expected,35.16184917355372,0.48857795545402627,63,441,0,2,15,57.37236285337738
default,50.0,expected,35.16184917355372,0.48857795545402627,63,425,0,2,16,61.09745551129442
default,50.0,expected,35.16184917355372,0.48857795545402627,63,451,0,2,17,56.31579402331564
default,50.0,expected,35.16184917355372,0.48857795545402627,63,455,0,2,18,54.15243180296721
default,50.0,expected,35.16184917355372,0.48857795545402627,63,439,0,2,19,57.82226978997552
default,50.0,expected,35.16184917355372,0.48857795545402627,63,495,0,2,20,63.26953907592674
default,50.0,expected,35.16184917355372,0.48857795545402627,63,528,0,2,21,54.89760047725635
default,50.0,expected,35.16184917355372,0.48857795545402627,63,431,0,2,22,53.36427742578505
default,50.0,expected,35.16184917355372,0.48857795545402627,63,451,0,2,23,65.35036227866792
default,50.0,expected,35.16184917355372,0.48857795545402627,63,468,0,2,24,51.276687479704506
default,50.0,expected,35.16184917355372,0.48857795545402627,63,482,0,2,25,58.64146141038794
default,50.0,expected,35.16184917355372,0.48857795545402627,63,517,0,2,26,53.92000306197281
default,50.0,expected,35.16184917355372,0.48857795545402627,63,522,0,2,27,51.255963707552176
default,50.0,expected,35.16184917355372,0.48857795545402627,63,507,0,2,28,50.66959377725858
default,50.0,expected,35.16184917355372,0.48857795545402627,63,446,0,3,0,48.967728718181085
default,50.0,expected,35.16184917355372,0.48857795545402627,63,518,0,3,1,49.362918021762965
default,50.0,expected,35.16184917355372,0.48857795545402627,63,466,0,3,2,49.68730828991292
default,50.0,expected,35.16184917355372,0.48857795545402627,63,531,0,3,3,51.404698198056984
default,50.0,expected,35.16184917355372,0.48857795545402627,63,464,0,3,4,46.328364060510665
default,50.0,expected,35.16184917355372,0.48857795545402627,63,428,0,3,5,52.620981962132504
default,50.0,expected,35.16184917355372,0.48857795545402627,63,375,0,3,6,46.135702411152494
default,50.0,expected,35.16184917355372,0.48857795545402627,63,432,0,3,7,45.216971780983755
default,50.0,expected,35.16184917355372,0.48857795545402627,63,438,0,3,8,45.07263769564353
default,50.0,expected,35.16184917355372,0.48857795545402627,63,433,0,3,9,59.17993338857193
default,50.0,expected,35.16184917355372,0.48857795545402627,63,459,0,3,10,48.25301598295298
default,50.0,expected,35.16184917355372,0.48857795545402627,63,496,0,3,11,54.14900514599677
default,50.0,expected,35.16184917355372,0.48857795545402627,63,460,0,3,12,49.41557776721855
default,50.0,expected,35.16184917355372,0.48857795545402627,63,459,0,3,13,52.30094250487265
default,50.0,expected,35.16184917355372,0.48857795545402627,63,464,0,3,14,51.64280812869126
default,50.0,expected,35.16184917355372,0.48857795545402627,63,441,0,3,15,58.32199007519736
default,50.0,expected,35.16184917355372,0.48857795545402627,63,425,0,3,16,47.490700584102825
default,50.0,expected,35.16184917355372,0.48857795545402627,63,451,0,3,17,57.06075536021192
default,50.0,expected,35.16184917355372,0.48857795545402627,63,455,0,3,18,47.47796493705298
default,50.0,expected,35.16184917355372,0.48857795545402627,63,439,0,3,19,57.95721889068667
default,50.0,expected,35.16184917355372,0.48857795545402627,63,495,0,3,20,55.63815395448155
default,50.0,expected,35.16184917355372,0.48857795545402627,63,528,0,3,21,47.17625916145642
default,50.0,expected,35.16184917355372,0.48857795545402627,63,431,0,3,22,58.690403342756184
default,50.0,expected,35.16184917355372,0.48857795545402627,63,451,0,3,23,63.261155009965684
default,50.0,expected,35.16184917355372,0.48857795545402627,63,468,0,3,24,51.46714414953706
default,50.0,expected,35.16184917355372,0.48857795545402627,63,482,0,3,25,49.942065437742485
default,50.0,expected,35.16184917355372,0.48857795545402627,63,517,0,3,26,46.39978170441283
default,50.0,expected,35.16184917355372,0.48857795545402627,63,522,0,3,27,53.64445030003268
default,50.0,expected,35.16184917355372,0.48857795545402627,63,507,0,3,28,63.064645192010616
default,50.0,expected,35.16184917355372,0.48857795545402627,63,446,0,4,0,49.78407633095982
default,50.0,expected,35.16184917355372,0.48857795545402627,63,518,0,4,1,51.55785877572405
default,50.0,expected,35.16184917355372,0.48857795545402627,63,466,0,4,2,46.52973387315815
default,50.0,expected,35.16184917355372,0.48857795545402627,63,531,0,4,3,56.40470197594265
default,50.0,expected,35.16184917355372,0.48857795545402627,63,464,0,4,4,48.698695596853284
default,50.0,expected,35.16184917355372,0.48857795545402627,63,428,0,4,5,51.985567202697105
default,50.0,expected,35.16184917355372,0.48857795545402627,63,375,0,4,6,50.49497875446185
default,50.0,expected,35.16184917355372,0.48857795545402627,63,432,0,4,7,56.10278634990866
default,50.0,expected,35.16184917355372,0.48857795545402627,63,438,0,4,8,50.22378744879015
default,50.0,expected,35.16184917355372,0.48857795545402627,63,433,0,4,9,50.443088120882635
default,50.0,expected,35.16184917355372,0.48857795545402627,63,459,0,4,10,49.50506260825687
default,50.0,expected,35.16184917355372,0.48857795545402627,63,496,0,4,11,51.72886370308396
default,50.0,expected,35.16184917355372,0.48857795545402627,63,460,0,4,12,49.558057022475595
default,50.0,expected,35.16184917355372,0.48857795545402627,63,459,0,4,13,57.18576036826164
default,50.0,expected,35.16184917355372,0.48857795545402627,63,464,0,4,14,47.68048328178533
default,50.0,expected,35.16184917355372,0.48857795545402627,63,441,0,4,15,63.57366944041817
default,50.0,expected,35.16184917355372,0.48857795545402627,63,425,0,4,16,54.08879652686003
default,50.0,expected,35.16184917355372,0.48857795545402627,63,451,0,4,17,58.83004716390062
default,50.0,expected,35.16184917355372,0.48857795545402627,63,455,0,4,18,56.599599085917845
default,50.0,expected,35.16184917355372,0.48857795545402627,63,439,0,4,19,56.393775599474594
default,50.0,expected,35.16184917355372,0.48857795545402627,63,495,0,4,20,52.39895292403687
default,50.0,expected,35.16184917355372,0.48857795545402627,63,528,0,4,21,54.11828629474452
default,50.0,expected,35.16184917355372,0.48857795545402627,63,431,0,4,22,51.78335358827607
default,50.0,expected,35.16184917355372,0.48857795545402627,63,451,0,4,23,47.98662517599282
default,50.0,expected,35.16184917355372,0.48857795545402627,63,468,0,4,24,62.41064384375517
default,50.0,expected,35.16184917355372,0.48857795545402627,63,482,0,4,25,59.13489463670224
default,50.0,expected,35.16184917355372,0.48857795545402627,63,517,0,4,26,55.94223555612591
default,50.0,expected,35.16184917355372,0.48857795545402627,63,522,0,4,27,49.70093948659514
default,50.0,expected,35.16184917355372,0.48857795545402627,63,507,0,4,28,50.185321361279534
default,50.0,p95,140.09491219008262,0.48857795545402627,15,446,0,0,0,71.75562835619084
default,50.0,p95,140.09491219008262,0.48857795545402627,15,518,0,0,1,58.6728953668068
default,50.0,p95,140.09491219008262,0.48857795545402627,15,466,0,0,2,67.62110660768799
default,50.0,p95,140.09491219008262,0.48857795545402627,15,531,0,0,3,69.98157522665572
default,50.0,p95,140.09491219008262,0.48857795545402627,15,464,0,0,4,64.82155691188463
default,50.0,p95,140.09491219008262,0.48857795545402627,15,428,0,0,5,73.0847050189866
default,50.0,p95,140.09491219008262,0.48857795545402627,15,375,0,0,6,49.08380436721067
default,50.0,p95,140.09491219008262,0.48857795545402627,15,432,0,0,7,61.599554398643335
default,50.0,p95,140.09491219008262,0.48857795545402627,15,438,0,0,8,54.782145895097116
default,50.0,p95,140.09491219008262,0.48857795545402627,15,433,0,0,9,73.78106430040054
default,50.0,p95,140.09491219008262,0.48857795545402627,15,459,0,0,10,57.70845713339255
default,50.0,p95,140.09491219008262,0.48857795545402627,15,496,0,0,11,67.76833917589505
default,50.0,p95,140.09491219008262,0.48857795545402627,15,460,0,0,12,53.14069157051691
default,50.0,p95,140.09491219008262,0.48857795545402627,15,459,0,0,13,80.06102155462416
default,50.0,p95,140.09491219008262,0.48857795545402627,15,464,0,0,14,66.53177887415144
default,50.0,p95,140.09491219008262,0.48857795545402627,15,441,0,0,15,52.7170857100723
default,50.0,p95,140.09491219008262,0.48857795545402627,15,425,0,0,16,67.6516908525302
default,50.0,p95,140.09491219008262,0.48857795545402627,15,451,0,0,17,62.36724829386279
default,50.0,p95,140.09491219008262,0.48857795545402627,15,455,0,0,18,67.26645812476151
default,50.0,p95,140.09491219008262,0.48857795545402627,15,439,0,0,19,57.752996540440655
default,50.0,p95,140.09491219008262,0.48857795545402627,15,495,0,0,20,47.54273078284302
default,50.0,p95,140.09491219008262,0.48857795545402627,15,528,0,0,21,61.9267514473023
default,50.0,p95,140.09491219008262,0.48857795545402627,15,431,0,0,22,57.913805463277285
default,50.0,p95,140.09491219008262,0.48857795545402627,15,451,0,0,23,58.180177817474785
default,50.0,p95,140.09491219008262,0.48857795545402627,15,468,0,0,24,72.82457069533743
default,50.0,p95,140.09491219008262,0.48857795545402627,15,482,0,0,25,54.90146838252346
default,50.0,p95,140.09491219008262,0.48857795545402627,15,517,0,0,26,58.053358148140795
default,50.0,p95,140.09491219008262,0.48857795545402627,15,522,0,0,27,63.53186696747835
default,50.0,p95,140.09491219008262,0.48857795545402627,15,507,0,0,28,73.6113361537128
default,50.0,p95,140.09491219008262,0.48857795545402627,15,446,0,1,0,68.51467535886411
default,50.0,p95,140.09491219008262,0.48857795545402627,15,518,0,1,1,67.6902265518513
default,50.0,p95,140.09491219008262,0.48857795545402627,15,466,0,1,2,54.196533485936065
default,50.0,p95,140.09491219008262,0.48857795545402627,15,531,0,1,3,59.34786742472668
default,50.0,p95,140.09491219008262,0.48857795545402627,15,464,0,1,4,64.08069653417498
default,50.0,p95,140.09491219008262,0.48857795545402627,15,428,0,1,5,62.892003154606414
default,50.0,p95,140.09491219008262,0.48857795545402627,15,375,0,1,6,53.36199076267099
default,50.0,p95,140.09491219008262,0.48857795545402627,15,432,0,1,7,55.26515772419692
default,50.0,p95,140.09491219008262,0.48857795545402627,15,438,0,1,8,77.18644966987709
default,50.0,p95,140.09491219008262,0.48857795545402627,15,433,0,1,9,62.38318572392836
default,50.0,p95,140.09491219008262,0.48857795545402627,15,459,0,1,10,65.28980900742754
default,50.0,p95,140.09491219008262,0.48857795545402627,15,496,0,1,11,56.24750996079755
default,50.0,p95,140.09491219008262,0.48857795545402627,15,460,0,1,12,63.68304633958353
default,50.0,p95,140.09491219008262,0.48857795545402627,15,459,0,1,13,55.21080005745625
default,50.0,p95,140.09491219008262,0.48857795545402627,15,464,0,1,14,58.04075162312336
default,50.0,p95,140.09491219008262,0.48857795545402627,15,441,0,1,15,55.766977483900774
default,50.0,p95,140.09491219008262,0.48857795545402627,15,425,0,1,16,68.04075162312336
default,50.0,p95,140.09491219008262,0.48857795545402627,15,451,0,1,17,64.46655929580947
default,50.0,p95,140.09491219008262,0.48857795545402627,15,455,0,1,18,73.70309192200193
default,50.0,p95,140.09491219008262,0.48857795545402627,15,439,0,1,19,60.26483750203965
default,50.0,p95,140.09491219008262,0.48857795545402627,15,495,0,1,20,67.27700352408048
default,50.0,p95,140.09491219008262,0.48857795545402627,15,528,0,1,21,74.64907072957871
default,50.0,p95,140.09491219008262,0.48857795545402627,15,431,0,1,22,59.91323223430826
default,50.0,p95,140.09491219008262,0.48857795545402627,15,451,0,1,23,66.60954718168666
default,50.0,p95,140.09491219008262,0.48857795545402627,15,468,0,1,24,71.02177788805749
default,50.0,p95,140.09491219008262,0.48857795545402627,15,482,0,1,25,inf
default,50.0,p95,140.09491219008262,0.48857795545402627,15,517,0,1,26,65.76225702626596
default,50.0,p95,140.09491219008262,0.48857795545402627,15,522,0,1,27,61.63684954095931
default,50.0,p95,140.09491219008262,0.48857795545402627,15,507,0,1,28,58.26594556053248
default,50.0,p95,140.09491219008262,0.48857795545402627,15,446,0,2,0,54.97562077771928
default,50.0,p95,140.09491219008262,0.48857795545402627,15,518,0,2,1,59.749734700642556
default,50.0,p95,140.09491219008262,0.48857795545402627,15,466,0,2,2,51.478148902478125
default,50.0,p95,140.09491219008262,0.48857795545402627,15,531,0,2,3,65.25431998609156
default,50.0,p95,140.09491219008262,0.48857795545402627,15,464,0,2,4,57.19507518377307
default,50.0,p95,140.09491219008262,0.48857795545402627,15,428,0,2,5,70.47428031224017
default,50.0,p95,140.09491219008262,0.48857795545402627,15,375,0,2,6,65.28090952722518
default,50.0,p95,140.09491219008262,0.48857795545402627,15,432,0,2,7,52.264612714332245
default,50.0,p95,140.09491219008262,0.48857795545402627,15,438,0,2,8,64.02541433005052
default,50.0,p95,140.09491219008262,0.48857795545402627,15,433,0,2,9,48.849262984170316
default,50.0,p95,140.09491219008262,0.48857795545402627,15,459,0,2,10,71.48769659031149
default,50.0,p95,140.09491219008262,0.48857795545402627,15,496,0,2,11,60.11751156829165
default,50.0,p95,140.09491219008262,0.48857795545402627,15,460,0,2,12,49.70536961926285
default,50.0,p95,140.09491219008262,0.48857795545402627,15,459,0,2,13,62.86643378537395
default,50.0,p95,140.09491219008262,0.48857795545402627,15,464,0,2,14,66.92234935093263
default,50.0,p95,140.09491219008262,0.48857795545402627,15,441,0,2,15,73.6113361537128
default,50.0,p95,140.09491219008262,0.48857795545402627,15,425,0,2,16,61.42504801822718
default,50.0,p95,140.09491219008262,0.48857795545402627,15,451,0,2,17,58.438595336985834
default,50.0,p95,140.09491219008262,0.48857795545402627,15,455,0,2,18,63.40016380431915
default,50.0,p95,140.09491219008262,0.48857795545402627,15,439,0,2,19,64.97831484802958
default,50.0,p95,140.09491219008262,0.48857795545402627,15,495,0,2,20,66.40326272329682
default,50.0,p95,140.09491219008262,0.48857795545402627,15,528,0,2,21,74.6683299399391
default,50.0,p95,140.09491219008262,0.48857795545402627,15,431,0,2,22,60.55737301086293
default,50.0,p95,140.09491219008262,0.48857795545402627,15,451,0,2,23,58.187116123204596
default,50.0,p95,140.09491219008262,0.48857795545402627,15,468,0,2,24,66.78193331995962
default,50.0,p95,140.09491219008262,0.48857795545402627,15,482,0,2,25,61.53059482651315
default,50.0,p95,140.09491219008262,0.48857795545402627,15,517,0,2,26,64.75606918301415
default,50.0,p95,140.09491219008262,0.48857795545402627,15,522,0,2,27,57.13369099454036
default,50.0,p95,140.09491219008262,0.48857795545402627,15,507,0,2,28,76.45829243692998
default,50.0,p95,140.09491219008262,0.48857795545402627,15,446,0,3,0,inf
default,50.0,p95,140.09491219008262,0.48857795545402627,15,518,0,3,1,72.1695552077731
default,50.0,p95,140.09491219008262,0.48857795545402627,15,466,0,3,2,43.437105055695675
default,50.0,p95,140.09491219008262,0.48857795545402627,15,531,0,3,3,69.00985175320392
default,50.0,p95,140.09491219008262,0.48857795545402627,15,464,0,3,4,55.402847693582906
default,50.0,p95,140.09491219008262,0.48857795545402627,15,428,0,3,5,59.0919214245436
default,50.0,p95,140.09491219008262,0.48857795545402627,15,375,0,3,6,43.63601109447516
default,50.0,p95,140.09491219008262,0.48857795545402627,15,432,0,3,7,60.16173399366198
default,50.0,p95,140.09491219008262,0.48857795545402627,15,438,0,3,8,43.242057948232514
default,50.0,p95,140.09491219008262,0.48857795545402627,15,433,0,3,9,65.0895977435438
default,50.0,p95,140.09491219008262,0.48857795545402627,15,459,0,3,10,60.59649890449344
default,50.0,p95,140.09491219008262,0.48857795545402627,15,496,0,3,11,73.55122523119365
default,50.0,p95,140.09491219008262,0.48857795545402627,15,460,0,3,12,43.91049282972227
default,50.0,p95,140.09491219008262,0.48857795545402627,15,459,0,3,13,63.499302129821515
default,50.0,p95,140.09491219008262,0.48857795545402627,15,464,0,3,14,42.446832378736346
default,50.0,p95,140.09491219008262,0.48857795545402627,15,441,0,3,15,65.63501799285739
default,50.0,p95,140.09491219008262,0.48857795545402627,15,425,0,3,16,43.5474510467468
default,50.0,p95,140.09491219008262,0.48857795545402627,15,451,0,3,17,70.62379403859424
default,50.0,p95,140.09491219008262,0.48857795545402627,15,455,0,3,18,43.490566045281525
default,50.0,p95,140.09491219008262,0.48857795545402627,15,439,0,3,19,68.51467535886411
default,50.0,p95,140.09491219008262,0.48857795545402627,15,495,0,3,20,57.339748053630785
default,50.0,p95,140.09491219008262,0.48857795545402627,15,528,0,3,21,66.63375878345497
default,50.0,p95,140.09491219008262,0.48857795545402627,15,431,0,3,22,42.86042130713174
default,50.0,p95,140.09491219008262,0.48857795545402627,15,451,0,3,23,71.41408559384779
default,50.0,p95,140.09491219008262,0.48857795545402627,15,468,0,3,24,43.799055500054735
default,50.0,p95,140.09491219008262,0.48857795545402627,15,482,0,3,25,53.804573423147374
default,50.0,p95,140.09491219008262,0.48857795545402627,15,517,0,3,26,43.81767690345451
default,50.0,p95,140.09491219008262,0.48857795545402627,15,522,0,3,27,53.33705867053414
default,50.0,p95,140.09491219008262,0.48857795545402627,15,507,0,3,28,42.51890293412795
default,50.0,p95,140.09491219008262,0.48857795545402627,15,446,0,4,0,50.80631388593116
default,50.0,p95,140.09491219008262,0.48857795545402627,15,518,0,4,1,47.365425154235965
default,50.0,p95,140.09491219008262,0.48857795545402627,15,466,0,4,2,48.27731829741047
default,50.0,p95,140.09491219008262,0.48857795545402627,15,531,0,4,3,74.5728767608768
default,50.0,p95,140.09491219008262,0.48857795545402627,15,464,0,4,4,68.1254946985604
default,50.0,p95,140.09491219008262,0.48857795545402627,15,428,0,4,5,46.60188814365952
default,50.0,p95,140.09491219008262,0.48857795545402627,15,375,0,4,6,74.64907072957871
default,50.0,p95,140.09491219008262,0.48857795545402627,15,432,0,4,7,66.03906931052178
default,50.0,p95,140.09491219008262,0.48857795545402627,15,438,0,4,8,68.31349247178997
default,50.0,p95,140.09491219008262,0.48857795545402627,15,433,0,4,9,67.87203240774902
default,50.0,p95,140.09491219008262,0.48857795545402627,15,459,0,4,10,75.83487065197724
default,50.0,p95,140.09491219008262,0.48857795545402627,15,496,0,4,11,60.06168975138201
default,50.0,p95,140.09491219008262,0.48857795545402627,15,460,0,4,12,63.11969639677947
default,50.0,p95,140.09491219008262,0.48857795545402627,15,459,0,4,13,55.54977286112152
default,50.0,p95,140.09491219008262,0.48857795545402627,15,464,0,4,14,55.690593301465924
default,50.0,p95,140.09491219008262,0.48857795545402627,15,441,0,4,15,53.84366781863349
default,50.0,p95,140.09491219008262,0.48857795545402627,15,425,0,4,16,63.201538231123884
default,50.0,p95,140.09491219008262,0.48857795545402627,15,451,0,4,17,63.787362988696835
default,50.0,p95,140.09491219008262,0.48857795545402627,15,455,0,4,18,58.817986212425666
default,50.0,p95,140.09491219008262,0.48857795545402627,15,439,0,4,19,47.61364620177507
default,50.0,p95,140.09491219008262,0.48857795545402627,15,495,0,4,20,62.83341708679522
default,50.0,p95,140.09491219008262,0.48857795545402627,15,528,0,4,21,68.15554979995765
default,50.0,p95,140.09491219008262,0.48857795545402627,15,431,0,4,22,66.46412580895412
default,50.0,p95,140.09491219008262,0.48857795545402627,15,451,0,4,23,54.15054680706059
default,50.0,p95,140.09491219008262,0.48857795545402627,15,468,0,4,24,53.50358082085578
default,50.0,p95,140.09491219008262,0.48857795545402627,15,482,0,4,25,66.27844056376713
default,50.0,p95,140.09491219008262,0.48857795545402627,15,517,0,4,26,50.68530259672392
default,50.0,p95,140.09491219008262,0.48857795545402627,15,522,0,4,27,63.660031209838166
default,50.0,p95,140.09491219008262,0.48857795545402627,15,507,0,4,28,48.4859889396749
