config,source,qp,plane_qp,category,mb_class,mb_row_fraction,coef_row,coef_col,model_sse,pre_rounding_sse,exact_block_sse,measured_block_sse_no_deblock,measured_sse_no_deblock,measured_sse,gain_no_deblock,gain
ultrafast,foreman_cif,19,19,Luma4x4,I16x16,0.058823529411764705,3,0,121.0,122.5,,,654.0,654.0,5.404958677685951,5.404958677685951
ultrafast,foreman_cif,19,19,ChromaAC,I16x16,0.4117647058823529,0,1,121.0,122.5,,,104.0,104.0,0.859504132231405,0.859504132231405
ultrafast,foreman_cif,19,19,ChromaAC,I16x16,0.7058823529411765,1,3,121.0,126.5625,,,138.0,138.0,1.140495867768595,1.140495867768595
ultrafast,foreman_cif,19,19,Luma4x4,I16x16,0.4117647058823529,0,1,121.0,122.5,,,160.0,160.0,1.322314049586777,1.322314049586777
ultrafast,foreman_cif,19,19,ChromaAC,I16x16,0.7647058823529411,3,3,121.0,126.5625,,,551.0,551.0,4.553719008264463,4.553719008264463
ultrafast,foreman_cif,19,19,ChromaAC,I16x16,0.4117647058823529,0,1,121.0,122.5,,,685.0,685.0,5.661157024793388,5.661157024793388
ultrafast,foreman_cif,19,19,Luma4x4,I16x16,0.6470588235294118,3,2,121.0,122.5,,,132.0,132.0,1.0909090909090908,1.0909090909090908
ultrafast,foreman_cif,19,19,ChromaAC,I16x16,0.4117647058823529,2,1,121.0,122.5,,,116.0,116.0,0.9586776859504132,0.9586776859504132
ultrafast,foreman_cif,19,19,ChromaAC,I16x16,0.7058823529411765,3,3,121.0,126.5625,,,325.0,325.0,2.6859504132231407,2.6859504132231407
ultrafast,foreman_cif,19,19,ChromaAC,I16x16,0.8235294117647058,3,2,121.0,122.5,,,339.0,339.0,2.8016528925619837,2.8016528925619837
ultrafast,foreman_cif,19,19,ChromaDC,I16x16,0.4117647058823529,0,0,121.0,121.0,,,482.0,482.0,3.9834710743801653,3.9834710743801653
ultrafast,foreman_cif,19,19,Luma4x4,I16x16,0.11764705882352941,3,0,121.0,122.5,,,120.0,120.0,0.9917355371900827,0.9917355371900827
ultrafast,foreman_cif,19,19,Luma4x4,I16x16,0.17647058823529413,3,3,121.0,126.5625,,,144.0,144.0,1.1900826446280992,1.1900826446280992
ultrafast,foreman_cif,19,19,Luma4x4,I16x16,0.7647058823529411,3,3,121.0,126.5625,,,114.0,114.0,0.9421487603305785,0.9421487603305785
ultrafast,foreman_cif,19,19,Luma4x4,I16x16,0.8235294117647058,3,2,121.0,122.5,,,123.0,123.0,1.0165289256198347,1.0165289256198347
ultrafast,foreman_cif,19,19,ChromaDC,I16x16,0.058823529411764705,0,0,121.0,121.0,,,7985.0,7985.0,65.99173553719008,65.99173553719008
ultrafast,foreman_cif,19,19,Luma4x4,I16x16,0.7058823529411765,3,3,121.0,126.5625,,,138.0,138.0,1.140495867768595,1.140495867768595
ultrafast,foreman_cif,19,19,ChromaAC,I16x16,0.29411764705882354,3,3,121.0,126.5625,,,123.0,123.0,1.0165289256198347,1.0165289256198347
ultrafast,foreman_cif,19,19,ChromaAC,I16x16,0.6470588235294118,3,3,121.0,126.5625,,,123.0,123.0,1.0165289256198347,1.0165289256198347
ultrafast,foreman_cif,19,19,Luma4x4,I16x16,0.17647058823529413,0,3,121.0,122.5,,,925.0,925.0,7.644628099173554,7.644628099173554
ultrafast,foreman_cif,19,19,ChromaDC,I16x16,0.35294117647058826,0,0,121.0,121.0,,,20519.0,20519.0,169.5785123966942,169.5785123966942
ultrafast,foreman_cif,19,19,Luma4x4,I16x16,0.11764705882352941,0,1,121.0,122.5,,,160.0,160.0,1.322314049586777,1.322314049586777
ultrafast,foreman_cif,19,19,ChromaAC,I16x16,0.7058823529411765,3,3,121.0,126.5625,,,119.0,119.0,0.9834710743801653,0.9834710743801653
ultrafast,foreman_cif,19,19,ChromaAC,I16x16,0.6470588235294118,3,2,121.0,122.5,,,540.0,540.0,4.462809917355372,4.462809917355372
ultrafast,foreman_cif,19,19,ChromaAC,I16x16,0.058823529411764705,2,1,121.0,122.5,,,684.0,684.0,5.652892561983471,5.652892561983471
ultrafast,foreman_cif,19,19,ChromaAC,I16x16,0.17647058823529413,3,3,121.0,126.5625,,,132.0,132.0,1.0909090909090908,1.0909090909090908
ultrafast,foreman_cif,19,19,ChromaAC,I16x16,0.11764705882352941,3,2,121.0,122.5,,,115.0,115.0,0.9504132231404959,0.9504132231404959
ultrafast,foreman_cif,19,19,ChromaAC,I16x16,0.7058823529411765,3,3,121.0,126.5625,,,216.0,216.0,1.7851239669421488,1.7851239669421488
ultrafast,foreman_cif,19,19,ChromaAC,I16x16,0.8823529411764706,3,3,121.0,126.5625,,,282.0,282.0,2.330578512396694,2.330578512396694
ultrafast,foreman_cif,19,19,ChromaAC,I16x16,0.47058823529411764,2,1,121.0,122.5,,,113.0,113.0,0.9338842975206612,0.9338842975206612
ultrafast,foreman_cif,19,19,Luma4x4,I16x16,0.11764705882352941,0,1,121.0,122.5,,,104.0,104.0,0.859504132231405,0.859504132231405
ultrafast,foreman_cif,19,19,Luma4x4,I16x16,0.11764705882352941,0,3,121.0,122.5,,,1440.0,1440.0,11.900826446280991,11.900826446280991
ultrafast,foreman_cif,19,19,ChromaDC,I16x16,0.17647058823529413,0,0,121.0,121.0,,,232.0,232.0,1.9173553719008265,1.9173553719008265
ultrafast,foreman_cif,19,19,ChromaAC,I16x16,0.35294117647058826,3,3,121.0,126.5625,,,140.0,140.0,1.1570247933884297,1.1570247933884297
ultrafast,foreman_cif,19,19,Luma4x4,I16x16,0.35294117647058826,0,1,121.0,122.5,,,800.0,800.0,6.6115702479338845,6.6115702479338845
ultrafast,foreman_cif,19,19,Luma4x4,I16x16,0.35294117647058826,0,1,121.0,122.5,,,160.0,160.0,1.322314049586777,1.322314049586777
ultrafast,foreman_cif,19,19,ChromaAC,I16x16,0.8235294117647058,1,3,121.0,126.5625,,,129.0,129.0,1.0661157024793388,1.0661157024793388
ultrafast,foreman_cif,19,19,ChromaAC,I16x16,0.11764705882352941,3,3,121.0,126.5625,,,284.0,284.0,2.347107438016529,2.347107438016529
ultrafast,foreman_cif,19,19,Luma4x4,I16x16,0.11764705882352941,3,3,121.0,126.5625,,,121.0,121.0,1.0,1.0
ultrafast,foreman_cif,19,19,ChromaAC,I16x16,0.11764705882352941,3,2,121.0,122.5,,,126.0,126.0,1.0413223140495869,1.0413223140495869
ultrafast,foreman_cif,19,19,Luma4x4,I16x16,0.4117647058823529,0,1,121.0,122.5,,,160.0,160.0,1.322314049586777,1.322314049586777
ultrafast,foreman_cif,19,19,ChromaAC,I16x16,0.5294117647058824,3,3,121.0,126.5625,,,128.0,128.0,1.0578512396694215,1.0578512396694215
ultrafast,foreman_cif,19,19,ChromaAC,I16x16,0.47058823529411764,3,0,121.0,122.5,,,148.0,148.0,1.2231404958677685,1.2231404958677685
ultrafast,foreman_cif,19,19,ChromaAC,I16x16,0.5294117647058824,0,3,121.0,122.5,,,104.0,104.0,0.859504132231405,0.859504132231405
ultrafast,foreman_cif,19,19,Luma4x4,I16x16,0.7058823529411765,0,3,121.0,122.5,,,160.0,160.0,1.322314049586777,1.322314049586777
ultrafast,foreman_cif,19,19,ChromaAC,I16x16,0.17647058823529413,0,1,121.0,122.5,,,80.0,80.0,0.6611570247933884,0.6611570247933884
ultrafast,foreman_cif,19,19,ChromaAC,I16x16,0.058823529411764705,1,0,121.0,122.5,,,1440.0,1440.0,11.900826446280991,11.900826446280991
ultrafast,foreman_cif,19,19,Luma4x4,I16x16,0.6470588235294118,3,2,121.0,122.5,,,143.0,143.0,1.1818181818181819,1.1818181818181819
ultrafast,foreman_cif,19,19,ChromaAC,I16x16,0.17647058823529413,0,1,121.0,122.5,,,59048.0,59048.0,488.0,488.0
ultrafast,foreman_cif,19,19,ChromaDC,I16x16,0.35294117647058826,0,0,121.0,121.0,,,550.0,550.0,4.545454545454546,4.545454545454546
ultrafast,foreman_cif,19,19,LumaDC,I16x16,0.47058823529411764,0,0,121.0,121.0,,,576.0,576.0,4.760330578512397,4.760330578512397
ultrafast,foreman_cif,19,19,ChromaAC,I16x16,0.17647058823529413,0,3,121.0,122.5,,,9912.0,9912.0,81.91735537190083,81.91735537190083
ultrafast,foreman_cif,19,19,Luma4x4,I16x16,0.7058823529411765,3,3,121.0,126.5625,,,114.0,114.0,0.9421487603305785,0.9421487603305785
ultrafast,foreman_cif,19,19,Luma4x4,I16x16,0.11764705882352941,3,3,121.0,126.5625,,,112.0,112.0,0.9256198347107438,0.9256198347107438
ultrafast,foreman_cif,19,19,ChromaAC,I16x16,0.29411764705882354,3,3,121.0,126.5625,,,2058.0,2058.0,17.00826446280992,17.00826446280992
ultrafast,foreman_cif,19,19,Luma4x4,I16x16,0.11764705882352941,0,1,121.0,122.5,,,160.0,160.0,1.322314049586777,1.322314049586777
ultrafast,foreman_cif,19,19,ChromaDC,I16x16,0.0,0,0,121.0,121.0,,,15372.0,15372.0,127.04132231404958,127.04132231404958
ultrafast,foreman_cif,19,19,ChromaAC,I16x16,0.7058823529411765,3,3,121.0,126.5625,,,124.0,124.0,1.024793388429752,1.024793388429752
ultrafast,foreman_cif,19,19,Luma4x4,I16x16,0.8235294117647058,3,2,121.0,122.5,,,119.0,119.0,0.9834710743801653,0.9834710743801653
ultrafast,foreman_cif,19,19,Luma4x4,I16x16,0.29411764705882354,0,3,121.0,122.5,,,160.0,160.0,1.322314049586777,1.322314049586777
ultrafast,foreman_cif,19,19,Luma4x4,I16x16,0.23529411764705882,3,0,121.0,122.5,,,520.0,520.0,4.297520661157025,4.297520661157025
ultrafast,foreman_cif,19,19,Luma4x4,I16x16,0.11764705882352941,0,1,121.0,122.5,,,680.0,680.0,5.619834710743802,5.619834710743802
ultrafast,foreman_cif,19,19,Luma4x4,I16x16,0.7647058823529411,3,3,121.0,126.5625,,,122.0,122.0,1.0082644628099173,1.0082644628099173
ultrafast,foreman_cif,19,19,Luma4x4,I16x16,0.47058823529411764,1,1,121.0,126.5625,,,740.0,740.0,6.115702479338843,6.115702479338843
ultrafast,foreman_cif,19,19,Luma4x4,I16x16,0.35294117647058826,0,1,121.0,122.5,,,160.0,160.0,1.322314049586777,1.322314049586777
ultrafast,foreman_cif,19,19,ChromaAC,I16x16,0.0,3,2,121.0,122.5,,,780.0,780.0,6.446280991735537,6.446280991735537
ultrafast,foreman_cif,19,19,ChromaAC,I16x16,0.35294117647058826,0,3,121.0,122.5,,,160.0,160.0,1.322314049586777,1.322314049586777
ultrafast,foreman_cif,19,19,ChromaAC,I16x16,0.7647058823529411,2,3,121.0,122.5,,,122.0,122.0,1.0082644628099173,1.0082644628099173
ultrafast,foreman_cif,19,19,Luma4x4,I16x16,0.17647058823529413,3,3,121.0,126.5625,,,109.0,109.0,0.9008264462809917,0.9008264462809917
ultrafast,foreman_cif,19,19,Luma4x4,I16x16,0.5294117647058824,3,0,121.0,122.5,,,104.0,104.0,0.859504132231405,0.859504132231405
ultrafast,foreman_cif,19,19,Luma4x4,I16x16,0.058823529411764705,3,0,121.0,122.5,,,132.0,132.0,1.0909090909090908,1.0909090909090908
ultrafast,foreman_cif,19,19,LumaDC,I16x16,0.058823529411764705,0,0,121.0,121.0,,,37443.0,37443.0,309.44628099173553,309.44628099173553
ultrafast,foreman_cif,19,19,Luma4x4,I16x16,0.8235294117647058,2,3,121.0,122.5,,,136.0,136.0,1.1239669421487604,1.1239669421487604
ultrafast,foreman_cif,19,19,ChromaAC,I16x16,0.058823529411764705,3,3,121.0,126.5625,,,132.0,132.0,1.0909090909090908,1.0909090909090908
ultrafast,foreman_cif,19,19,LumaDC,I16x16,0.5294117647058824,0,0,121.0,121.0,,,384.0,384.0,3.1735537190082646,3.1735537190082646
ultrafast,foreman_cif,19,19,ChromaAC,I16x16,0.35294117647058826,0,3,121.0,122.5,,,3680.0,3680.0,30.41322314049587,30.41322314049587
ultrafast,foreman_cif,19,19,Luma4x4,I16x16,0.17647058823529413,0,1,121.0,122.5,,,104.0,104.0,0.859504132231405,0.859504132231405
ultrafast,foreman_cif,19,19,ChromaAC,I16x16,0.17647058823529413,0,1,121.0,122.5,,,744.0,744.0,6.148760330578512,6.148760330578512
ultrafast,foreman_cif,19,19,Luma4x4,I16x16,0.4117647058823529,1,1,121.0,126.5625,,,128.0,128.0,1.0578512396694215,1.0578512396694215
ultrafast,foreman_cif,19,19,LumaDC,I16x16,0.11764705882352941,0,0,121.0,121.0,,,26264.0,26264.0,217.05785123966942,217.05785123966942
ultrafast,foreman_cif,19,19,Luma4x4,I16x16,0.4117647058823529,0,1,121.0,122.5,,,160.0,160.0,1.322314049586777,1.322314049586777
ultrafast,foreman_cif,19,19,ChromaAC,I16x16,0.4117647058823529,3,3,121.0,126.5625,,,137.0,137.0,1.1322314049586777,1.1322314049586777
ultrafast,foreman_cif,19,19,LumaDC,I16x16,0.6470588235294118,0,0,121.0,121.0,,,1053.0,1053.0,8.702479338842975,8.702479338842975
ultrafast,foreman_cif,19,19,Luma4x4,I16x16,0.7058823529411765,3,2,121.0,122.5,,,127.0,127.0,1.0495867768595042,1.0495867768595042
ultrafast,foreman_cif,19,19,ChromaAC,I16x16,0.35294117647058826,2,3,121.0,122.5,,,125.0,125.0,1.0330578512396693,1.0330578512396693
ultrafast,foreman_cif,19,19,Luma4x4,I16x16,0.4117647058823529,0,1,121.0,122.5,,,160.0,160.0,1.322314049586777,1.322314049586777
ultrafast,foreman_cif,19,19,Luma4x4,I16x16,0.29411764705882354,0,1,121.0,122.5,,,104.0,104.0,0.859504132231405,0.859504132231405
ultrafast,foreman_cif,19,19,ChromaAC,I16x16,0.5294117647058824,3,0,121.0,122.5,,,136.0,136.0,1.1239669421487604,1.1239669421487604
ultrafast,foreman_cif,19,19,Luma4x4,I16x16,0.29411764705882354,3,0,121.0,122.5,,,112.0,112.0,0.9256198347107438,0.9256198347107438
ultrafast,foreman_cif,19,19,ChromaDC,I16x16,0.47058823529411764,0,0,121.0,121.0,,,295.0,295.0,2.43801652892562,2.43801652892562
ultrafast,foreman_cif,19,19,Luma4x4,I16x16,0.058823529411764705,3,0,121.0,122.5,,,134.0,134.0,1.1074380165289257,1.1074380165289257
ultrafast,foreman_cif,19,19,Luma4x4,I16x16,0.23529411764705882,1,0,121.0,122.5,,,160.0,160.0,1.322314049586777,1.322314049586777
ultrafast,foreman_cif,19,19,ChromaAC,I16x16,0.7058823529411765,3,3,121.0,126.5625,,,141.0,141.0,1.165289256198347,1.165289256198347
ultrafast,foreman_cif,19,19,ChromaAC,I16x16,0.6470588235294118,3,2,121.0,122.5,,,393.0,393.0,3.2479338842975207,3.2479338842975207
ultrafast,foreman_cif,19,19,Luma4x4,I16x16,0.35294117647058826,3,3,121.0,126.5625,,,133.0,133.0,1.0991735537190082,1.0991735537190082
ultrafast,foreman_cif,19,19,ChromaAC,I16x16,0.35294117647058826,3,1,121.0,126.5625,,,122.0,122.0,1.0082644628099173,1.0082644628099173
ultrafast,foreman_cif,19,19,ChromaAC,I16x16,0.0,3,3,121.0,126.5625,,,124.0,124.0,1.024793388429752,1.024793388429752
ultrafast,foreman_cif,19,19,Luma4x4,I16x16,0.7647058823529411,3,3,121.0,126.5625,,,142.0,142.0,1.1735537190082646,1.1735537190082646
ultrafast,foreman_cif,19,19,ChromaAC,I16x16,0.23529411764705882,3,3,121.0,126.5625,,,128.0,128.0,1.0578512396694215,1.0578512396694215
ultrafast,foreman_cif,19,19,Luma4x4,I16x16,0.29411764705882354,0,3,121.0,122.5,,,80.0,80.0,0.6611570247933884,0.6611570247933884
ultrafast,foreman_cif,25,25,Luma4x4,I16x16,0.8823529411764706,3,0,484.0,490.0,,,464.0,464.0,0.9586776859504132,0.9586776859504132
ultrafast,foreman_cif,25,25,ChromaAC,I16x16,0.058823529411764705,2,2,484.0,484.0,,,488.0,488.0,1.0082644628099173,1.0082644628099173
ultrafast,foreman_cif,25,25,ChromaAC,I16x16,0.4117647058823529,2,0,484.0,484.0,,,628.0,628.0,1.2975206611570247,1.2975206611570247
ultrafast,foreman_cif,25,25,ChromaAC,I16x16,0.0,3,3,484.0,506.25,,,532.0,532.0,1.0991735537190082,1.0991735537190082
ultrafast,foreman_cif,25,25,ChromaAC,I16x16,0.5294117647058824,2,0,484.0,484.0,,,510.0,510.0,1.0537190082644627,1.0537190082644627
ultrafast,foreman_cif,25,25,ChromaAC,I16x16,0.35294117647058826,0,3,484.0,490.0,,,44682.0,44682.0,92.31818181818181,92.31818181818181
ultrafast,foreman_cif,25,25,ChromaAC,I16x16,0.7647058823529411,2,3,484.0,490.0,,,3754.0,3754.0,7.756198347107438,7.756198347107438
ultrafast,foreman_cif,25,25,Luma4x4,I16x16,0.11764705882352941,3,0,484.0,490.0,,,6718.0,6718.0,13.880165289256198,13.880165289256198
ultrafast,foreman_cif,25,25,LumaDC,I16x16,0.11764705882352941,0,0,484.0,484.0,,,550.0,550.0,1.1363636363636365,1.1363636363636365
ultrafast,foreman_cif,25,25,Luma4x4,I16x16,0.8823529411764706,3,3,484.0,506.25,,,514.0,514.0,1.06198347107438,1.06198347107438
ultrafast,foreman_cif,25,25,ChromaAC,I16x16,0.7647058823529411,1,3,484.0,506.25,,,496.0,496.0,1.024793388429752,1.024793388429752
ultrafast,foreman_cif,25,25,Luma4x4,I16x16,0.29411764705882354,0,1,484.0,490.0,,,608.0,608.0,1.256198347107438,1.256198347107438
ultrafast,foreman_cif,25,25,ChromaAC,I16x16,0.17647058823529413,0,1,484.0,490.0,,,520.0,520.0,1.0743801652892562,1.0743801652892562
ultrafast,foreman_cif,25,25,ChromaAC,I16x16,0.6470588235294118,3,2,484.0,490.0,,,506.0,506.0,1.0454545454545454,1.0454545454545454
ultrafast,foreman_cif,25,25,ChromaAC,I16x16,0.29411764705882354,0,1,484.0,490.0,,,520.0,520.0,1.0743801652892562,1.0743801652892562
ultrafast,foreman_cif,25,25,ChromaAC,I16x16,0.5294117647058824,2,0,484.0,484.0,,,466.0,466.0,0.9628099173553719,0.9628099173553719
ultrafast,foreman_cif,25,25,ChromaDC,I16x16,0.17647058823529413,0,0,484.0,484.0,,,64360.0,64360.0,132.97520661157026,132.97520661157026
ultrafast,foreman_cif,25,25,Luma4x4,I16x16,0.47058823529411764,3,3,484.0,506.25,,,506.0,506.0,1.0454545454545454,1.0454545454545454
ultrafast,foreman_cif,25,25,ChromaAC,I16x16,0.35294117647058826,3,3,484.0,506.25,,,504.0,504.0,1.0413223140495869,1.0413223140495869
ultrafast,foreman_cif,25,25,ChromaAC,I16x16,0.29411764705882354,0,1,484.0,490.0,,,520.0,520.0,1.0743801652892562,1.0743801652892562
ultrafast,foreman_cif,25,25,Luma4x4,I16x16,0.23529411764705882,1,3,484.0,506.25,,,532.0,532.0,1.0991735537190082,1.0991735537190082
ultrafast,foreman_cif,25,25,ChromaAC,I16x16,0.23529411764705882,3,0,484.0,490.0,,,464.0,464.0,0.9586776859504132,0.9586776859504132
ultrafast,foreman_cif,25,25,Luma4x4,I16x16,0.058823529411764705,0,1,484.0,490.0,,,520.0,520.0,1.0743801652892562,1.0743801652892562
ultrafast,foreman_cif,25,25,Luma4x4,I16x16,0.5294117647058824,3,3,484.0,506.25,,,524.0,524.0,1.0826446280991735,1.0826446280991735
ultrafast,foreman_cif,25,25,Luma4x4,I16x16,0.7058823529411765,2,3,484.0,490.0,,,492.0,492.0,1.0165289256198347,1.0165289256198347
ultrafast,foreman_cif,25,25,ChromaAC,I16x16,0.8823529411764706,1,3,484.0,506.25,,,1914.0,1914.0,3.9545454545454546,3.9545454545454546
ultrafast,foreman_cif,25,25,ChromaAC,I16x16,0.17647058823529413,3,1,484.0,506.25,,,2138.0,2138.0,4.417355371900826,4.417355371900826
ultrafast,foreman_cif,25,25,Luma4x4,I16x16,0.11764705882352941,1,0,484.0,490.0,,,140140.0,140140.0,289.54545454545456,289.54545454545456
ultrafast,foreman_cif,25,25,ChromaAC,I16x16,0.11764705882352941,3,1,484.0,506.25,,,2156.0,2156.0,4.454545454545454,4.454545454545454
ultrafast,foreman_cif,25,25,ChromaAC,I16x16,0.7058823529411765,3,3,484.0,506.25,,,504.0,504.0,1.0413223140495869,1.0413223140495869
ultrafast,foreman_cif,25,25,ChromaAC,I16x16,0.17647058823529413,3,3,484.0,506.25,,,594.0,594.0,1.2272727272727273,1.2272727272727273
ultrafast,foreman_cif,25,25,Luma4x4,I16x16,0.7647058823529411,3,3,484.0,506.25,,,3760.0,3760.0,7.768595041322314,7.768595041322314
ultrafast,foreman_cif,25,25,Luma4x4,I16x16,0.6470588235294118,2,3,484.0,490.0,,,492.0,492.0,1.0165289256198347,1.0165289256198347
ultrafast,foreman_cif,25,25,ChromaDC,I16x16,0.6470588235294118,0,0,484.0,484.0,,,2423.0,2423.0,5.006198347107438,5.006198347107438
ultrafast,foreman_cif,25,25,Luma4x4,I16x16,0.4117647058823529,3,0,484.0,490.0,,,464.0,464.0,0.9586776859504132,0.9586776859504132
ultrafast,foreman_cif,25,25,ChromaAC,I16x16,0.0,2,2,484.0,484.0,,,2264.0,2264.0,4.677685950413223,4.677685950413223
ultrafast,foreman_cif,25,25,ChromaAC,I16x16,0.11764705882352941,3,1,484.0,506.25,,,522.0,522.0,1.078512396694215,1.078512396694215
ultrafast,foreman_cif,25,25,Luma4x4,I16x16,0.8235294117647058,3,3,484.0,506.25,,,522.0,522.0,1.078512396694215,1.078512396694215
ultrafast,foreman_cif,25,25,ChromaAC,I16x16,0.6470588235294118,3,3,484.0,506.25,,,514.0,514.0,1.06198347107438,1.06198347107438
ultrafast,foreman_cif,25,25,ChromaAC,I16x16,0.11764705882352941,3,0,484.0,490.0,,,5104.0,5104.0,10.545454545454545,10.545454545454545
ultrafast,foreman_cif,25,25,ChromaDC,I16x16,0.8235294117647058,0,0,484.0,484.0,,,1668.0,1668.0,3.446280991735537,3.446280991735537
ultrafast,foreman_cif,25,25,ChromaAC,I16x16,0.0,3,3,484.0,506.25,,,2194.0,2194.0,4.533057851239669,4.533057851239669
ultrafast,foreman_cif,25,25,ChromaAC,I16x16,0.11764705882352941,0,1,484.0,490.0,,,464.0,464.0,0.9586776859504132,0.9586776859504132
ultrafast,foreman_cif,25,25,ChromaAC,I16x16,0.8235294117647058,3,3,484.0,506.25,,,928.0,928.0,1.9173553719008265,1.9173553719008265
ultrafast,foreman_cif,25,25,ChromaAC,I16x16,0.4117647058823529,1,1,484.0,506.25,,,514.0,514.0,1.06198347107438,1.06198347107438
ultrafast,foreman_cif,25,25,ChromaAC,I16x16,0.35294117647058826,3,0,484.0,490.0,,,6924.0,6924.0,14.305785123966942,14.305785123966942
ultrafast,foreman_cif,25,25,LumaDC,I16x16,0.29411764705882354,0,0,484.0,484.0,,,558.0,558.0,1.1528925619834711,1.1528925619834711
ultrafast,foreman_cif,25,25,ChromaAC,I16x16,0.8235294117647058,3,2,484.0,490.0,,,478.0,478.0,0.987603305785124,0.987603305785124
ultrafast,foreman_cif,25,25,ChromaAC,I16x16,0.8823529411764706,3,3,484.0,506.25,,,1288.0,1288.0,2.6611570247933884,2.6611570247933884
ultrafast,foreman_cif,25,25,ChromaAC,I16x16,0.35294117647058826,2,0,484.0,484.0,,,2866.0,2866.0,5.921487603305785,5.921487603305785
ultrafast,foreman_cif,25,25,Luma4x4,I16x16,0.0,3,3,484.0,506.25,,,514.0,514.0,1.06198347107438,1.06198347107438
ultrafast,foreman_cif,25,25,ChromaAC,I16x16,0.8823529411764706,3,0,484.0,490.0,,,464.0,464.0,0.9586776859504132,0.9586776859504132
ultrafast,foreman_cif,25,25,ChromaAC,I16x16,0.7058823529411765,3,3,484.0,506.25,,,824.0,824.0,1.7024793388429753,1.7024793388429753
ultrafast,foreman_cif,25,25,ChromaAC,I16x16,0.0,2,2,484.0,484.0,,,532.0,532.0,1.0991735537190082,1.0991735537190082
ultrafast,foreman_cif,25,25,ChromaAC,I16x16,0.29411764705882354,0,1,484.0,490.0,,,4210.0,4210.0,8.698347107438016,8.698347107438016
ultrafast,foreman_cif,25,25,Luma4x4,I16x16,0.7058823529411765,3,2,484.0,490.0,,,492.0,492.0,1.0165289256198347,1.0165289256198347
ultrafast,foreman_cif,25,25,Luma4x4,I16x16,0.29411764705882354,0,1,484.0,490.0,,,608.0,608.0,1.256198347107438,1.256198347107438
ultrafast,foreman_cif,25,25,ChromaAC,I16x16,0.11764705882352941,3,0,484.0,490.0,,,506.0,506.0,1.0454545454545454,1.0454545454545454
ultrafast,foreman_cif,25,25,ChromaAC,I16x16,0.47058823529411764,1,0,484.0,490.0,,,520.0,520.0,1.0743801652892562,1.0743801652892562
ultrafast,foreman_cif,25,25,Luma4x4,I16x16,0.35294117647058826,0,1,484.0,490.0,,,464.0,464.0,0.9586776859504132,0.9586776859504132
ultrafast,foreman_cif,25,25,ChromaDC,I16x16,0.5294117647058824,0,0,484.0,484.0,,,5680.0,5680.0,11.735537190082646,11.735537190082646
ultrafast,foreman_cif,25,25,ChromaAC,I16x16,0.0,3,3,484.0,506.25,,,2044.0,2044.0,4.223140495867769,4.223140495867769
ultrafast,foreman_cif,25,25,Luma4x4,I16x16,0.4117647058823529,0,1,484.0,490.0,,,520.0,520.0,1.0743801652892562,1.0743801652892562
ultrafast,foreman_cif,25,25,ChromaAC,I16x16,0.29411764705882354,1,1,484.0,506.25,,,486.0,486.0,1.0041322314049588,1.0041322314049588
ultrafast,foreman_cif,25,25,Luma4x4,I16x16,0.23529411764705882,0,1,484.0,490.0,,,27560.0,27560.0,56.94214876033058,56.94214876033058
ultrafast,foreman_cif,25,25,Luma4x4,I16x16,0.0,3,3,484.0,506.25,,,3046.0,3046.0,6.293388429752066,6.293388429752066
ultrafast,foreman_cif,25,25,Luma4x4,I16x16,0.29411764705882354,0,1,484.0,490.0,,,520.0,520.0,1.0743801652892562,1.0743801652892562
ultrafast,foreman_cif,25,25,ChromaAC,I16x16,0.23529411764705882,3,3,484.0,506.25,,,838.0,838.0,1.7314049586776858,1.7314049586776858
ultrafast,foreman_cif,25,25,ChromaAC,I16x16,0.058823529411764705,1,0,484.0,490.0,,,520.0,520.0,1.0743801652892562,1.0743801652892562
ultrafast,foreman_cif,25,25,ChromaAC,I16x16,0.35294117647058826,3,0,484.0,490.0,,,542.0,542.0,1.1198347107438016,1.1198347107438016
ultrafast,foreman_cif,25,25,Luma4x4,I16x16,0.35294117647058826,3,3,484.0,506.25,,,504.0,504.0,1.0413223140495869,1.0413223140495869
ultrafast,foreman_cif,25,25,Luma4x4,I16x16,0.6470588235294118,3,3,484.0,506.25,,,496.0,496.0,1.024793388429752,1.024793388429752
ultrafast,foreman_cif,25,25,Luma4x4,I16x16,0.058823529411764705,3,0,484.0,490.0,,,6746.0,6746.0,13.938016528925619,13.938016528925619
ultrafast,foreman_cif,25,25,Luma4x4,I16x16,0.35294117647058826,1,0,484.0,490.0,,,520.0,520.0,1.0743801652892562,1.0743801652892562
ultrafast,foreman_cif,25,25,ChromaAC,I16x16,0.23529411764705882,3,3,484.0,506.25,,,504.0,504.0,1.0413223140495869,1.0413223140495869
ultrafast,foreman_cif,25,25,ChromaDC,I16x16,0.11764705882352941,0,0,484.0,484.0,,,31627.0,31627.0,65.34504132231405,65.34504132231405
ultrafast,foreman_cif,25,25,Luma4x4,I16x16,0.0,3,3,484.0,506.25,,,514.0,514.0,1.06198347107438,1.06198347107438
ultrafast,foreman_cif,25,25,Luma4x4,I16x16,0.7647058823529411,1,3,484.0,506.25,,,514.0,514.0,1.06198347107438,1.06198347107438
ultrafast,foreman_cif,25,25,ChromaAC,I16x16,0.47058823529411764,0,1,484.0,490.0,,,664.0,664.0,1.371900826446281,1.371900826446281
ultrafast,foreman_cif,25,25,Luma4x4,I16x16,0.6470588235294118,3,3,484.0,506.25,,,504.0,504.0,1.0413223140495869,1.0413223140495869
ultrafast,foreman_cif,25,25,Luma4x4,I16x16,0.35294117647058826,0,1,484.0,490.0,,,7832.0,7832.0,16.181818181818183,16.181818181818183
ultrafast,foreman_cif,25,25,Luma4x4,I16x16,0.47058823529411764,1,0,484.0,490.0,,,1868.0,1868.0,3.8595041322314048,3.8595041322314048
ultrafast,foreman_cif,25,25,Luma4x4,I16x16,0.5294117647058824,3,0,484.0,490.0,,,520.0,520.0,1.0743801652892562,1.0743801652892562
ultrafast,foreman_cif,25,25,ChromaAC,I16x16,0.0,3,2,484.0,490.0,,,506.0,506.0,1.0454545454545454,1.0454545454545454
ultrafast,foreman_cif,25,25,LumaDC,I16x16,0.17647058823529413,0,0,484.0,484.0,,,93312.0,93312.0,192.79338842975207,192.79338842975207
ultrafast,foreman_cif,25,25,ChromaAC,I16x16,0.29411764705882354,3,3,484.0,506.25,,,514.0,514.0,1.06198347107438,1.06198347107438
ultrafast,foreman_cif,25,25,ChromaAC,I16x16,0.7647058823529411,2,3,484.0,490.0,,,3557.0,3557.0,7.349173553719008,7.349173553719008
ultrafast,foreman_cif,25,25,Luma4x4,I16x16,0.6470588235294118,3,3,484.0,506.25,,,506.0,506.0,1.0454545454545454,1.0454545454545454
ultrafast,foreman_cif,25,25,ChromaAC,I16x16,0.11764705882352941,1,0,484.0,490.0,,,506.0,506.0,1.0454545454545454,1.0454545454545454
ultrafast,foreman_cif,25,25,Luma4x4,I16x16,0.4117647058823529,0,1,484.0,490.0,,,520.0,520.0,1.0743801652892562,1.0743801652892562
ultrafast,foreman_cif,25,25,ChromaAC,I16x16,0.7058823529411765,3,3,484.0,506.25,,,504.0,504.0,1.0413223140495869,1.0413223140495869
ultrafast,foreman_cif,25,25,Luma4x4,I16x16,0.7647058823529411,3,2,484.0,490.0,,,478.0,478.0,0.987603305785124,0.987603305785124
ultrafast,foreman_cif,25,25,Luma4x4,I16x16,0.7647058823529411,3,2,484.0,490.0,,,4176.0,4176.0,8.62809917355372,8.62809917355372
ultrafast,foreman_cif,25,25,ChromaAC,I16x16,0.6470588235294118,3,3,484.0,506.25,,,1238.0,1238.0,2.5578512396694215,2.5578512396694215
ultrafast,foreman_cif,25,25,ChromaDC,I16x16,0.35294117647058826,0,0,484.0,484.0,,,7755.0,7755.0,16.022727272727273,16.022727272727273
ultrafast,foreman_cif,25,25,ChromaAC,I16x16,0.6470588235294118,3,2,484.0,490.0,,,483.0,483.0,0.9979338842975206,0.9979338842975206
ultrafast,foreman_cif,25,25,LumaDC,I16x16,0.11764705882352941,0,0,484.0,484.0,,,23940.0,23940.0,49.46280991735537,49.46280991735537
ultrafast,foreman_cif,25,25,Luma4x4,I16x16,0.29411764705882354,0,1,484.0,490.0,,,3800.0,3800.0,7.851239669421488,7.851239669421488
ultrafast,foreman_cif,25,25,ChromaAC,I16x16,0.47058823529411764,3,1,484.0,506.25,,,496.0,496.0,1.024793388429752,1.024793388429752
ultrafast,foreman_cif,25,25,ChromaAC,I16x16,0.6470588235294118,3,3,484.0,506.25,,,486.0,486.0,1.0041322314049588,1.0041322314049588
ultrafast,foreman_cif,31,31,LumaDC,I16x16,0.47058823529411764,0,0,1936.0,1936.0,,,91000.0,91000.0,47.00413223140496,47.00413223140496
ultrafast,foreman_cif,31,31,Luma4x4,I16x16,0.11764705882352941,3,0,1936.0,1960.0,,,1960.0,1960.0,1.012396694214876,1.012396694214876
ultrafast,foreman_cif,31,31,Luma4x4,I16x16,0.11764705882352941,1,3,1936.0,2025.0,,,2008.0,2008.0,1.037190082644628,1.037190082644628
ultrafast,foreman_cif,31,31,LumaDC,I16x16,0.0,0,0,1936.0,1936.0,,,80054.0,80054.0,41.35020661157025,41.35020661157025
ultrafast,foreman_cif,31,30,ChromaAC,I16x16,0.35294117647058826,1,0,1600.0,1690.0,,,8997.0,8997.0,5.623125,5.623125
ultrafast,foreman_cif,31,31,Luma4x4,I16x16,0.7058823529411765,3,3,1936.0,2025.0,,,2044.0,2044.0,1.0557851239669422,1.0557851239669422
ultrafast,foreman_cif,31,30,ChromaAC,I16x16,0.5294117647058824,3,0,1600.0,1690.0,,,1540.0,1540.0,0.9625,0.9625
ultrafast,foreman_cif,31,31,Luma4x4,I16x16,0.17647058823529413,1,0,1936.0,1960.0,,,1960.0,1960.0,1.012396694214876,1.012396694214876
ultrafast,foreman_cif,31,30,ChromaAC,I16x16,0.47058823529411764,3,0,1600.0,1690.0,,,1718.0,1718.0,1.07375,1.07375
ultrafast,foreman_cif,31,31,LumaDC,I16x16,0.17647058823529413,0,0,1936.0,1936.0,,,114814.0,114814.0,59.304752066115704,59.304752066115704
ultrafast,foreman_cif,31,30,ChromaAC,I16x16,0.6470588235294118,3,1,1600.0,1600.0,,,1600.0,1600.0,1.0,1.0
ultrafast,foreman_cif,31,30,ChromaAC,I16x16,0.47058823529411764,0,1,1600.0,1690.0,,,7624.0,7624.0,4.765,4.765
ultrafast,foreman_cif,31,31,Luma4x4,I16x16,0.7647058823529411,1,0,1936.0,1960.0,,,1960.0,1960.0,1.012396694214876,1.012396694214876
ultrafast,foreman_cif,31,31,Luma4x4,I16x16,0.8823529411764706,3,3,1936.0,2025.0,,,11320.0,11320.0,5.847107438016529,5.847107438016529
ultrafast,foreman_cif,31,31,Luma4x4,I16x16,0.7647058823529411,3,1,1936.0,2025.0,,,2044.0,2044.0,1.0557851239669422,1.0557851239669422
ultrafast,foreman_cif,31,30,ChromaAC,I16x16,0.8823529411764706,3,3,1600.0,1600.0,,,1600.0,1600.0,1.0,1.0
ultrafast,foreman_cif,31,31,Luma4x4,I16x16,0.29411764705882354,3,0,1936.0,1960.0,,,1960.0,1960.0,1.012396694214876,1.012396694214876
ultrafast,foreman_cif,31,31,Luma4x4,I16x16,0.11764705882352941,3,0,1936.0,1960.0,,,17736.0,17736.0,9.161157024793388,9.161157024793388
ultrafast,foreman_cif,31,30,ChromaAC,I16x16,0.8235294117647058,1,3,1600.0,1600.0,,,2852.0,2852.0,1.7825,1.7825
ultrafast,foreman_cif,31,30,ChromaAC,I16x16,0.7647058823529411,2,3,1600.0,1690.0,,,4560.0,4560.0,2.85,2.85
ultrafast,foreman_cif,31,30,ChromaAC,I16x16,0.6470588235294118,1,3,1600.0,1600.0,,,1600.0,1600.0,1.0,1.0
ultrafast,foreman_cif,31,31,LumaDC,I16x16,0.9411764705882353,0,0,1936.0,1936.0,,,2048.0,2048.0,1.0578512396694215,1.0578512396694215
ultrafast,foreman_cif,31,30,ChromaAC,I16x16,0.29411764705882354,1,0,1600.0,1690.0,,,1640.0,1640.0,1.025,1.025
ultrafast,foreman_cif,31,30,ChromaAC,I16x16,0.47058823529411764,1,1,1600.0,1600.0,,,6720.0,6720.0,4.2,4.2
ultrafast,foreman_cif,31,31,Luma4x4,I16x16,0.058823529411764705,1,0,1936.0,1960.0,,,1960.0,1960.0,1.012396694214876,1.012396694214876
ultrafast,foreman_cif,31,31,LumaDC,I16x16,0.5294117647058824,0,0,1936.0,1936.0,,,62208.0,62208.0,32.13223140495868,32.13223140495868
ultrafast,foreman_cif,31,30,ChromaDC,I16x16,0.058823529411764705,0,0,1600.0,1600.0,,,3200.0,3200.0,2.0,2.0
ultrafast,foreman_cif,31,31,Luma4x4,I16x16,0.17647058823529413,1,0,1936.0,1960.0,,,1960.0,1960.0,1.012396694214876,1.012396694214876
ultrafast,foreman_cif,31,30,ChromaDC,I16x16,0.8235294117647058,0,0,1600.0,1600.0,,,16896.0,16896.0,10.56,10.56
ultrafast,foreman_cif,31,30,ChromaAC,I16x16,0.0,3,3,1600.0,1600.0,,,2880.0,2880.0,1.8,1.8
ultrafast,foreman_cif,31,30,ChromaAC,I16x16,0.7647058823529411,3,3,1600.0,1600.0,,,1600.0,1600.0,1.0,1.0
ultrafast,foreman_cif,31,30,ChromaDC,I16x16,0.8235294117647058,0,0,1600.0,1600.0,,,4800.0,4800.0,3.0,3.0
ultrafast,foreman_cif,31,30,ChromaAC,I16x16,0.17647058823529413,0,1,1600.0,1690.0,,,1744.0,1744.0,1.09,1.09
ultrafast,foreman_cif,31,30,ChromaAC,I16x16,0.058823529411764705,0,2,1600.0,1600.0,,,1600.0,1600.0,1.0,1.0
ultrafast,foreman_cif,31,31,Luma4x4,I16x16,0.11764705882352941,1,1,1936.0,2025.0,,,2008.0,2008.0,1.037190082644628,1.037190082644628
ultrafast,foreman_cif,31,31,Luma4x4,I16x16,0.0,3,3,1936.0,2025.0,,,8828.0,8828.0,4.559917355371901,4.559917355371901
ultrafast,foreman_cif,31,31,LumaDC,I16x16,0.23529411764705882,0,0,1936.0,1936.0,,,124664.0,124664.0,64.39256198347107,64.39256198347107
ultrafast,foreman_cif,31,31,Luma4x4,I16x16,0.058823529411764705,1,0,1936.0,1960.0,,,17640.0,17640.0,9.111570247933884,9.111570247933884
ultrafast,foreman_cif,31,30,ChromaDC,I16x16,0.5294117647058824,0,0,1600.0,1600.0,,,88314.0,88314.0,55.19625,55.19625
ultrafast,foreman_cif,31,31,Luma4x4,I16x16,0.8823529411764706,1,3,1936.0,2025.0,,,2008.0,2008.0,1.037190082644628,1.037190082644628
ultrafast,foreman_cif,31,30,ChromaAC,I16x16,0.6470588235294118,3,2,1600.0,1690.0,,,1692.0,1692.0,1.0575,1.0575
ultrafast,foreman_cif,31,31,Luma4x4,I16x16,0.17647058823529413,1,0,1936.0,1960.0,,,1960.0,1960.0,1.012396694214876,1.012396694214876
ultrafast,foreman_cif,31,31,LumaDC,I16x16,0.7058823529411765,0,0,1936.0,1936.0,,,12034.0,12034.0,6.215909090909091,6.215909090909091
ultrafast,foreman_cif,31,30,ChromaAC,I16x16,0.29411764705882354,3,2,1600.0,1690.0,,,1692.0,1692.0,1.0575,1.0575
ultrafast,foreman_cif,31,30,ChromaAC,I16x16,0.8823529411764706,3,1,1600.0,1600.0,,,6720.0,6720.0,4.2,4.2
ultrafast,foreman_cif,31,30,ChromaAC,I16x16,0.8235294117647058,3,3,1600.0,1600.0,,,1600.0,1600.0,1.0,1.0
ultrafast,foreman_cif,31,31,Luma4x4,I16x16,0.4117647058823529,3,0,1936.0,1960.0,,,1960.0,1960.0,1.012396694214876,1.012396694214876
ultrafast,foreman_cif,31,30,ChromaAC,I16x16,0.7058823529411765,3,3,1600.0,1600.0,,,4160.0,4160.0,2.6,2.6
ultrafast,foreman_cif,31,31,Luma4x4,I16x16,0.17647058823529413,1,0,1936.0,1960.0,,,1960.0,1960.0,1.012396694214876,1.012396694214876
ultrafast,foreman_cif,31,30,ChromaAC,I16x16,0.7058823529411765,1,3,1600.0,1600.0,,,4434.0,4434.0,2.77125,2.77125
ultrafast,foreman_cif,31,30,ChromaDC,I16x16,0.4117647058823529,0,0,1600.0,1600.0,,,37957.0,37957.0,23.723125,23.723125
ultrafast,foreman_cif,31,31,Luma4x4,I16x16,0.11764705882352941,0,3,1936.0,1960.0,,,1960.0,1960.0,1.012396694214876,1.012396694214876
ultrafast,foreman_cif,31,30,ChromaAC,I16x16,0.23529411764705882,2,3,1600.0,1690.0,,,4412.0,4412.0,2.7575,2.7575
ultrafast,foreman_cif,31,30,ChromaAC,I16x16,0.11764705882352941,3,0,1600.0,1690.0,,,1640.0,1640.0,1.025,1.025
ultrafast,foreman_cif,31,31,Luma4x4,I16x16,0.17647058823529413,1,1,1936.0,2025.0,,,2008.0,2008.0,1.037190082644628,1.037190082644628
ultrafast,foreman_cif,31,30,ChromaAC,I16x16,0.7058823529411765,3,3,1600.0,1600.0,,,1600.0,1600.0,1.0,1.0
ultrafast,foreman_cif,31,31,Luma4x4,I16x16,0.8235294117647058,1,3,1936.0,2025.0,,,2008.0,2008.0,1.037190082644628,1.037190082644628
ultrafast,foreman_cif,31,30,ChromaAC,I16x16,0.0,3,1,1600.0,1600.0,,,1600.0,1600.0,1.0,1.0
ultrafast,foreman_cif,31,30,ChromaAC,I16x16,0.35294117647058826,0,1,1600.0,1690.0,,,40112.0,40112.0,25.07,25.07
ultrafast,foreman_cif,31,30,ChromaAC,I16x16,0.35294117647058826,1,0,1600.0,1690.0,,,71585.0,71585.0,44.740625,44.740625
ultrafast,foreman_cif,31,31,Luma4x4,I16x16,0.6470588235294118,3,3,1936.0,2025.0,,,2008.0,2008.0,1.037190082644628,1.037190082644628
ultrafast,foreman_cif,31,30,ChromaAC,I16x16,0.11764705882352941,1,0,1600.0,1690.0,,,1640.0,1640.0,1.025,1.025
ultrafast,foreman_cif,31,30,ChromaAC,I16x16,0.0,3,1,1600.0,1600.0,,,11840.0,11840.0,7.4,7.4
ultrafast,foreman_cif,31,30,ChromaAC,I16x16,0.0,3,2,1600.0,1690.0,,,1692.0,1692.0,1.0575,1.0575
ultrafast,foreman_cif,31,30,ChromaAC,I16x16,0.7647058823529411,0,2,1600.0,1600.0,,,13509.0,13509.0,8.443125,8.443125
ultrafast,foreman_cif,31,30,ChromaAC,I16x16,0.29411764705882354,3,2,1600.0,1690.0,,,1692.0,1692.0,1.0575,1.0575
ultrafast,foreman_cif,31,30,ChromaAC,I16x16,0.7647058823529411,1,1,1600.0,1600.0,,,85120.0,85120.0,53.2,53.2
ultrafast,foreman_cif,31,31,LumaDC,I16x16,0.5294117647058824,0,0,1936.0,1936.0,,,2074.0,2074.0,1.0712809917355373,1.0712809917355373
ultrafast,foreman_cif,31,31,Luma4x4,I16x16,0.0,3,2,1936.0,1960.0,,,1960.0,1960.0,1.012396694214876,1.012396694214876
ultrafast,foreman_cif,31,31,Luma4x4,I16x16,0.0,3,2,1936.0,1960.0,,,1960.0,1960.0,1.012396694214876,1.012396694214876
ultrafast,foreman_cif,31,30,ChromaAC,I16x16,0.0,0,3,1600.0,1690.0,,,8200.0,8200.0,5.125,5.125
ultrafast,foreman_cif,31,30,ChromaAC,I16x16,0.4117647058823529,0,3,1600.0,1690.0,,,1640.0,1640.0,1.025,1.025
ultrafast,foreman_cif,31,31,Luma4x4,I16x16,0.0,3,2,1936.0,1960.0,,,1960.0,1960.0,1.012396694214876,1.012396694214876
ultrafast,foreman_cif,31,30,ChromaDC,I16x16,0.35294117647058826,0,0,1600.0,1600.0,,,11339.0,11339.0,7.086875,7.086875
ultrafast,foreman_cif,31,30,ChromaAC,I16x16,0.0,0,3,1600.0,1690.0,,,120039.0,120039.0,75.024375,75.024375
ultrafast,foreman_cif,31,30,ChromaAC,I16x16,0.0,3,3,1600.0,1600.0,,,8512.0,8512.0,5.32,5.32
ultrafast,foreman_cif,31,31,Luma4x4,I16x16,0.8235294117647058,1,3,1936.0,2025.0,,,2008.0,2008.0,1.037190082644628,1.037190082644628
ultrafast,foreman_cif,31,31,Luma4x4,I16x16,0.6470588235294118,3,3,1936.0,2025.0,,,5436.0,5436.0,2.8078512396694215,2.8078512396694215
ultrafast,foreman_cif,31,31,Luma4x4,I16x16,0.35294117647058826,1,1,1936.0,2025.0,,,2008.0,2008.0,1.037190082644628,1.037190082644628
ultrafast,foreman_cif,31,31,Luma4x4,I16x16,0.7058823529411765,1,3,1936.0,2025.0,,,2044.0,2044.0,1.0557851239669422,1.0557851239669422
ultrafast,foreman_cif,31,30,ChromaAC,I16x16,0.0,3,2,1600.0,1690.0,,,5076.0,5076.0,3.1725,3.1725
ultrafast,foreman_cif,31,30,ChromaAC,I16x16,0.7647058823529411,3,0,1600.0,1690.0,,,1718.0,1718.0,1.07375,1.07375
ultrafast,foreman_cif,31,30,ChromaAC,I16x16,0.058823529411764705,1,0,1600.0,1690.0,,,11480.0,11480.0,7.175,7.175
ultrafast,foreman_cif,31,30,ChromaAC,I16x16,0.8235294117647058,1,3,1600.0,1600.0,,,2880.0,2880.0,1.8,1.8
ultrafast,foreman_cif,31,31,LumaDC,I16x16,0.11764705882352941,0,0,1936.0,1936.0,,,325932.0,325932.0,168.35330578512398,168.35330578512398
ultrafast,foreman_cif,31,31,Luma4x4,I16x16,0.7647058823529411,3,3,1936.0,2025.0,,,2008.0,2008.0,1.037190082644628,1.037190082644628
ultrafast,foreman_cif,31,31,Luma4x4,I16x16,0.35294117647058826,3,0,1936.0,1960.0,,,1960.0,1960.0,1.012396694214876,1.012396694214876
ultrafast,foreman_cif,31,30,ChromaAC,I16x16,0.35294117647058826,1,3,1600.0,1600.0,,,1600.0,1600.0,1.0,1.0
ultrafast,foreman_cif,31,31,Luma4x4,I16x16,0.0,2,3,1936.0,1960.0,,,197016.0,197016.0,101.76446280991736,101.76446280991736
ultrafast,foreman_cif,31,31,Luma4x4,I16x16,0.7647058823529411,2,3,1936.0,1960.0,,,33320.0,33320.0,17.210743801652892,17.210743801652892
ultrafast,foreman_cif,31,31,Luma4x4,I16x16,0.0,3,2,1936.0,1960.0,,,41160.0,41160.0,21.260330578512395,21.260330578512395
ultrafast,foreman_cif,31,30,ChromaAC,I16x16,0.23529411764705882,3,2,1600.0,1690.0,,,1718.0,1718.0,1.07375,1.07375
ultrafast,foreman_cif,31,31,LumaDC,I16x16,0.35294117647058826,0,0,1936.0,1936.0,,,1864.0,1864.0,0.9628099173553719,0.9628099173553719
ultrafast,foreman_cif,31,31,Luma4x4,I16x16,0.7647058823529411,3,3,1936.0,2025.0,,,2008.0,2008.0,1.037190082644628,1.037190082644628
ultrafast,foreman_cif,31,30,ChromaAC,I16x16,0.11764705882352941,3,0,1600.0,1690.0,,,1640.0,1640.0,1.025,1.025
ultrafast,foreman_cif,31,31,Luma4x4,I16x16,0.8235294117647058,2,3,1936.0,1960.0,,,1960.0,1960.0,1.012396694214876,1.012396694214876
ultrafast,foreman_cif,31,31,Luma4x4,I16x16,0.7647058823529411,3,3,1936.0,2025.0,,,2008.0,2008.0,1.037190082644628,1.037190082644628
ultrafast,foreman_cif,31,30,ChromaAC,I16x16,0.11764705882352941,3,0,1600.0,1690.0,,,1744.0,1744.0,1.09,1.09
ultrafast,foreman_cif,31,30,ChromaAC,I16x16,0.4117647058823529,0,3,1600.0,1690.0,,,82992.0,82992.0,51.87,51.87
ultrafast,foreman_cif,31,30,ChromaAC,I16x16,0.35294117647058826,3,2,1600.0,1690.0,,,1692.0,1692.0,1.0575,1.0575
ultrafast,city_cif,19,19,Luma4x4,I16x16,0.7058823529411765,3,3,121.0,126.5625,,,151.0,151.0,1.2479338842975207,1.2479338842975207
ultrafast,city_cif,19,19,Luma4x4,I16x16,0.5882352941176471,0,1,121.0,122.5,,,104.0,104.0,0.859504132231405,0.859504132231405
ultrafast,city_cif,19,19,Luma4x4,I16x16,0.29411764705882354,3,0,121.0,122.5,,,140.0,140.0,1.1570247933884297,1.1570247933884297
ultrafast,city_cif,19,19,Luma4x4,I16x16,0.8235294117647058,3,1,121.0,126.5625,,,128.0,128.0,1.0578512396694215,1.0578512396694215
ultrafast,city_cif,19,19,ChromaDC,I16x16,0.6470588235294118,0,0,121.0,121.0,,,354.0,354.0,2.925619834710744,2.925619834710744
ultrafast,city_cif,19,19,Luma4x4,I16x16,0.35294117647058826,2,3,121.0,122.5,,,123.0,123.0,1.0165289256198347,1.0165289256198347
ultrafast,city_cif,19,19,Luma4x4,I16x16,0.47058823529411764,0,3,121.0,122.5,,,132.0,132.0,1.0909090909090908,1.0909090909090908
ultrafast,city_cif,19,19,ChromaDC,I16x16,1.0,0,0,121.0,121.0,,,183.0,183.0,1.512396694214876,1.512396694214876
ultrafast,city_cif,19,19,Luma4x4,I16x16,0.4117647058823529,2,1,121.0,122.5,,,119.0,119.0,0.9834710743801653,0.9834710743801653
ultrafast,city_cif,19,19,ChromaAC,I16x16,0.29411764705882354,0,2,121.0,121.0,,,736.0,736.0,6.082644628099174,6.082644628099174
ultrafast,city_cif,19,19,Luma4x4,I16x16,0.7647058823529411,2,3,121.0,122.5,,,109.0,109.0,0.9008264462809917,0.9008264462809917
ultrafast,city_cif,19,19,Luma4x4,I16x16,0.35294117647058826,1,3,121.0,126.5625,,,133.0,133.0,1.0991735537190082,1.0991735537190082
ultrafast,city_cif,19,19,Luma4x4,I16x16,0.7647058823529411,1,3,121.0,126.5625,,,4169.0,4169.0,34.45454545454545,34.45454545454545
ultrafast,city_cif,19,19,Luma4x4,I16x16,0.11764705882352941,3,2,121.0,122.5,,,116.0,116.0,0.9586776859504132,0.9586776859504132
ultrafast,city_cif,19,19,ChromaAC,I16x16,0.058823529411764705,0,2,121.0,121.0,,,144.0,144.0,1.1900826446280992,1.1900826446280992
ultrafast,city_cif,19,19,LumaDC,I16x16,0.47058823529411764,0,0,121.0,121.0,,,588.0,588.0,4.859504132231405,4.859504132231405
ultrafast,city_cif,19,19,Luma4x4,I16x16,0.35294117647058826,1,3,121.0,126.5625,,,138.0,138.0,1.140495867768595,1.140495867768595
ultrafast,city_cif,19,19,ChromaAC,I16x16,0.29411764705882354,0,1,121.0,122.5,,,8132.0,8132.0,67.20661157024793,67.20661157024793
ultrafast,city_cif,19,19,Luma4x4,I16x16,0.8823529411764706,2,1,121.0,122.5,,,130.0,130.0,1.0743801652892562,1.0743801652892562
ultrafast,city_cif,19,19,Luma4x4,I16x16,0.7058823529411765,3,2,121.0,122.5,,,123.0,123.0,1.0165289256198347,1.0165289256198347
ultrafast,city_cif,19,19,ChromaAC,I16x16,0.7058823529411765,2,0,121.0,121.0,,,1458.0,1458.0,12.049586776859504,12.049586776859504
ultrafast,city_cif,19,19,Luma4x4,I16x16,0.29411764705882354,0,3,121.0,122.5,,,2244.0,2244.0,18.545454545454547,18.545454545454547
ultrafast,city_cif,19,19,Luma4x4,I16x16,0.23529411764705882,0,3,121.0,122.5,,,160.0,160.0,1.322314049586777,1.322314049586777
ultrafast,city_cif,19,19,ChromaAC,I16x16,0.29411764705882354,0,1,121.0,122.5,,,5172.0,5172.0,42.743801652892564,42.743801652892564
ultrafast,city_cif,19,19,ChromaAC,I16x16,0.11764705882352941,0,1,121.0,122.5,,,120.0,120.0,0.9917355371900827,0.9917355371900827
ultrafast,city_cif,19,19,Luma4x4,I16x16,0.8235294117647058,3,2,121.0,122.5,,,112.0,112.0,0.9256198347107438,0.9256198347107438
ultrafast,city_cif,19,19,ChromaDC,I16x16,0.4117647058823529,0,0,121.0,121.0,,,542.0,542.0,4.479338842975206,4.479338842975206
ultrafast,city_cif,19,19,Luma4x4,I16x16,0.23529411764705882,2,3,121.0,122.5,,,133.0,133.0,1.0991735537190082,1.0991735537190082
ultrafast,city_cif,19,19,Luma4x4,I16x16,0.0,2,0,121.0,121.0,,,124.0,124.0,1.024793388429752,1.024793388429752
ultrafast,city_cif,19,19,Luma4x4,I16x16,0.23529411764705882,3,0,121.0,122.5,,,146.0,146.0,1.2066115702479339,1.2066115702479339
ultrafast,city_cif,19,19,Luma4x4,I16x16,0.47058823529411764,1,0,121.0,122.5,,,1726.0,1726.0,14.264462809917354,14.264462809917354
ultrafast,city_cif,19,19,ChromaDC,I16x16,0.8823529411764706,0,0,121.0,121.0,,,1032.0,1032.0,8.52892561983471,8.52892561983471
ultrafast,city_cif,19,19,Luma4x4,I16x16,0.8823529411764706,2,3,121.0,122.5,,,132.0,132.0,1.0909090909090908,1.0909090909090908
ultrafast,city_cif,19,19,Luma4x4,I16x16,0.7058823529411765,2,3,121.0,122.5,,,119.0,119.0,0.9834710743801653,0.9834710743801653
ultrafast,city_cif,19,19,Luma4x4,I16x16,0.6470588235294118,3,2,121.0,122.5,,,139.0,139.0,1.1487603305785123,1.1487603305785123
ultrafast,city_cif,19,19,Luma4x4,I16x16,0.8823529411764706,1,3,121.0,126.5625,,,140.0,140.0,1.1570247933884297,1.1570247933884297
ultrafast,city_cif,19,19,Luma4x4,I16x16,0.8235294117647058,3,3,121.0,126.5625,,,121.0,121.0,1.0,1.0
ultrafast,city_cif,19,19,Luma4x4,I16x16,0.058823529411764705,1,3,121.0,126.5625,,,136.0,136.0,1.1239669421487604,1.1239669421487604
ultrafast,city_cif,19,19,ChromaAC,I16x16,0.0,0,1,121.0,122.5,,,160.0,160.0,1.322314049586777,1.322314049586777
ultrafast,city_cif,19,19,ChromaAC,I16x16,0.058823529411764705,1,0,121.0,122.5,,,5163.0,5163.0,42.66942148760331,42.66942148760331
ultrafast,city_cif,19,19,Luma4x4,I16x16,0.5882352941176471,1,1,121.0,126.5625,,,1696.0,1696.0,14.016528925619834,14.016528925619834
ultrafast,city_cif,19,19,Luma4x4,I16x16,0.7058823529411765,1,3,121.0,126.5625,,,363.0,363.0,3.0,3.0
ultrafast,city_cif,19,19,Luma4x4,I16x16,0.5882352941176471,1,3,121.0,126.5625,,,136.0,136.0,1.1239669421487604,1.1239669421487604
ultrafast,city_cif,19,19,Luma4x4,I16x16,0.8235294117647058,2,3,121.0,122.5,,,137.0,137.0,1.1322314049586777,1.1322314049586777
ultrafast,city_cif,19,19,Luma4x4,I16x16,0.29411764705882354,3,3,121.0,126.5625,,,156.0,156.0,1.2892561983471074,1.2892561983471074
ultrafast,city_cif,19,19,Luma4x4,I16x16,0.4117647058823529,3,3,121.0,126.5625,,,124.0,124.0,1.024793388429752,1.024793388429752
ultrafast,city_cif,19,19,ChromaDC,I16x16,0.5882352941176471,0,0,121.0,121.0,,,1138.0,1138.0,9.40495867768595,9.40495867768595
ultrafast,city_cif,19,19,Luma4x4,I16x16,0.0,3,0,121.0,122.5,,,109.0,109.0,0.9008264462809917,0.9008264462809917
ultrafast,city_cif,19,19,Luma4x4,I16x16,0.4117647058823529,2,3,121.0,122.5,,,140.0,140.0,1.1570247933884297,1.1570247933884297
ultrafast,city_cif,19,19,Luma4x4,I16x16,0.35294117647058826,3,2,121.0,122.5,,,146.0,146.0,1.2066115702479339,1.2066115702479339
ultrafast,city_cif,19,19,Luma4x4,I16x16,0.7058823529411765,3,3,121.0,126.5625,,,127.0,127.0,1.0495867768595042,1.0495867768595042
ultrafast,city_cif,19,19,ChromaAC,I16x16,0.8823529411764706,1,0,121.0,122.5,,,160.0,160.0,1.322314049586777,1.322314049586777
ultrafast,city_cif,19,19,ChromaAC,I16x16,0.47058823529411764,0,1,121.0,122.5,,,9497.0,9497.0,78.48760330578513,78.48760330578513
ultrafast,city_cif,19,19,Luma4x4,I16x16,0.47058823529411764,3,2,121.0,122.5,,,256.0,256.0,2.115702479338843,2.115702479338843
ultrafast,city_cif,19,19,Luma4x4,I16x16,0.5294117647058824,1,3,121.0,126.5625,,,147.0,147.0,1.2148760330578512,1.2148760330578512
ultrafast,city_cif,19,19,Luma4x4,I16x16,0.8823529411764706,3,3,121.0,126.5625,,,117.0,117.0,0.9669421487603306,0.9669421487603306
ultrafast,city_cif,19,19,ChromaDC,I16x16,0.058823529411764705,0,0,121.0,121.0,,,452.0,452.0,3.7355371900826446,3.7355371900826446
ultrafast,city_cif,19,19,Luma4x4,I16x16,0.5294117647058824,3,3,121.0,126.5625,,,133.0,133.0,1.0991735537190082,1.0991735537190082
ultrafast,city_cif,19,19,Luma4x4,I16x16,0.0,2,2,121.0,121.0,,,124.0,124.0,1.024793388429752,1.024793388429752
ultrafast,city_cif,19,19,Luma4x4,I16x16,0.6470588235294118,1,3,121.0,126.5625,,,124.0,124.0,1.024793388429752,1.024793388429752
ultrafast,city_cif,19,19,Luma4x4,I16x16,0.11764705882352941,1,2,121.0,122.5,,,130.0,130.0,1.0743801652892562,1.0743801652892562
ultrafast,city_cif,19,19,Luma4x4,I16x16,0.47058823529411764,0,2,121.0,121.0,,,138.0,138.0,1.140495867768595,1.140495867768595
ultrafast,city_cif,19,19,Luma4x4,I16x16,1.0,1,3,121.0,126.5625,,,115.0,115.0,0.9504132231404959,0.9504132231404959
ultrafast,city_cif,19,19,Luma4x4,I16x16,0.17647058823529413,0,3,121.0,122.5,,,133.0,133.0,1.0991735537190082,1.0991735537190082
ultrafast,city_cif,19,19,Luma4x4,I16x16,0.5294117647058824,3,2,121.0,122.5,,,129.0,129.0,1.0661157024793388,1.0661157024793388
ultrafast,city_cif,19,19,Luma4x4,I16x16,0.35294117647058826,3,1,121.0,126.5625,,,140.0,140.0,1.1570247933884297,1.1570247933884297
ultrafast,city_cif,19,19,Luma4x4,I16x16,0.47058823529411764,2,2,121.0,121.0,,,129.0,129.0,1.0661157024793388,1.0661157024793388
ultrafast,city_cif,19,19,ChromaDC,I16x16,0.9411764705882353,0,0,121.0,121.0,,,311.0,311.0,2.5702479338842976,2.5702479338842976
ultrafast,city_cif,19,19,Luma4x4,I16x16,0.35294117647058826,2,0,121.0,121.0,,,144.0,144.0,1.1900826446280992,1.1900826446280992
ultrafast,city_cif,19,19,Luma4x4,I16x16,0.23529411764705882,3,2,121.0,122.5,,,126.0,126.0,1.0413223140495869,1.0413223140495869
ultrafast,city_cif,19,19,Luma4x4,I16x16,0.8823529411764706,3,2,121.0,122.5,,,117.0,117.0,0.9669421487603306,0.9669421487603306
ultrafast,city_cif,19,19,Luma4x4,I16x16,0.17647058823529413,1,3,121.0,126.5625,,,133.0,133.0,1.0991735537190082,1.0991735537190082
ultrafast,city_cif,19,19,Luma4x4,I16x16,0.23529411764705882,3,3,121.0,126.5625,,,110.0,110.0,0.9090909090909091,0.9090909090909091
ultrafast,city_cif,19,19,ChromaDC,I16x16,0.058823529411764705,0,0,121.0,121.0,,,2869.0,2869.0,23.710743801652892,23.710743801652892
ultrafast,city_cif,19,19,ChromaDC,I16x16,0.8823529411764706,0,0,121.0,121.0,,,864.0,864.0,7.140495867768595,7.140495867768595
ultrafast,city_cif,19,19,ChromaAC,I16x16,0.7058823529411765,1,0,121.0,122.5,,,104.0,104.0,0.859504132231405,0.859504132231405
ultrafast,city_cif,19,19,Luma4x4,I16x16,0.47058823529411764,1,3,121.0,126.5625,,,123.0,123.0,1.0165289256198347,1.0165289256198347
ultrafast,city_cif,19,19,ChromaAC,I16x16,0.7058823529411765,1,0,121.0,122.5,,,80.0,80.0,0.6611570247933884,0.6611570247933884
ultrafast,city_cif,19,19,ChromaAC,I16x16,0.058823529411764705,1,0,121.0,122.5,,,80.0,80.0,0.6611570247933884,0.6611570247933884
ultrafast,city_cif,19,19,Luma4x4,I16x16,0.23529411764705882,2,0,121.0,121.0,,,64.0,64.0,0.5289256198347108,0.5289256198347108
ultrafast,city_cif,19,19,ChromaAC,I16x16,0.17647058823529413,1,0,121.0,122.5,,,160.0,160.0,1.322314049586777,1.322314049586777
ultrafast,city_cif,19,19,Luma4x4,I16x16,0.8235294117647058,3,3,121.0,126.5625,,,127.0,127.0,1.0495867768595042,1.0495867768595042
ultrafast,city_cif,19,19,LumaDC,I16x16,0.23529411764705882,0,0,121.0,121.0,,,753.0,753.0,6.223140495867769,6.223140495867769
ultrafast,city_cif,19,19,Luma4x4,I16x16,0.8823529411764706,2,3,121.0,122.5,,,133.0,133.0,1.0991735537190082,1.0991735537190082
ultrafast,city_cif,19,19,Luma4x4,I16x16,0.8235294117647058,3,2,121.0,122.5,,,388.0,388.0,3.206611570247934,3.206611570247934
ultrafast,city_cif,19,19,ChromaAC,I16x16,0.7647058823529411,1,0,121.0,122.5,,,80.0,80.0,0.6611570247933884,0.6611570247933884
ultrafast,city_cif,19,19,ChromaAC,I16x16,1.0,1,0,121.0,122.5,,,312.0,312.0,2.5785123966942147,2.5785123966942147
ultrafast,city_cif,19,19,Luma4x4,I16x16,0.7058823529411765,2,1,121.0,122.5,,,133.0,133.0,1.0991735537190082,1.0991735537190082
ultrafast,city_cif,19,19,Luma4x4,I16x16,0.29411764705882354,2,2,121.0,121.0,,,124.0,124.0,1.024793388429752,1.024793388429752
ultrafast,city_cif,19,19,Luma4x4,I16x16,0.8823529411764706,3,2,121.0,122.5,,,129.0,129.0,1.0661157024793388,1.0661157024793388
ultrafast,city_cif,19,19,Luma4x4,I16x16,0.8823529411764706,3,2,121.0,122.5,,,139.0,139.0,1.1487603305785123,1.1487603305785123
ultrafast,city_cif,19,19,ChromaAC,I16x16,0.0,2,0,121.0,121.0,,,1378.0,1378.0,11.388429752066116,11.388429752066116
ultrafast,city_cif,19,19,Luma4x4,I16x16,0.7647058823529411,1,3,121.0,126.5625,,,132.0,132.0,1.0909090909090908,1.0909090909090908
ultrafast,city_cif,19,19,Luma4x4,I16x16,0.9411764705882353,2,3,121.0,122.5,,,126.0,126.0,1.0413223140495869,1.0413223140495869
ultrafast,city_cif,19,19,LumaDC,I16x16,0.8235294117647058,0,0,121.0,121.0,,,190.0,190.0,1.5702479338842976,1.5702479338842976
ultrafast,city_cif,19,19,Luma4x4,I16x16,0.7058823529411765,2,3,121.0,122.5,,,139.0,139.0,1.1487603305785123,1.1487603305785123
ultrafast,city_cif,19,19,Luma4x4,I16x16,0.7058823529411765,3,2,121.0,122.5,,,136.0,136.0,1.1239669421487604,1.1239669421487604
ultrafast,city_cif,19,19,ChromaAC,I16x16,0.6470588235294118,1,0,121.0,122.5,,,3076.0,3076.0,25.421487603305785,25.421487603305785
ultrafast,city_cif,19,19,ChromaAC,I16x16,0.058823529411764705,2,0,121.0,121.0,,,144.0,144.0,1.1900826446280992,1.1900826446280992
ultrafast,city_cif,19,19,Luma4x4,I16x16,0.8823529411764706,1,3,121.0,126.5625,,,131.0,131.0,1.0826446280991735,1.0826446280991735
ultrafast,city_cif,25,25,Luma4x4,I16x16,0.23529411764705882,0,1,484.0,490.0,,,464.0,464.0,0.9586776859504132,0.9586776859504132
ultrafast,city_cif,25,25,Luma4x4,I16x16,0.4117647058823529,3,1,484.0,506.25,,,504.0,504.0,1.0413223140495869,1.0413223140495869
ultrafast,city_cif,25,25,Luma4x4,I16x16,0.23529411764705882,0,2,484.0,484.0,,,400.0,400.0,0.8264462809917356,0.8264462809917356
ultrafast,city_cif,25,25,Luma4x4,I16x16,1.0,1,3,484.0,506.25,,,542.0,542.0,1.1198347107438016,1.1198347107438016
ultrafast,city_cif,25,25,Luma4x4,I16x16,0.23529411764705882,2,2,484.0,484.0,,,488.0,488.0,1.0082644628099173,1.0082644628099173
ultrafast,city_cif,25,25,Luma4x4,I16x16,0.058823529411764705,1,0,484.0,490.0,,,464.0,464.0,0.9586776859504132,0.9586776859504132
ultrafast,city_cif,25,25,Luma4x4,I16x16,0.7058823529411765,1,1,484.0,506.25,,,1018.0,1018.0,2.103305785123967,2.103305785123967
ultrafast,city_cif,25,25,Luma4x4,I16x16,0.0,3,2,484.0,490.0,,,492.0,492.0,1.0165289256198347,1.0165289256198347
ultrafast,city_cif,25,25,ChromaAC,I16x16,0.23529411764705882,2,0,484.0,484.0,,,400.0,400.0,0.8264462809917356,0.8264462809917356
ultrafast,city_cif,25,25,Luma4x4,I16x16,0.23529411764705882,0,2,484.0,484.0,,,3396.0,3396.0,7.016528925619835,7.016528925619835
ultrafast,city_cif,25,25,Luma4x4,I16x16,0.29411764705882354,3,2,484.0,490.0,,,1418.0,1418.0,2.9297520661157024,2.9297520661157024
ultrafast,city_cif,25,25,Luma4x4,I16x16,0.0,1,2,484.0,490.0,,,464.0,464.0,0.9586776859504132,0.9586776859504132
ultrafast,city_cif,25,25,Luma4x4,I16x16,0.8235294117647058,3,2,484.0,490.0,,,478.0,478.0,0.987603305785124,0.987603305785124
ultrafast,city_cif,25,25,Luma4x4,I16x16,0.23529411764705882,0,3,484.0,490.0,,,2320.0,2320.0,4.793388429752066,4.793388429752066
ultrafast,city_cif,25,25,Luma4x4,I16x16,0.8235294117647058,2,2,484.0,484.0,,,488.0,488.0,1.0082644628099173,1.0082644628099173
ultrafast,city_cif,25,25,Luma4x4,I16x16,0.7647058823529411,2,2,484.0,484.0,,,2242.0,2242.0,4.632231404958677,4.632231404958677
ultrafast,city_cif,25,25,Luma4x4,I16x16,0.7058823529411765,3,1,484.0,506.25,,,933.0,933.0,1.927685950413223,1.927685950413223
ultrafast,city_cif,25,25,Luma4x4,I16x16,0.5294117647058824,3,0,484.0,490.0,,,506.0,506.0,1.0454545454545454,1.0454545454545454
ultrafast,city_cif,25,25,ChromaAC,I16x16,0.6470588235294118,2,0,484.0,484.0,,,576.0,576.0,1.1900826446280992,1.1900826446280992
ultrafast,city_cif,25,25,ChromaAC,I16x16,0.6470588235294118,0,1,484.0,490.0,,,720.0,720.0,1.487603305785124,1.487603305785124
ultrafast,city_cif,25,25,ChromaDC,I16x16,0.4117647058823529,0,0,484.0,484.0,,,5868.0,5868.0,12.12396694214876,12.12396694214876
ultrafast,city_cif,25,25,Luma4x4,I16x16,0.4117647058823529,1,1,484.0,506.25,,,504.0,504.0,1.0413223140495869,1.0413223140495869
ultrafast,city_cif,25,25,Luma4x4,I16x16,0.23529411764705882,0,2,484.0,484.0,,,532.0,532.0,1.0991735537190082,1.0991735537190082
ultrafast,city_cif,25,25,ChromaDC,I16x16,0.23529411764705882,0,0,484.0,484.0,,,14665.0,14665.0,30.299586776859503,30.299586776859503
ultrafast,city_cif,25,25,Luma4x4,I16x16,0.7647058823529411,0,1,484.0,490.0,,,2760.0,2760.0,5.702479338842975,5.702479338842975
ultrafast,city_cif,25,25,Luma4x4,I16x16,0.058823529411764705,0,2,484.0,484.0,,,532.0,532.0,1.0991735537190082,1.0991735537190082
ultrafast,city_cif,25,25,Luma4x4,I16x16,0.9411764705882353,1,2,484.0,490.0,,,492.0,492.0,1.0165289256198347,1.0165289256198347
ultrafast,city_cif,25,25,LumaDC,I16x16,0.8235294117647058,0,0,484.0,484.0,,,538.0,538.0,1.1115702479338843,1.1115702479338843
ultrafast,city_cif,25,25,ChromaAC,I16x16,0.058823529411764705,1,0,484.0,490.0,,,776.0,776.0,1.603305785123967,1.603305785123967
ultrafast,city_cif,25,25,Luma4x4,I16x16,0.47058823529411764,2,1,484.0,490.0,,,520.0,520.0,1.0743801652892562,1.0743801652892562
ultrafast,city_cif,25,25,Luma4x4,I16x16,0.4117647058823529,0,2,484.0,484.0,,,488.0,488.0,1.0082644628099173,1.0082644628099173
ultrafast,city_cif,25,25,Luma4x4,I16x16,0.0,2,1,484.0,490.0,,,478.0,478.0,0.987603305785124,0.987603305785124
ultrafast,city_cif,25,25,LumaDC,I16x16,0.058823529411764705,0,0,484.0,484.0,,,3326.0,3326.0,6.871900826446281,6.871900826446281
ultrafast,city_cif,25,25,Luma4x4,I16x16,0.6470588235294118,3,2,484.0,490.0,,,506.0,506.0,1.0454545454545454,1.0454545454545454
ultrafast,city_cif,25,25,Luma4x4,I16x16,0.47058823529411764,1,2,484.0,490.0,,,492.0,492.0,1.0165289256198347,1.0165289256198347
ultrafast,city_cif,25,25,Luma4x4,I16x16,0.11764705882352941,3,0,484.0,490.0,,,4142.0,4142.0,8.557851239669422,8.557851239669422
ultrafast,city_cif,25,25,Luma4x4,I16x16,0.11764705882352941,0,3,484.0,490.0,,,520.0,520.0,1.0743801652892562,1.0743801652892562
ultrafast,city_cif,25,25,Luma4x4,I16x16,0.4117647058823529,3,0,484.0,490.0,,,492.0,492.0,1.0165289256198347,1.0165289256198347
ultrafast,city_cif,25,25,Luma4x4,I16x16,0.23529411764705882,1,3,484.0,506.25,,,514.0,514.0,1.06198347107438,1.06198347107438
ultrafast,city_cif,25,25,Luma4x4,I16x16,0.9411764705882353,0,3,484.0,490.0,,,2320.0,2320.0,4.793388429752066,4.793388429752066
ultrafast,city_cif,25,25,Luma4x4,I16x16,0.5882352941176471,3,0,484.0,490.0,,,464.0,464.0,0.9586776859504132,0.9586776859504132
ultrafast,city_cif,25,25,Luma4x4,I16x16,0.23529411764705882,2,2,484.0,484.0,,,532.0,532.0,1.0991735537190082,1.0991735537190082
ultrafast,city_cif,25,25,Luma4x4,I16x16,0.7058823529411765,2,1,484.0,490.0,,,492.0,492.0,1.0165289256198347,1.0165289256198347
ultrafast,city_cif,25,25,Luma4x4,I16x16,0.29411764705882354,3,1,484.0,506.25,,,504.0,504.0,1.0413223140495869,1.0413223140495869
ultrafast,city_cif,25,25,Luma4x4,I16x16,0.058823529411764705,2,0,484.0,484.0,,,444.0,444.0,0.9173553719008265,0.9173553719008265
ultrafast,city_cif,25,25,Luma4x4,I16x16,0.4117647058823529,3,1,484.0,506.25,,,514.0,514.0,1.06198347107438,1.06198347107438
ultrafast,city_cif,25,25,Luma4x4,I16x16,0.5882352941176471,1,1,484.0,506.25,,,540.0,540.0,1.115702479338843,1.115702479338843
ultrafast,city_cif,25,25,Luma4x4,I16x16,0.0,0,3,484.0,490.0,,,24034.0,24034.0,49.65702479338843,49.65702479338843
ultrafast,city_cif,25,25,Luma4x4,I16x16,0.9411764705882353,0,1,484.0,490.0,,,464.0,464.0,0.9586776859504132,0.9586776859504132
ultrafast,city_cif,25,25,Luma4x4,I16x16,0.7058823529411765,2,2,484.0,484.0,,,9726.0,9726.0,20.09504132231405,20.09504132231405
ultrafast,city_cif,25,25,Luma4x4,I16x16,0.17647058823529413,0,2,484.0,484.0,,,400.0,400.0,0.8264462809917356,0.8264462809917356
ultrafast,city_cif,25,25,Luma4x4,I16x16,0.058823529411764705,1,3,484.0,506.25,,,504.0,504.0,1.0413223140495869,1.0413223140495869
ultrafast,city_cif,25,25,Luma4x4,I16x16,0.8823529411764706,2,1,484.0,490.0,,,478.0,478.0,0.987603305785124,0.987603305785124
ultrafast,city_cif,25,25,Luma4x4,I16x16,0.8235294117647058,1,2,484.0,490.0,,,492.0,492.0,1.0165289256198347,1.0165289256198347
ultrafast,city_cif,25,25,Luma4x4,I16x16,1.0,2,2,484.0,484.0,,,488.0,488.0,1.0082644628099173,1.0082644628099173
ultrafast,city_cif,25,25,Luma4x4,I16x16,0.7058823529411765,3,1,484.0,506.25,,,496.0,496.0,1.024793388429752,1.024793388429752
ultrafast,city_cif,25,25,ChromaAC,I16x16,0.7647058823529411,1,0,484.0,490.0,,,1392.0,1392.0,2.87603305785124,2.87603305785124
ultrafast,city_cif,25,25,Luma4x4,I16x16,0.7647058823529411,2,3,484.0,490.0,,,478.0,478.0,0.987603305785124,0.987603305785124
ultrafast,city_cif,25,25,Luma4x4,I16x16,0.6470588235294118,2,2,484.0,484.0,,,444.0,444.0,0.9173553719008265,0.9173553719008265
ultrafast,city_cif,25,25,Luma4x4,I16x16,0.8235294117647058,0,1,484.0,490.0,,,520.0,520.0,1.0743801652892562,1.0743801652892562
ultrafast,city_cif,25,25,LumaDC,I16x16,0.47058823529411764,0,0,484.0,484.0,,,595.0,595.0,1.2293388429752066,1.2293388429752066
ultrafast,city_cif,25,25,ChromaDC,I16x16,0.7647058823529411,0,0,484.0,484.0,,,352.0,352.0,0.7272727272727273,0.7272727272727273
ultrafast,city_cif,25,25,Luma4x4,I16x16,0.8235294117647058,2,3,484.0,490.0,,,506.0,506.0,1.0454545454545454,1.0454545454545454
ultrafast,city_cif,25,25,Luma4x4,I16x16,0.5294117647058824,0,3,484.0,490.0,,,506.0,506.0,1.0454545454545454,1.0454545454545454
ultrafast,city_cif,25,25,Luma4x4,I16x16,0.5294117647058824,2,2,484.0,484.0,,,466.0,466.0,0.9628099173553719,0.9628099173553719
ultrafast,city_cif,25,25,Luma4x4,I16x16,0.6470588235294118,1,2,484.0,490.0,,,4428.0,4428.0,9.148760330578513,9.148760330578513
ultrafast,city_cif,25,25,ChromaAC,I16x16,0.5294117647058824,1,0,484.0,490.0,,,464.0,464.0,0.9586776859504132,0.9586776859504132
ultrafast,city_cif,25,25,Luma4x4,I16x16,0.7058823529411765,1,3,484.0,506.25,,,514.0,514.0,1.06198347107438,1.06198347107438
ultrafast,city_cif,25,25,LumaDC,I16x16,0.0,0,0,484.0,484.0,,,2349.0,2349.0,4.853305785123967,4.853305785123967
ultrafast,city_cif,25,25,Luma4x4,I16x16,0.11764705882352941,1,3,484.0,506.25,,,15253.0,15253.0,31.514462809917354,31.514462809917354
ultrafast,city_cif,25,25,Luma4x4,I16x16,0.9411764705882353,3,1,484.0,506.25,,,486.0,486.0,1.0041322314049588,1.0041322314049588
ultrafast,city_cif,25,25,Luma4x4,I16x16,0.4117647058823529,1,3,484.0,506.25,,,504.0,504.0,1.0413223140495869,1.0413223140495869
ultrafast,city_cif,25,25,Luma4x4,I16x16,0.6470588235294118,2,1,484.0,490.0,,,506.0,506.0,1.0454545454545454,1.0454545454545454
ultrafast,city_cif,25,25,Luma4x4,I16x16,0.23529411764705882,0,3,484.0,490.0,,,478.0,478.0,0.987603305785124,0.987603305785124
ultrafast,city_cif,25,25,Luma4x4,I16x16,0.5882352941176471,3,1,484.0,506.25,,,514.0,514.0,1.06198347107438,1.06198347107438
ultrafast,city_cif,25,25,ChromaDC,I16x16,0.0,0,0,484.0,484.0,,,936.0,936.0,1.9338842975206612,1.9338842975206612
ultrafast,city_cif,25,25,ChromaDC,I16x16,0.7647058823529411,0,0,484.0,484.0,,,17605.0,17605.0,36.37396694214876,36.37396694214876
ultrafast,city_cif,25,25,Luma4x4,I16x16,0.4117647058823529,0,3,484.0,490.0,,,478.0,478.0,0.987603305785124,0.987603305785124
ultrafast,city_cif,25,25,ChromaAC,I16x16,0.7647058823529411,0,1,484.0,490.0,,,520.0,520.0,1.0743801652892562,1.0743801652892562
ultrafast,city_cif,25,25,Luma4x4,I16x16,0.0,2,0,484.0,484.0,,,1694.0,1694.0,3.5,3.5
ultrafast,city_cif,25,25,Luma4x4,I16x16,0.6470588235294118,2,1,484.0,490.0,,,478.0,478.0,0.987603305785124,0.987603305785124
ultrafast,city_cif,25,25,Luma4x4,I16x16,0.8823529411764706,2,3,484.0,490.0,,,478.0,478.0,0.987603305785124,0.987603305785124
ultrafast,city_cif,25,25,Luma4x4,I16x16,0.11764705882352941,0,2,484.0,484.0,,,532.0,532.0,1.0991735537190082,1.0991735537190082
ultrafast,city_cif,25,25,Luma4x4,I16x16,0.47058823529411764,0,2,484.0,484.0,,,3600.0,3600.0,7.43801652892562,7.43801652892562
ultrafast,city_cif,25,25,Luma4x4,I16x16,0.7647058823529411,3,2,484.0,490.0,,,478.0,478.0,0.987603305785124,0.987603305785124
ultrafast,city_cif,25,25,Luma4x4,I16x16,0.29411764705882354,3,0,484.0,490.0,,,506.0,506.0,1.0454545454545454,1.0454545454545454
ultrafast,city_cif,25,25,ChromaAC,I16x16,0.17647058823529413,1,0,484.0,490.0,,,4095.0,4095.0,8.460743801652892,8.460743801652892
ultrafast,city_cif,25,25,ChromaAC,I16x16,1.0,0,1,484.0,490.0,,,520.0,520.0,1.0743801652892562,1.0743801652892562
ultrafast,city_cif,25,25,Luma4x4,I16x16,0.8235294117647058,0,3,484.0,490.0,,,520.0,520.0,1.0743801652892562,1.0743801652892562
ultrafast,city_cif,25,25,Luma4x4,I16x16,0.058823529411764705,0,2,484.0,484.0,,,576.0,576.0,1.1900826446280992,1.1900826446280992
ultrafast,city_cif,25,25,Luma4x4,I16x16,0.7058823529411765,2,3,484.0,490.0,,,506.0,506.0,1.0454545454545454,1.0454545454545454
ultrafast,city_cif,25,25,Luma4x4,I16x16,1.0,3,2,484.0,490.0,,,478.0,478.0,0.987603305785124,0.987603305785124
ultrafast,city_cif,25,25,Luma4x4,I16x16,0.35294117647058826,0,3,484.0,490.0,,,520.0,520.0,1.0743801652892562,1.0743801652892562
ultrafast,city_cif,25,25,Luma4x4,I16x16,0.4117647058823529,1,2,484.0,490.0,,,492.0,492.0,1.0165289256198347,1.0165289256198347
ultrafast,city_cif,25,25,Luma4x4,I16x16,0.11764705882352941,0,2,484.0,484.0,,,466.0,466.0,0.9628099173553719,0.9628099173553719
ultrafast,city_cif,25,25,Luma4x4,I16x16,1.0,1,3,484.0,506.25,,,522.0,522.0,1.078512396694215,1.078512396694215
ultrafast,city_cif,25,25,Luma4x4,I16x16,0.4117647058823529,3,2,484.0,490.0,,,492.0,492.0,1.0165289256198347,1.0165289256198347
ultrafast,city_cif,25,25,Luma4x4,I16x16,0.6470588235294118,3,0,484.0,490.0,,,478.0,478.0,0.987603305785124,0.987603305785124
ultrafast,city_cif,25,25,LumaDC,I16x16,0.17647058823529413,0,0,484.0,484.0,,,541.0,541.0,1.1177685950413223,1.1177685950413223
ultrafast,city_cif,25,25,Luma4x4,I16x16,1.0,1,3,484.0,506.25,,,514.0,514.0,1.06198347107438,1.06198347107438
ultrafast,city_cif,31,31,Luma4x4,I16x16,1.0,0,3,1936.0,1960.0,,,1960.0,1960.0,1.012396694214876,1.012396694214876
ultrafast,city_cif,31,31,Luma4x4,I16x16,0.5294117647058824,3,2,1936.0,1960.0,,,1960.0,1960.0,1.012396694214876,1.012396694214876
ultrafast,city_cif,31,31,Luma4x4,I16x16,0.4117647058823529,2,1,1936.0,1960.0,,,1960.0,1960.0,1.012396694214876,1.012396694214876
ultrafast,city_cif,31,31,Luma4x4,I16x16,0.35294117647058826,0,3,1936.0,1960.0,,,1960.0,1960.0,1.012396694214876,1.012396694214876
ultrafast,city_cif,31,31,Luma4x4,I16x16,0.47058823529411764,2,0,1936.0,1936.0,,,9592.0,9592.0,4.954545454545454,4.954545454545454
ultrafast,city_cif,31,31,Luma4x4,I16x16,0.5294117647058824,0,2,1936.0,1936.0,,,1936.0,1936.0,1.0,1.0
ultrafast,city_cif,31,31,Luma4x4,I16x16,0.7647058823529411,3,2,1936.0,1960.0,,,1960.0,1960.0,1.012396694214876,1.012396694214876
ultrafast,city_cif,31,31,Luma4x4,I16x16,0.8823529411764706,1,2,1936.0,1960.0,,,1960.0,1960.0,1.012396694214876,1.012396694214876
ultrafast,city_cif,31,31,Luma4x4,I16x16,0.35294117647058826,0,3,1936.0,1960.0,,,1960.0,1960.0,1.012396694214876,1.012396694214876
ultrafast,city_cif,31,31,Luma4x4,I16x16,0.9411764705882353,2,1,1936.0,1960.0,,,2054.0,2054.0,1.0609504132231404,1.0609504132231404
ultrafast,city_cif,31,31,Luma4x4,I16x16,0.29411764705882354,3,0,1936.0,1960.0,,,1960.0,1960.0,1.012396694214876,1.012396694214876
ultrafast,city_cif,31,31,Luma4x4,I16x16,0.4117647058823529,0,2,1936.0,1936.0,,,1936.0,1936.0,1.0,1.0
ultrafast,city_cif,31,31,Luma4x4,I16x16,1.0,0,3,1936.0,1960.0,,,1960.0,1960.0,1.012396694214876,1.012396694214876
ultrafast,city_cif,31,31,Luma4x4,I16x16,0.9411764705882353,1,3,1936.0,2025.0,,,2044.0,2044.0,1.0557851239669422,1.0557851239669422
ultrafast,city_cif,31,31,Luma4x4,I16x16,0.11764705882352941,0,1,1936.0,1960.0,,,1960.0,1960.0,1.012396694214876,1.012396694214876
ultrafast,city_cif,31,31,LumaDC,I16x16,0.5294117647058824,0,0,1936.0,1936.0,,,1984.0,1984.0,1.024793388429752,1.024793388429752
ultrafast,city_cif,31,31,Luma4x4,I16x16,0.11764705882352941,2,0,1936.0,1936.0,,,1936.0,1936.0,1.0,1.0
ultrafast,city_cif,31,31,Luma4x4,I16x16,0.23529411764705882,2,1,1936.0,1960.0,,,1960.0,1960.0,1.012396694214876,1.012396694214876
ultrafast,city_cif,31,31,Luma4x4,I16x16,0.29411764705882354,2,1,1936.0,1960.0,,,1960.0,1960.0,1.012396694214876,1.012396694214876
ultrafast,city_cif,31,31,Luma4x4,I16x16,0.47058823529411764,0,2,1936.0,1936.0,,,1936.0,1936.0,1.0,1.0
ultrafast,city_cif,31,31,Luma4x4,I16x16,0.29411764705882354,3,1,1936.0,2025.0,,,2008.0,2008.0,1.037190082644628,1.037190082644628
ultrafast,city_cif,31,31,Luma4x4,I16x16,0.11764705882352941,2,1,1936.0,1960.0,,,1960.0,1960.0,1.012396694214876,1.012396694214876
ultrafast,city_cif,31,31,LumaDC,I16x16,0.8823529411764706,0,0,1936.0,1936.0,,,7972.0,7972.0,4.117768595041323,4.117768595041323
ultrafast,city_cif,31,31,LumaDC,I16x16,0.4117647058823529,0,0,1936.0,1936.0,,,18044.0,18044.0,9.320247933884298,9.320247933884298
ultrafast,city_cif,31,31,Luma4x4,I16x16,0.7058823529411765,3,0,1936.0,1960.0,,,1960.0,1960.0,1.012396694214876,1.012396694214876
ultrafast,city_cif,31,31,Luma4x4,I16x16,0.5294117647058824,3,0,1936.0,1960.0,,,1960.0,1960.0,1.012396694214876,1.012396694214876
ultrafast,city_cif,31,31,Luma4x4,I16x16,0.8823529411764706,1,0,1936.0,1960.0,,,1960.0,1960.0,1.012396694214876,1.012396694214876
ultrafast,city_cif,31,31,Luma4x4,I16x16,0.6470588235294118,1,1,1936.0,2025.0,,,2008.0,2008.0,1.037190082644628,1.037190082644628
ultrafast,city_cif,31,31,Luma4x4,I16x16,0.6470588235294118,2,0,1936.0,1936.0,,,1936.0,1936.0,1.0,1.0
ultrafast,city_cif,31,31,Luma4x4,I16x16,0.7647058823529411,0,2,1936.0,1936.0,,,1936.0,1936.0,1.0,1.0
ultrafast,city_cif,31,31,LumaDC,I16x16,0.5294117647058824,0,0,1936.0,1936.0,,,1924.0,1924.0,0.993801652892562,0.993801652892562
ultrafast,city_cif,31,31,LumaDC,I16x16,0.8235294117647058,0,0,1936.0,1936.0,,,17590.0,17590.0,9.085743801652892,9.085743801652892
ultrafast,city_cif,31,31,Luma4x4,I16x16,0.058823529411764705,1,2,1936.0,1960.0,,,1960.0,1960.0,1.012396694214876,1.012396694214876
ultrafast,city_cif,31,31,Luma4x4,I16x16,0.7058823529411765,3,2,1936.0,1960.0,,,1960.0,1960.0,1.012396694214876,1.012396694214876
ultrafast,city_cif,31,31,Luma4x4,I16x16,1.0,3,0,1936.0,1960.0,,,5132.0,5132.0,2.6508264462809916,2.6508264462809916
ultrafast,city_cif,31,31,Luma4x4,I16x16,0.17647058823529413,0,1,1936.0,1960.0,,,1960.0,1960.0,1.012396694214876,1.012396694214876
ultrafast,city_cif,31,31,Luma4x4,I16x16,0.7647058823529411,3,0,1936.0,1960.0,,,1960.0,1960.0,1.012396694214876,1.012396694214876
ultrafast,city_cif,31,31,Luma4x4,I16x16,0.9411764705882353,1,0,1936.0,1960.0,,,1960.0,1960.0,1.012396694214876,1.012396694214876
ultrafast,city_cif,31,31,Luma4x4,I16x16,0.11764705882352941,1,1,1936.0,2025.0,,,2008.0,2008.0,1.037190082644628,1.037190082644628
ultrafast,city_cif,31,31,Luma4x4,I16x16,0.6470588235294118,2,0,1936.0,1936.0,,,1936.0,1936.0,1.0,1.0
ultrafast,city_cif,31,31,Luma4x4,I16x16,0.47058823529411764,0,2,1936.0,1936.0,,,1936.0,1936.0,1.0,1.0
ultrafast,city_cif,31,31,Luma4x4,I16x16,0.5294117647058824,0,3,1936.0,1960.0,,,1960.0,1960.0,1.012396694214876,1.012396694214876
ultrafast,city_cif,31,31,LumaDC,I16x16,0.17647058823529413,0,0,1936.0,1936.0,,,4008.0,4008.0,2.0702479338842976,2.0702479338842976
ultrafast,city_cif,31,31,LumaDC,I16x16,0.7647058823529411,0,0,1936.0,1936.0,,,9027.0,9027.0,4.662706611570248,4.662706611570248
ultrafast,city_cif,31,30,ChromaDC,I16x16,0.29411764705882354,0,0,1600.0,1600.0,,,4864.0,4864.0,3.04,3.04
ultrafast,city_cif,31,31,Luma4x4,I16x16,0.11764705882352941,1,3,1936.0,2025.0,,,14968.0,14968.0,7.731404958677686,7.731404958677686
ultrafast,city_cif,31,31,Luma4x4,I16x16,0.29411764705882354,0,2,1936.0,1936.0,,,15070.0,15070.0,7.784090909090909,7.784090909090909
ultrafast,city_cif,31,31,Luma4x4,I16x16,0.47058823529411764,2,0,1936.0,1936.0,,,1936.0,1936.0,1.0,1.0
ultrafast,city_cif,31,31,Luma4x4,I16x16,0.29411764705882354,0,2,1936.0,1936.0,,,9680.0,9680.0,5.0,5.0
ultrafast,city_cif,31,31,LumaDC,I16x16,0.17647058823529413,0,0,1936.0,1936.0,,,2104.0,2104.0,1.0867768595041323,1.0867768595041323
ultrafast,city_cif,31,31,Luma4x4,I16x16,0.6470588235294118,3,0,1936.0,1960.0,,,1960.0,1960.0,1.012396694214876,1.012396694214876
ultrafast,city_cif,31,31,Luma4x4,I16x16,0.8823529411764706,2,2,1936.0,1936.0,,,1936.0,1936.0,1.0,1.0
ultrafast,city_cif,31,31,Luma4x4,I16x16,0.0,1,0,1936.0,1960.0,,,1960.0,1960.0,1.012396694214876,1.012396694214876
ultrafast,city_cif,31,31,Luma4x4,I16x16,0.35294117647058826,2,1,1936.0,1960.0,,,1960.0,1960.0,1.012396694214876,1.012396694214876
ultrafast,city_cif,31,31,Luma4x4,I16x16,0.6470588235294118,1,2,1936.0,1960.0,,,1960.0,1960.0,1.012396694214876,1.012396694214876
ultrafast,city_cif,31,31,Luma4x4,I16x16,0.11764705882352941,1,1,1936.0,2025.0,,,2044.0,2044.0,1.0557851239669422,1.0557851239669422
ultrafast,city_cif,31,31,Luma4x4,I16x16,0.058823529411764705,1,2,1936.0,1960.0,,,1960.0,1960.0,1.012396694214876,1.012396694214876
ultrafast,city_cif,31,31,Luma4x4,I16x16,0.35294117647058826,1,2,1936.0,1960.0,,,1960.0,1960.0,1.012396694214876,1.012396694214876
ultrafast,city_cif,31,31,LumaDC,I16x16,0.17647058823529413,0,0,1936.0,1936.0,,,3077.0,3077.0,1.5893595041322315,1.5893595041322315
ultrafast,city_cif,31,31,Luma4x4,I16x16,0.35294117647058826,1,3,1936.0,2025.0,,,2008.0,2008.0,1.037190082644628,1.037190082644628
ultrafast,city_cif,31,30,ChromaDC,I16x16,1.0,0,0,1600.0,1600.0,,,4064.0,4064.0,2.54,2.54
ultrafast,city_cif,31,31,Luma4x4,I16x16,0.9411764705882353,1,0,1936.0,1960.0,,,1960.0,1960.0,1.012396694214876,1.012396694214876
ultrafast,city_cif,31,31,Luma4x4,I16x16,0.7058823529411765,1,2,1936.0,1960.0,,,1960.0,1960.0,1.012396694214876,1.012396694214876
ultrafast,city_cif,31,31,Luma4x4,I16x16,1.0,1,1,1936.0,2025.0,,,2044.0,2044.0,1.0557851239669422,1.0557851239669422
ultrafast,city_cif,31,31,Luma4x4,I16x16,0.7647058823529411,3,1,1936.0,2025.0,,,2008.0,2008.0,1.037190082644628,1.037190082644628
ultrafast,city_cif,31,31,Luma4x4,I16x16,0.8235294117647058,0,1,1936.0,1960.0,,,1960.0,1960.0,1.012396694214876,1.012396694214876
ultrafast,city_cif,31,31,Luma4x4,I16x16,0.8235294117647058,3,2,1936.0,1960.0,,,1960.0,1960.0,1.012396694214876,1.012396694214876
ultrafast,city_cif,31,31,Luma4x4,I16x16,0.7058823529411765,2,1,1936.0,1960.0,,,1960.0,1960.0,1.012396694214876,1.012396694214876
ultrafast,city_cif,31,31,Luma4x4,I16x16,0.29411764705882354,0,2,1936.0,1936.0,,,1936.0,1936.0,1.0,1.0
ultrafast,city_cif,31,30,ChromaDC,I16x16,0.6470588235294118,0,0,1600.0,1600.0,,,16272.0,16272.0,10.17,10.17
ultrafast,city_cif,31,31,Luma4x4,I16x16,0.23529411764705882,1,1,1936.0,2025.0,,,2044.0,2044.0,1.0557851239669422,1.0557851239669422
ultrafast,city_cif,31,31,LumaDC,I16x16,0.8823529411764706,0,0,1936.0,1936.0,,,26254.0,26254.0,13.560950413223141,13.560950413223141
ultrafast,city_cif,31,31,Luma4x4,I16x16,1.0,0,1,1936.0,1960.0,,,1960.0,1960.0,1.012396694214876,1.012396694214876
ultrafast,city_cif,31,31,Luma4x4,I16x16,0.6470588235294118,3,2,1936.0,1960.0,,,1960.0,1960.0,1.012396694214876,1.012396694214876
ultrafast,city_cif,31,30,ChromaAC,I16x16,0.6470588235294118,1,0,1600.0,1690.0,,,1744.0,1744.0,1.09,1.09
ultrafast,city_cif,31,31,Luma4x4,I16x16,0.6470588235294118,3,1,1936.0,2025.0,,,2044.0,2044.0,1.0557851239669422,1.0557851239669422
ultrafast,city_cif,31,31,Luma4x4,I16x16,0.35294117647058826,0,2,1936.0,1936.0,,,1936.0,1936.0,1.0,1.0
ultrafast,city_cif,31,31,Luma4x4,I16x16,0.11764705882352941,2,1,1936.0,1960.0,,,2472.0,2472.0,1.2768595041322315,1.2768595041322315
ultrafast,city_cif,31,31,Luma4x4,I16x16,0.35294117647058826,1,1,1936.0,2025.0,,,2044.0,2044.0,1.0557851239669422,1.0557851239669422
ultrafast,city_cif,31,31,Luma4x4,I16x16,0.0,3,0,1936.0,1960.0,,,1960.0,1960.0,1.012396694214876,1.012396694214876
ultrafast,city_cif,31,30,ChromaDC,I16x16,0.5294117647058824,0,0,1600.0,1600.0,,,18608.0,18608.0,11.63,11.63
ultrafast,city_cif,31,31,Luma4x4,I16x16,0.4117647058823529,0,2,1936.0,1936.0,,,1936.0,1936.0,1.0,1.0
ultrafast,city_cif,31,31,Luma4x4,I16x16,0.7647058823529411,2,2,1936.0,1936.0,,,1936.0,1936.0,1.0,1.0
ultrafast,city_cif,31,31,Luma4x4,I16x16,0.17647058823529413,0,1,1936.0,1960.0,,,29199.0,29199.0,15.082128099173554,15.082128099173554
ultrafast,city_cif,31,31,Luma4x4,I16x16,0.9411764705882353,3,1,1936.0,2025.0,,,2008.0,2008.0,1.037190082644628,1.037190082644628
ultrafast,city_cif,31,31,Luma4x4,I16x16,0.5882352941176471,0,3,1936.0,1960.0,,,1960.0,1960.0,1.012396694214876,1.012396694214876
ultrafast,city_cif,31,31,Luma4x4,I16x16,0.0,2,2,1936.0,1936.0,,,1936.0,1936.0,1.0,1.0
ultrafast,city_cif,31,31,Luma4x4,I16x16,0.5294117647058824,0,3,1936.0,1960.0,,,2216.0,2216.0,1.1446280991735538,1.1446280991735538
ultrafast,city_cif,31,31,Luma4x4,I16x16,0.6470588235294118,2,1,1936.0,1960.0,,,1960.0,1960.0,1.012396694214876,1.012396694214876
ultrafast,city_cif,31,31,Luma4x4,I16x16,0.29411764705882354,0,2,1936.0,1936.0,,,1936.0,1936.0,1.0,1.0
ultrafast,city_cif,31,31,Luma4x4,I16x16,0.23529411764705882,0,2,1936.0,1936.0,,,1936.0,1936.0,1.0,1.0
ultrafast,city_cif,31,31,Luma4x4,I16x16,0.5882352941176471,0,3,1936.0,1960.0,,,13385.0,13385.0,6.913739669421488,6.913739669421488
ultrafast,city_cif,31,31,Luma4x4,I16x16,0.47058823529411764,3,0,1936.0,1960.0,,,1960.0,1960.0,1.012396694214876,1.012396694214876
ultrafast,city_cif,31,31,Luma4x4,I16x16,0.17647058823529413,0,1,1936.0,1960.0,,,1960.0,1960.0,1.012396694214876,1.012396694214876
ultrafast,city_cif,31,31,Luma4x4,I16x16,0.7058823529411765,3,0,1936.0,1960.0,,,1960.0,1960.0,1.012396694214876,1.012396694214876
ultrafast,city_cif,31,31,Luma4x4,I16x16,0.0,1,0,1936.0,1960.0,,,90135.0,90135.0,46.5573347107438,46.5573347107438
ultrafast,city_cif,31,31,Luma4x4,I16x16,0.5882352941176471,1,3,1936.0,2025.0,,,2044.0,2044.0,1.0557851239669422,1.0557851239669422
ultrafast,city_cif,31,31,Luma4x4,I16x16,0.17647058823529413,0,1,1936.0,1960.0,,,1960.0,1960.0,1.012396694214876,1.012396694214876
ultrafast,city_cif,31,31,LumaDC,I16x16,1.0,0,0,1936.0,1936.0,,,1974.0,1974.0,1.0196280991735538,1.0196280991735538
ultrafast,city_cif,31,31,Luma4x4,I16x16,0.29411764705882354,2,3,1936.0,1960.0,,,1960.0,1960.0,1.012396694214876,1.012396694214876
default,foreman_cif,19,19,Luma4x4,I4x4,0.11764705882352941,0,1,121.0,122.5,160.0,160.0,495.0,447.0,4.090909090909091,3.6942148760330578
default,foreman_cif,19,19,Luma4x4,I4x4,0.35294117647058826,3,3,121.0,126.5625,145.0,145.0,515.0,607.0,4.256198347107438,5.016528925619835
default,foreman_cif,19,17,ChromaAC,I4x4,0.4117647058823529,3,3,81.0,82.12890625,,,75.0,76.0,0.9259259259259259,0.9382716049382716
default,foreman_cif,19,17,ChromaAC,I4x4,0.8235294117647058,0,3,81.0,82.65625,,,82.0,76.0,1.0123456790123457,0.9382716049382716
default,foreman_cif,19,17,ChromaDC,I4x4,0.058823529411764705,0,0,81.0,81.0,,,182.0,159.0,2.246913580246914,1.962962962962963
default,foreman_cif,19,17,ChromaAC,I4x4,0.11764705882352941,0,1,81.0,82.65625,,,344.0,378.0,4.246913580246914,4.666666666666667
default,foreman_cif,19,19,Luma4x4,I4x4,0.5294117647058824,3,3,121.0,126.5625,131.0,131.0,138.0,160.0,1.140495867768595,1.322314049586777
default,foreman_cif,19,19,Luma4x4,I16x16,0.8235294117647058,3,3,121.0,126.5625,,,162.0,162.0,1.3388429752066116,1.3388429752066116
default,foreman_cif,19,17,ChromaDC,I16x16,0.17647058823529413,0,0,81.0,81.0,,,13568.0,13346.0,167.50617283950618,164.76543209876544
default,foreman_cif,19,17,ChromaAC,I4x4,0.7058823529411765,3,3,81.0,82.12890625,,,83.0,83.0,1.0246913580246915,1.0246913580246915
default,foreman_cif,19,17,ChromaAC,I4x4,0.17647058823529413,3,3,81.0,82.12890625,,,87.0,95.0,1.0740740740740742,1.1728395061728396
default,foreman_cif,19,19,Luma4x4,I4x4,0.058823529411764705,0,0,121.0,121.0,64.0,64.0,426.0,371.0,3.520661157024793,3.0661157024793386
default,foreman_cif,19,17,ChromaDC,I16x16,0.23529411764705882,0,0,81.0,81.0,,,736.0,711.0,9.08641975308642,8.777777777777779
default,foreman_cif,19,17,ChromaDC,I4x4,0.17647058823529413,0,0,81.0,81.0,,,506.0,471.0,6.246913580246914,5.814814814814815
default,foreman_cif,19,17,ChromaDC,I16x16,0.47058823529411764,0,0,81.0,81.0,,,2138.0,2066.0,26.395061728395063,25.506172839506174
default,foreman_cif,19,19,Luma4x4,I4x4,0.11764705882352941,3,0,121.0,122.5,122.0,122.0,1422.0,1521.0,11.75206611570248,12.570247933884298
default,foreman_cif,19,19,Luma4x4,I4x4,0.35294117647058826,0,1,121.0,122.5,160.0,160.0,32319.0,31925.0,267.099173553719,263.8429752066116
default,foreman_cif,19,19,Luma4x4,I4x4,0.7647058823529411,3,2,121.0,122.5,126.0,126.0,553.0,683.0,4.570247933884297,5.644628099173554
default,foreman_cif,19,17,ChromaAC,I4x4,0.0,3,3,81.0,82.12890625,,,84.0,84.0,1.037037037037037,1.037037037037037
default,foreman_cif,19,17,ChromaDC,I4x4,0.058823529411764705,0,0,81.0,81.0,,,306.0,286.0,3.7777777777777777,3.5308641975308643
default,foreman_cif,19,19,Luma4x4,I4x4,0.4117647058823529,0,1,121.0,122.5,104.0,104.0,61720.0,60524.0,510.08264462809916,500.198347107438
default,foreman_cif,19,19,Luma4x4,I4x4,0.35294117647058826,3,3,121.0,126.5625,100.0,100.0,100.0,99.0,0.8264462809917356,0.8181818181818182
default,foreman_cif,19,19,Luma4x4,I4x4,0.0,3,3,121.0,126.5625,124.0,124.0,128.0,134.0,1.0578512396694215,1.1074380165289257
default,foreman_cif,19,17,ChromaAC,I16x16,0.17647058823529413,0,3,81.0,82.65625,,,4640.0,5443.0,57.28395061728395,67.19753086419753
default,foreman_cif,19,19,Luma4x4,I4x4,0.7647058823529411,3,3,121.0,126.5625,145.0,145.0,145.0,145.0,1.1983471074380165,1.1983471074380165
default,foreman_cif,19,19,Luma4x4,I4x4,0.058823529411764705,3,0,121.0,122.5,115.0,115.0,295.0,253.0,2.43801652892562,2.090909090909091
default,foreman_cif,19,17,ChromaAC,I4x4,0.6470588235294118,3,3,81.0,82.12890625,,,73.0,72.0,0.9012345679012346,0.8888888888888888
default,foreman_cif,19,17,ChromaAC,I4x4,0.47058823529411764,3,3,81.0,82.12890625,,,87.0,87.0,1.0740740740740742,1.0740740740740742
default,foreman_cif,19,17,ChromaAC,I4x4,0.4117647058823529,3,3,81.0,82.12890625,,,73.0,84.0,0.9012345679012346,1.037037037037037
default,foreman_cif,19,17,ChromaAC,I4x4,0.7058823529411765,3,3,81.0,82.12890625,,,72.0,72.0,0.8888888888888888,0.8888888888888888
default,foreman_cif,19,17,ChromaAC,I4x4,0.058823529411764705,1,0,81.0,82.65625,,,82.0,80.0,1.0123456790123457,0.9876543209876543
default,foreman_cif,19,19,Luma4x4,I4x4,0.47058823529411764,3,3,121.0,126.5625,138.0,138.0,138.0,172.0,1.140495867768595,1.421487603305785
default,foreman_cif,19,19,Luma4x4,I4x4,0.7058823529411765,3,3,121.0,126.5625,139.0,139.0,160.0,160.0,1.322314049586777,1.322314049586777
default,foreman_cif,19,19,Luma4x4,I4x4,0.35294117647058826,0,1,121.0,122.5,80.0,80.0,10934.0,10908.0,90.36363636363636,90.14876033057851
default,foreman_cif,19,17,ChromaAC,I4x4,0.4117647058823529,0,3,81.0,82.65625,,,728.0,711.0,8.987654320987655,8.777777777777779
default,foreman_cif,19,17,ChromaAC,I4x4,0.11764705882352941,3,0,81.0,82.65625,,,90.0,79.0,1.1111111111111112,0.9753086419753086
default,foreman_cif,19,17,ChromaAC,I4x4,0.058823529411764705,0,1,81.0,82.65625,,,104.0,70.0,1.2839506172839505,0.8641975308641975
default,foreman_cif,19,17,ChromaAC,I4x4,0.29411764705882354,3,3,81.0,82.12890625,,,83.0,87.0,1.0246913580246915,1.0740740740740742
default,foreman_cif,19,19,Luma4x4,I4x4,0.11764705882352941,3,0,121.0,122.5,120.0,120.0,136.0,114.0,1.1239669421487604,0.9421487603305785
default,foreman_cif,19,19,Luma4x4,I4x4,0.11764705882352941,1,1,121.0,126.5625,134.0,134.0,134.0,102.0,1.1074380165289257,0.8429752066115702
default,foreman_cif,19,19,Luma4x4,I4x4,0.0,3,3,121.0,126.5625,131.0,131.0,135.0,163.0,1.115702479338843,1.3471074380165289
default,foreman_cif,19,19,Luma4x4,I4x4,0.17647058823529413,0,1,121.0,122.5,104.0,104.0,79572.0,78955.0,657.6198347107438,652.5206611570248
default,foreman_cif,19,17,ChromaDC,I16x16,0.5294117647058824,0,0,81.0,81.0,,,2748.0,2716.0,33.925925925925924,33.53086419753087
default,foreman_cif,19,17,ChromaAC,I4x4,0.0,3,2,81.0,82.65625,,,74.0,74.0,0.9135802469135802,0.9135802469135802
default,foreman_cif,19,17,ChromaAC,I16x16,0.8235294117647058,3,3,81.0,82.12890625,,,89.0,91.0,1.0987654320987654,1.123456790123457
default,foreman_cif,19,19,Luma4x4,I4x4,0.0,3,0,121.0,122.5,104.0,104.0,24760.0,24917.0,204.62809917355372,205.92561983471074
default,foreman_cif,19,19,Luma4x4,I4x4,0.058823529411764705,0,0,121.0,121.0,64.0,64.0,65726.0,65180.0,543.1900826446281,538.6776859504132
default,foreman_cif,19,17,ChromaAC,I4x4,0.6470588235294118,3,2,81.0,82.65625,,,80.0,77.0,0.9876543209876543,0.9506172839506173
default,foreman_cif,19,19,Luma4x4,I4x4,0.5294117647058824,0,0,121.0,121.0,64.0,64.0,464.0,465.0,3.834710743801653,3.84297520661157
default,foreman_cif,19,17,ChromaAC,I4x4,0.8235294117647058,3,3,81.0,82.12890625,,,90.0,100.0,1.1111111111111112,1.2345679012345678
default,foreman_cif,19,17,ChromaDC,I4x4,0.058823529411764705,0,0,81.0,81.0,,,3388.0,3370.0,41.82716049382716,41.60493827160494
default,foreman_cif,19,19,Luma4x4,I4x4,0.11764705882352941,3,3,121.0,126.5625,123.0,123.0,163.0,233.0,1.3471074380165289,1.9256198347107438
default,foreman_cif,19,17,ChromaAC,I4x4,0.35294117647058826,2,3,81.0,82.65625,,,85.0,86.0,1.0493827160493827,1.0617283950617284
default,foreman_cif,19,17,ChromaDC,I4x4,0.29411764705882354,0,0,81.0,81.0,,,102.0,103.0,1.2592592592592593,1.271604938271605
default,foreman_cif,19,19,Luma4x4,I4x4,0.4117647058823529,3,3,121.0,126.5625,110.0,110.0,110.0,164.0,0.9090909090909091,1.3553719008264462
default,foreman_cif,19,17,ChromaDC,I4x4,0.0,0,0,81.0,81.0,,,13763.0,13544.0,169.91358024691357,167.20987654320987
default,foreman_cif,19,17,ChromaAC,I4x4,0.7647058823529411,3,3,81.0,82.12890625,,,373.0,377.0,4.604938271604938,4.654320987654321
default,foreman_cif,19,19,Luma4x4,I4x4,0.17647058823529413,0,0,121.0,121.0,64.0,64.0,51610.0,51137.0,426.5289256198347,422.6198347107438
default,foreman_cif,19,19,Luma4x4,I4x4,0.8235294117647058,0,1,121.0,122.5,104.0,104.0,312.0,205.0,2.5785123966942147,1.6942148760330578
default,foreman_cif,19,19,Luma4x4,I4x4,0.23529411764705882,3,3,121.0,126.5625,138.0,138.0,138.0,176.0,1.140495867768595,1.4545454545454546
default,foreman_cif,19,19,Luma4x4,I4x4,0.11764705882352941,1,1,121.0,126.5625,138.0,138.0,4742.0,4628.0,39.1900826446281,38.247933884297524
default,foreman_cif,19,19,Luma4x4,I4x4,0.0,3,3,121.0,126.5625,143.0,143.0,143.0,139.0,1.1818181818181819,1.1487603305785123
default,foreman_cif,19,17,ChromaAC,I4x4,0.11764705882352941,3,3,81.0,82.12890625,,,7972.0,7902.0,98.41975308641975,97.55555555555556
default,foreman_cif,19,19,Luma4x4,I4x4,0.7647058823529411,3,3,121.0,126.5625,126.0,126.0,994.0,1012.0,8.214876033057852,8.363636363636363
default,foreman_cif,19,17,ChromaAC,I4x4,0.35294117647058826,3,3,81.0,82.12890625,,,74.0,78.0,0.9135802469135802,0.9629629629629629
default,foreman_cif,19,19,Luma4x4,I4x4,0.11764705882352941,1,3,121.0,126.5625,136.0,136.0,136.0,152.0,1.1239669421487604,1.256198347107438
default,foreman_cif,19,17,ChromaAC,I4x4,0.4117647058823529,3,3,81.0,82.12890625,,,80.0,82.0,0.9876543209876543,1.0123456790123457
default,foreman_cif,19,17,ChromaAC,I4x4,0.4117647058823529,3,3,81.0,82.12890625,,,83.0,83.0,1.0246913580246915,1.0246913580246915
default,foreman_cif,19,19,Luma4x4,I4x4,0.8235294117647058,3,3,121.0,126.5625,138.0,138.0,138.0,138.0,1.140495867768595,1.140495867768595
default,foreman_cif,19,17,ChromaAC,I4x4,0.35294117647058826,0,1,81.0,82.65625,,,80.0,83.0,0.9876543209876543,1.0246913580246915
default,foreman_cif,19,17,ChromaAC,I4x4,0.6470588235294118,3,3,81.0,82.12890625,,,87.0,89.0,1.0740740740740742,1.0987654320987654
default,foreman_cif,19,17,ChromaAC,I4x4,0.11764705882352941,3,3,81.0,82.12890625,,,84.0,82.0,1.037037037037037,1.0123456790123457
default,foreman_cif,19,19,Luma4x4,I4x4,0.11764705882352941,0,0,121.0,121.0,64.0,64.0,128.0,144.0,1.0578512396694215,1.1900826446280992
default,foreman_cif,19,17,ChromaAC,I4x4,0.17647058823529413,3,3,81.0,82.12890625,,,83.0,87.0,1.0246913580246915,1.0740740740740742
default,foreman_cif,19,17,ChromaAC,I4x4,0.4117647058823529,3,1,81.0,82.12890625,,,84.0,76.0,1.037037037037037,0.9382716049382716
default,foreman_cif,19,19,Luma4x4,I4x4,0.11764705882352941,0,0,121.0,121.0,64.0,64.0,48384.0,45133.0,399.8677685950413,373.0
default,foreman_cif,19,19,Luma4x4,I4x4,0.058823529411764705,0,0,121.0,121.0,64.0,64.0,526.0,469.0,4.347107438016529,3.87603305785124
default,foreman_cif,19,19,Luma4x4,I4x4,0.058823529411764705,0,0,121.0,121.0,64.0,64.0,212.0,198.0,1.7520661157024793,1.6363636363636365
default,foreman_cif,19,19,Luma4x4,I4x4,0.0,3,3,121.0,126.5625,130.0,130.0,130.0,128.0,1.0743801652892562,1.0578512396694215
default,foreman_cif,19,19,Luma4x4,I4x4,0.11764705882352941,0,1,121.0,122.5,104.0,104.0,14320.0,14179.0,118.34710743801652,117.18181818181819
default,foreman_cif,19,17,ChromaAC,I4x4,0.23529411764705882,3,3,81.0,82.12890625,,,79.0,80.0,0.9753086419753086,0.9876543209876543
default,foreman_cif,19,19,Luma4x4,I4x4,0.29411764705882354,3,3,121.0,126.5625,122.0,122.0,422.0,394.0,3.487603305785124,3.256198347107438
default,foreman_cif,19,19,Luma4x4,I4x4,0.23529411764705882,0,0,121.0,121.0,64.0,64.0,192.0,89.0,1.5867768595041323,0.7355371900826446
default,foreman_cif,19,19,Luma4x4,I4x4,0.6470588235294118,3,2,121.0,122.5,123.0,123.0,123.0,145.0,1.0165289256198347,1.1983471074380165
default,foreman_cif,19,17,ChromaDC,I4x4,0.7647058823529411,0,0,81.0,81.0,,,1180.0,1086.0,14.567901234567902,13.407407407407407
default,foreman_cif,19,17,ChromaAC,I4x4,0.0,3,3,81.0,82.12890625,,,94.0,94.0,1.1604938271604939,1.1604938271604939
default,foreman_cif,19,19,Luma4x4,I4x4,0.0,3,3,121.0,126.5625,119.0,119.0,121.0,155.0,1.0,1.28099173553719
default,foreman_cif,19,17,ChromaAC,I4x4,0.35294117647058826,3,3,81.0,82.12890625,,,74.0,80.0,0.9135802469135802,0.9876543209876543
default,foreman_cif,19,19,Luma4x4,I4x4,0.7647058823529411,3,3,121.0,126.5625,132.0,132.0,183.0,183.0,1.512396694214876,1.512396694214876
default,foreman_cif,19,17,ChromaAC,I4x4,0.11764705882352941,3,2,81.0,82.65625,,,92.0,90.0,1.1358024691358024,1.1111111111111112
default,foreman_cif,19,17,ChromaAC,I4x4,0.0,3,2,81.0,82.65625,,,81.0,81.0,1.0,1.0
default,foreman_cif,19,19,Luma4x4,I4x4,0.058823529411764705,3,3,121.0,126.5625,124.0,124.0,128.0,150.0,1.0578512396694215,1.2396694214876034
default,foreman_cif,19,17,ChromaAC,I16x16,0.7058823529411765,3,2,81.0,82.65625,,,390.0,395.0,4.814814814814815,4.8765432098765435
default,foreman_cif,19,17,ChromaAC,I4x4,0.47058823529411764,3,3,81.0,82.12890625,,,94.0,100.0,1.1604938271604939,1.2345679012345678
default,foreman_cif,19,19,Luma4x4,I4x4,0.29411764705882354,3,3,121.0,126.5625,147.0,147.0,199.0,202.0,1.6446280991735538,1.6694214876033058
default,foreman_cif,19,17,ChromaDC,I16x16,0.5882352941176471,0,0,81.0,81.0,,,623.0,616.0,7.691358024691358,7.604938271604938
default,foreman_cif,19,17,ChromaDC,I4x4,0.35294117647058826,0,0,81.0,81.0,,,3032.0,3170.0,37.4320987654321,39.135802469135804
default,foreman_cif,19,17,ChromaAC,I4x4,0.7058823529411765,3,2,81.0,82.65625,,,98.0,104.0,1.2098765432098766,1.2839506172839505
default,foreman_cif,19,19,Luma4x4,I4x4,0.7058823529411765,3,3,121.0,126.5625,131.0,131.0,142.0,142.0,1.1735537190082646,1.1735537190082646
default,foreman_cif,19,17,ChromaAC,I4x4,0.17647058823529413,1,0,81.0,82.65625,,,86.0,86.0,1.0617283950617284,1.0617283950617284
default,foreman_cif,25,25,Luma4x4,I4x4,0.8235294117647058,2,3,484.0,490.0,492.0,492.0,492.0,474.0,1.0165289256198347,0.9793388429752066
default,foreman_cif,25,23,ChromaDC,I16x16,0.29411764705882354,0,0,324.0,324.0,,,13312.0,13094.0,41.08641975308642,40.41358024691358
default,foreman_cif,25,25,Luma4x4,I4x4,0.47058823529411764,3,0,484.0,490.0,464.0,464.0,464.0,531.0,0.9586776859504132,1.0971074380165289
default,foreman_cif,25,25,Luma4x4,I4x4,0.058823529411764705,3,0,484.0,490.0,478.0,478.0,478.0,466.0,0.987603305785124,0.9628099173553719
default,foreman_cif,25,23,ChromaDC,I16x16,0.17647058823529413,0,0,324.0,324.0,,,60280.0,58176.0,186.0493827160494,179.55555555555554
default,foreman_cif,25,23,ChromaAC,I4x4,0.35294117647058826,3,2,324.0,330.625,,,349.0,323.0,1.0771604938271604,0.9969135802469136
default,foreman_cif,25,23,ChromaAC,I4x4,0.17647058823529413,3,3,324.0,328.515625,,,316.0,316.0,0.9753086419753086,0.9753086419753086
default,foreman_cif,25,25,Luma4x4,I4x4,0.058823529411764705,0,0,484.0,484.0,576.0,576.0,1215.0,764.0,2.510330578512397,1.578512396694215
default,foreman_cif,25,25,Luma4x4,I4x4,0.23529411764705882,0,0,484.0,484.0,576.0,576.0,31018.0,30035.0,64.08677685950413,62.05578512396694
default,foreman_cif,25,23,ChromaAC,I4x4,0.8235294117647058,3,3,324.0,328.515625,,,360.0,373.0,1.1111111111111112,1.1512345679012346
default,foreman_cif,25,25,Luma4x4,I4x4,0.11764705882352941,0,0,484.0,484.0,576.0,576.0,805.0,596.0,1.6632231404958677,1.2314049586776858
default,foreman_cif,25,23,ChromaAC,I4x4,0.058823529411764705,3,2,324.0,330.625,,,327.0,295.0,1.0092592592592593,0.9104938271604939
default,foreman_cif,25,23,ChromaAC,I4x4,0.8235294117647058,3,3,324.0,328.515625,,,324.0,324.0,1.0,1.0
default,foreman_cif,25,25,Luma4x4,I4x4,0.8235294117647058,3,3,484.0,506.25,486.0,486.0,486.0,503.0,1.0041322314049588,1.0392561983471074
default,foreman_cif,25,23,ChromaAC,I4x4,0.0,3,2,324.0,330.625,,,360.0,387.0,1.1111111111111112,1.1944444444444444
default,foreman_cif,25,25,Luma4x4,I4x4,0.8235294117647058,3,3,484.0,506.25,514.0,514.0,514.0,514.0,1.06198347107438,1.06198347107438
default,foreman_cif,25,23,ChromaAC,I4x4,0.6470588235294118,3,3,324.0,328.515625,,,972.0,972.0,3.0,3.0
default,foreman_cif,25,23,ChromaAC,I4x4,0.7647058823529411,3,3,324.0,328.515625,,,354.0,393.0,1.0925925925925926,1.212962962962963
default,foreman_cif,25,23,ChromaAC,I4x4,0.0,3,2,324.0,330.625,,,914.0,953.0,2.8209876543209877,2.941358024691358
default,foreman_cif,25,23,ChromaAC,I16x16,0.7058823529411765,3,3,324.0,328.515625,,,412.0,445.0,1.271604938271605,1.373456790123457
default,foreman_cif,25,25,Luma4x4,I4x4,0.4117647058823529,1,3,484.0,506.25,524.0,524.0,573.0,523.0,1.1838842975206612,1.0805785123966942
default,foreman_cif,25,25,Luma4x4,I4x4,0.058823529411764705,0,0,484.0,484.0,576.0,576.0,1956.0,1747.0,4.041322314049586,3.6095041322314048
default,foreman_cif,25,23,ChromaAC,I4x4,0.7058823529411765,3,3,324.0,328.515625,,,353.0,366.0,1.0895061728395061,1.1296296296296295
default,foreman_cif,25,23,ChromaAC,I4x4,0.17647058823529413,3,1,324.0,328.515625,,,350.0,317.0,1.0802469135802468,0.9783950617283951
default,foreman_cif,25,23,ChromaAC,I4x4,0.0,2,2,324.0,324.0,,,2230.0,2196.0,6.882716049382716,6.777777777777778
default,foreman_cif,25,23,ChromaAC,I4x4,0.5294117647058824,3,3,324.0,328.515625,,,338.0,344.0,1.0432098765432098,1.0617283950617284
default,foreman_cif,25,25,Luma4x4,I4x4,0.8235294117647058,0,0,484.0,484.0,576.0,576.0,22337.0,21404.0,46.150826446280995,44.22314049586777
default,foreman_cif,25,23,ChromaDC,I4x4,0.4117647058823529,0,0,324.0,324.0,,,7441.0,7040.0,22.96604938271605,21.728395061728396
default,foreman_cif,25,23,ChromaAC,I4x4,0.29411764705882354,1,3,324.0,328.515625,,,342.0,279.0,1.0555555555555556,0.8611111111111112
default,foreman_cif,25,23,ChromaDC,I4x4,0.7647058823529411,0,0,324.0,324.0,,,1935.0,1865.0,5.972222222222222,5.756172839506172
default,foreman_cif,25,23,ChromaAC,I4x4,0.17647058823529413,3,3,324.0,328.515625,,,319.0,371.0,0.9845679012345679,1.1450617283950617
default,foreman_cif,25,23,ChromaAC,I4x4,0.11764705882352941,1,3,324.0,328.515625,,,1549.0,1519.0,4.780864197530864,4.688271604938271
default,foreman_cif,25,23,ChromaAC,I4x4,0.35294117647058826,0,1,324.0,330.625,,,272.0,224.0,0.8395061728395061,0.691358024691358
default,foreman_cif,25,25,Luma4x4,I4x4,0.6470588235294118,3,3,484.0,506.25,504.0,504.0,549.0,585.0,1.134297520661157,1.2086776859504131
default,foreman_cif,25,25,Luma4x4,I4x4,0.29411764705882354,0,0,484.0,484.0,576.0,576.0,143974.0,136978.0,297.4669421487603,283.0123966942149
default,foreman_cif,25,25,Luma4x4,I4x4,0.35294117647058826,1,3,484.0,506.25,514.0,514.0,530.0,473.0,1.0950413223140496,0.9772727272727273
default,foreman_cif,25,23,ChromaAC,I4x4,0.4117647058823529,3,3,324.0,328.515625,,,357.0,349.0,1.1018518518518519,1.0771604938271604
default,foreman_cif,25,23,ChromaAC,I4x4,0.35294117647058826,0,1,324.0,330.625,,,5198.0,5087.0,16.04320987654321,15.700617283950617
default,foreman_cif,25,23,ChromaAC,I4x4,0.5294117647058824,2,0,324.0,324.0,,,337.0,284.0,1.0401234567901234,0.8765432098765432
default,foreman_cif,25,25,Luma4x4,I4x4,0.6470588235294118,3,3,484.0,506.25,504.0,504.0,560.0,560.0,1.1570247933884297,1.1570247933884297
default,foreman_cif,25,23,ChromaAC,I4x4,0.7647058823529411,3,3,324.0,328.515625,,,333.0,357.0,1.0277777777777777,1.1018518518518519
default,foreman_cif,25,25,Luma4x4,I4x4,0.0,3,3,484.0,506.25,486.0,486.0,494.0,518.0,1.0206611570247934,1.0702479338842976
default,foreman_cif,25,23,ChromaAC,I4x4,0.29411764705882354,1,3,324.0,328.515625,,,356.0,335.0,1.0987654320987654,1.0339506172839505
default,foreman_cif,25,23,ChromaAC,I4x4,0.29411764705882354,3,3,324.0,328.515625,,,368.0,436.0,1.1358024691358024,1.345679012345679
default,foreman_cif,25,23,ChromaAC,I4x4,0.17647058823529413,1,0,324.0,330.625,,,1080.0,684.0,3.3333333333333335,2.111111111111111
default,foreman_cif,25,23,ChromaAC,I16x16,0.35294117647058826,0,3,324.0,330.625,,,712.0,600.0,2.197530864197531,1.8518518518518519
default,foreman_cif,25,23,ChromaAC,I4x4,0.0,3,2,324.0,330.625,,,1773.0,1826.0,5.472222222222222,5.635802469135802
default,foreman_cif,25,25,Luma4x4,I4x4,0.4117647058823529,1,3,484.0,506.25,514.0,514.0,730.0,678.0,1.5082644628099173,1.4008264462809918
default,foreman_cif,25,25,Luma4x4,I4x4,0.058823529411764705,0,0,484.0,484.0,576.0,576.0,130392.0,127830.0,269.40495867768595,264.1115702479339
default,foreman_cif,25,23,ChromaDC,I4x4,0.29411764705882354,0,0,324.0,324.0,,,3791.0,3706.0,11.700617283950617,11.438271604938272
default,foreman_cif,25,23,ChromaDC,I16x16,0.11764705882352941,0,0,324.0,324.0,,,17120.0,17295.0,52.839506172839506,53.379629629629626
default,foreman_cif,25,25,Luma4x4,I4x4,0.23529411764705882,1,3,484.0,506.25,496.0,496.0,113800.0,113569.0,235.12396694214877,234.64669421487602
default,foreman_cif,25,25,Luma4x4,I4x4,0.6470588235294118,2,3,484.0,490.0,492.0,492.0,986.0,983.0,2.0371900826446283,2.03099173553719
default,foreman_cif,25,25,Luma4x4,I4x4,0.058823529411764705,3,3,484.0,506.25,486.0,486.0,486.0,469.0,1.0041322314049588,0.96900826446281
default,foreman_cif,25,25,Luma4x4,I4x4,0.7058823529411765,3,3,484.0,506.25,504.0,504.0,595.0,595.0,1.2293388429752066,1.2293388429752066
default,foreman_cif,25,25,LumaDC,I16x16,0.058823529411764705,0,0,484.0,484.0,,,15357.0,15285.0,31.729338842975206,31.580578512396695
default,foreman_cif,25,25,Luma4x4,I4x4,0.17647058823529413,1,3,484.0,506.25,504.0,504.0,700.0,605.0,1.4462809917355373,1.25
default,foreman_cif,25,25,Luma4x4,I16x16,0.7058823529411765,3,2,484.0,490.0,,,492.0,492.0,1.0165289256198347,1.0165289256198347
default,foreman_cif,25,25,Luma4x4,I4x4,0.0,3,3,484.0,506.25,514.0,514.0,530.0,542.0,1.0950413223140496,1.1198347107438016
default,foreman_cif,25,23,ChromaAC,I4x4,0.058823529411764705,3,2,324.0,330.625,,,2515.0,2517.0,7.762345679012346,7.768518518518518
default,foreman_cif,25,23,ChromaAC,I4x4,0.47058823529411764,3,3,324.0,328.515625,,,328.0,331.0,1.0123456790123457,1.021604938271605
default,foreman_cif,25,25,Luma4x4,I4x4,0.058823529411764705,1,0,484.0,490.0,520.0,520.0,11748.0,10644.0,24.272727272727273,21.99173553719008
default,foreman_cif,25,25,Luma4x4,I4x4,0.6470588235294118,3,3,484.0,506.25,522.0,522.0,561.0,551.0,1.1590909090909092,1.1384297520661157
default,foreman_cif,25,25,Luma4x4,I4x4,0.7647058823529411,3,3,484.0,506.25,486.0,486.0,488.0,488.0,1.0082644628099173,1.0082644628099173
default,foreman_cif,25,23,ChromaAC,I4x4,0.0,3,2,324.0,330.625,,,1490.0,1502.0,4.598765432098766,4.635802469135802
default,foreman_cif,25,25,Luma4x4,I4x4,0.6470588235294118,3,3,484.0,506.25,504.0,504.0,538.0,538.0,1.1115702479338843,1.1115702479338843
default,foreman_cif,25,25,Luma4x4,I4x4,0.8235294117647058,1,1,484.0,506.25,514.0,514.0,26986.0,23010.0,55.756198347107436,47.54132231404959
default,foreman_cif,25,23,ChromaAC,I4x4,0.11764705882352941,3,0,324.0,330.625,,,1778.0,1740.0,5.487654320987654,5.37037037037037
default,foreman_cif,25,25,Luma4x4,I4x4,0.6470588235294118,3,2,484.0,490.0,506.0,506.0,560.0,560.0,1.1570247933884297,1.1570247933884297
default,foreman_cif,25,23,ChromaAC,I4x4,0.4117647058823529,3,1,324.0,328.515625,,,336.0,283.0,1.037037037037037,0.8734567901234568
default,foreman_cif,25,23,ChromaAC,I4x4,0.7647058823529411,3,0,324.0,330.625,,,338.0,313.0,1.0432098765432098,0.9660493827160493
default,foreman_cif,25,23,ChromaAC,I4x4,0.7058823529411765,3,2,324.0,330.625,,,338.0,335.0,1.0432098765432098,1.0339506172839505
default,foreman_cif,25,25,LumaDC,I16x16,0.17647058823529413,0,0,484.0,484.0,,,15360.0,15120.0,31.735537190082646,31.239669421487605
default,foreman_cif,25,25,Luma4x4,I4x4,0.0,3,3,484.0,506.25,504.0,504.0,504.0,478.0,1.0413223140495869,0.987603305785124
default,foreman_cif,25,25,Luma4x4,I4x4,0.17647058823529413,1,1,484.0,506.25,504.0,504.0,504.0,320.0,1.0413223140495869,0.6611570247933884
default,foreman_cif,25,23,ChromaAC,I4x4,0.47058823529411764,1,3,324.0,328.515625,,,352.0,343.0,1.0864197530864197,1.058641975308642
default,foreman_cif,25,25,Luma4x4,I4x4,0.47058823529411764,0,0,484.0,484.0,576.0,576.0,7171.0,6638.0,14.816115702479339,13.714876033057852
default,foreman_cif,25,25,Luma4x4,I4x4,0.7647058823529411,3,3,484.0,506.25,504.0,504.0,589.0,589.0,1.2169421487603307,1.2169421487603307
default,foreman_cif,25,23,ChromaAC,I4x4,0.5294117647058824,2,0,324.0,324.0,,,400.0,361.0,1.2345679012345678,1.1141975308641976
default,foreman_cif,25,25,Luma4x4,I4x4,0.7647058823529411,3,3,484.0,506.25,532.0,532.0,568.0,568.0,1.1735537190082646,1.1735537190082646
default,foreman_cif,25,25,Luma4x4,I4x4,0.29411764705882354,0,1,484.0,490.0,464.0,464.0,10884.0,10296.0,22.487603305785125,21.272727272727273
default,foreman_cif,25,25,Luma4x4,I4x4,0.35294117647058826,0,0,484.0,484.0,576.0,576.0,3830.0,3331.0,7.913223140495868,6.882231404958677
default,foreman_cif,25,23,ChromaAC,I4x4,0.058823529411764705,2,2,324.0,324.0,,,346.0,307.0,1.0679012345679013,0.9475308641975309
default,foreman_cif,25,23,ChromaDC,I4x4,0.058823529411764705,0,0,324.0,324.0,,,8469.0,8314.0,26.13888888888889,25.660493827160494
default,foreman_cif,25,23,ChromaAC,I4x4,0.8235294117647058,3,3,324.0,328.515625,,,325.0,327.0,1.0030864197530864,1.0092592592592593
default,foreman_cif,25,25,Luma4x4,I4x4,0.47058823529411764,3,0,484.0,490.0,520.0,520.0,520.0,476.0,1.0743801652892562,0.9834710743801653
default,foreman_cif,25,25,Luma4x4,I4x4,0.17647058823529413,2,0,484.0,484.0,400.0,400.0,400.0,386.0,0.8264462809917356,0.7975206611570248
default,foreman_cif,25,25,Luma4x4,I4x4,0.23529411764705882,1,3,484.0,506.25,486.0,486.0,486.0,636.0,1.0041322314049588,1.3140495867768596
default,foreman_cif,25,23,ChromaAC,I4x4,0.35294117647058826,3,3,324.0,328.515625,,,317.0,363.0,0.9783950617283951,1.1203703703703705
default,foreman_cif,25,23,ChromaAC,I4x4,0.0,3,1,324.0,328.515625,,,339.0,230.0,1.0462962962962963,0.7098765432098766
default,foreman_cif,25,23,ChromaDC,I4x4,0.0,0,0,324.0,324.0,,,58360.0,56937.0,180.12345679012347,175.7314814814815
default,foreman_cif,25,23,ChromaAC,I4x4,0.35294117647058826,3,3,324.0,328.515625,,,340.0,300.0,1.0493827160493827,0.9259259259259259
default,foreman_cif,25,23,ChromaAC,I4x4,0.29411764705882354,3,1,324.0,328.515625,,,345.0,277.0,1.0648148148148149,0.8549382716049383
default,foreman_cif,25,23,ChromaAC,I4x4,0.23529411764705882,3,3,324.0,328.515625,,,634.0,689.0,1.9567901234567902,2.126543209876543
default,foreman_cif,25,25,Luma4x4,I4x4,0.7058823529411765,3,3,484.0,506.25,514.0,514.0,746.0,735.0,1.5413223140495869,1.5185950413223142
default,foreman_cif,25,25,Luma4x4,I4x4,0.6470588235294118,3,3,484.0,506.25,504.0,504.0,504.0,504.0,1.0413223140495869,1.0413223140495869
default,foreman_cif,25,25,Luma4x4,I16x16,0.7058823529411765,3,3,484.0,506.25,,,504.0,504.0,1.0413223140495869,1.0413223140495869
default,foreman_cif,25,25,Luma4x4,I4x4,0.23529411764705882,1,3,484.0,506.25,514.0,514.0,5841.0,5495.0,12.068181818181818,11.353305785123966
default,foreman_cif,25,25,Luma4x4,I4x4,0.0,3,3,484.0,506.25,486.0,486.0,747.0,724.0,1.5433884297520661,1.4958677685950412
default,foreman_cif,25,25,Luma4x4,I4x4,0.29411764705882354,0,1,484.0,490.0,520.0,520.0,27871.0,27348.0,57.58471074380165,56.50413223140496
default,foreman_cif,31,31,Luma4x4,I4x4,0.29411764705882354,1,3,1936.0,2025.0,2044.0,2044.0,2044.0,1946.0,1.0557851239669422,1.0051652892561984
default,foreman_cif,31,31,Luma4x4,I4x4,0.0,3,2,1936.0,1960.0,1960.0,1960.0,1960.0,1951.0,1.012396694214876,1.0077479338842976
default,foreman_cif,31,31,Luma4x4,I4x4,0.4117647058823529,0,0,1936.0,1936.0,1936.0,1936.0,36382.0,34078.0,18.792355371900825,17.602272727272727
default,foreman_cif,31,31,Luma4x4,I4x4,0.5294117647058824,1,3,1936.0,2025.0,2008.0,2008.0,2008.0,1825.0,1.037190082644628,0.9426652892561983
default,foreman_cif,31,31,Luma4x4,I4x4,0.7647058823529411,1,3,1936.0,2025.0,2008.0,2008.0,35334.0,26866.0,18.251033057851238,13.87706611570248
default,foreman_cif,31,29,ChromaAC,I4x4,0.7647058823529411,3,3,1296.0,1314.0625,,,1278.0,1399.0,0.9861111111111112,1.0794753086419753
default,foreman_cif,31,29,ChromaAC,I4x4,0.47058823529411764,3,3,1296.0,1314.0625,,,1344.0,1310.0,1.037037037037037,1.0108024691358024
default,foreman_cif,31,31,Luma4x4,I4x4,0.7647058823529411,3,3,1936.0,2025.0,2008.0,2008.0,2044.0,2044.0,1.0557851239669422,1.0557851239669422
default,foreman_cif,31,29,ChromaDC,I16x16,0.29411764705882354,0,0,1296.0,1296.0,,,4514.0,4135.0,3.4830246913580245,3.190586419753086
default,foreman_cif,31,31,LumaDC,I16x16,0.5294117647058824,0,0,1936.0,1936.0,,,6186.0,6003.0,3.1952479338842976,3.1007231404958677
default,foreman_cif,31,29,ChromaAC,I4x4,0.7058823529411765,3,1,1296.0,1314.0625,,,1336.0,1330.0,1.0308641975308641,1.0262345679012346
default,foreman_cif,31,29,ChromaAC,I4x4,0.7058823529411765,3,3,1296.0,1314.0625,,,1300.0,1342.0,1.0030864197530864,1.0354938271604939
default,foreman_cif,31,31,Luma4x4,I4x4,0.8823529411764706,2,2,1936.0,1936.0,1936.0,1936.0,1936.0,1888.0,1.0,0.9752066115702479
default,foreman_cif,31,31,Luma4x4,I4x4,0.6470588235294118,1,3,1936.0,2025.0,2044.0,2044.0,4559.0,4786.0,2.3548553719008263,2.472107438016529
default,foreman_cif,31,29,ChromaAC,I4x4,0.8235294117647058,3,1,1296.0,1314.0625,,,1284.0,1382.0,0.9907407407407407,1.066358024691358
default,foreman_cif,31,31,Luma4x4,I4x4,0.7647058823529411,2,3,1936.0,1960.0,1960.0,1960.0,1960.0,1960.0,1.012396694214876,1.012396694214876
default,foreman_cif,31,29,ChromaAC,I4x4,0.8235294117647058,3,2,1296.0,1322.5,,,1383.0,1387.0,1.0671296296296295,1.070216049382716
default,foreman_cif,31,31,Luma4x4,I4x4,0.8235294117647058,3,3,1936.0,2025.0,2044.0,2044.0,2047.0,2047.0,1.0573347107438016,1.0573347107438016
default,foreman_cif,31,31,Luma4x4,I4x4,0.0,1,3,1936.0,2025.0,2008.0,2008.0,2120.0,2048.0,1.0950413223140496,1.0578512396694215
default,foreman_cif,31,31,Luma4x4,I4x4,0.47058823529411764,0,0,1936.0,1936.0,1936.0,1936.0,14230.0,11454.0,7.350206611570248,5.916322314049586
default,foreman_cif,31,29,ChromaAC,I4x4,0.23529411764705882,2,3,1296.0,1322.5,,,3267.0,3285.0,2.5208333333333335,2.5347222222222223
default,foreman_cif,31,29,ChromaAC,I4x4,0.6470588235294118,2,2,1296.0,1296.0,,,6744.0,6220.0,5.203703703703703,4.799382716049383
default,foreman_cif,31,31,Luma4x4,I4x4,0.47058823529411764,1,3,1936.0,2025.0,2008.0,2008.0,2008.0,1584.0,1.037190082644628,0.8181818181818182
default,foreman_cif,31,31,Luma4x4,I4x4,0.5294117647058824,1,3,1936.0,2025.0,2008.0,2008.0,2784.0,2566.0,1.43801652892562,1.3254132231404958
default,foreman_cif,31,29,ChromaAC,I4x4,0.23529411764705882,3,2,1296.0,1322.5,,,1372.0,1370.0,1.058641975308642,1.0570987654320987
default,foreman_cif,31,29,ChromaAC,I4x4,0.8235294117647058,3,3,1296.0,1314.0625,,,1298.0,1331.0,1.001543209876543,1.0270061728395061
default,foreman_cif,31,31,Luma4x4,I4x4,0.8235294117647058,2,3,1936.0,1960.0,1960.0,1960.0,1975.0,2129.0,1.0201446280991735,1.099690082644628
default,foreman_cif,31,29,ChromaAC,I4x4,0.4117647058823529,3,1,1296.0,1314.0625,,,92336.0,90412.0,71.24691358024691,69.76234567901234
default,foreman_cif,31,31,Luma4x4,I4x4,0.11764705882352941,1,0,1936.0,1960.0,1960.0,1960.0,68256.0,64412.0,35.256198347107436,33.27066115702479
default,foreman_cif,31,29,ChromaDC,I16x16,0.17647058823529413,0,0,1296.0,1296.0,,,90344.0,90236.0,69.70987654320987,69.62654320987654
default,foreman_cif,31,29,ChromaAC,I4x4,0.47058823529411764,3,2,1296.0,1322.5,,,1280.0,1302.0,0.9876543209876543,1.0046296296296295
default,foreman_cif,31,31,Luma4x4,I4x4,0.5294117647058824,1,3,1936.0,2025.0,2044.0,2044.0,2235.0,1835.0,1.1544421487603307,0.9478305785123967
default,foreman_cif,31,31,Luma4x4,I4x4,0.7647058823529411,0,2,1936.0,1936.0,1936.0,1936.0,2704.0,3232.0,1.396694214876033,1.6694214876033058
default,foreman_cif,31,31,Luma4x4,I4x4,0.17647058823529413,0,0,1936.0,1936.0,1936.0,1936.0,36022.0,33704.0,18.606404958677686,17.40909090909091
default,foreman_cif,31,31,Luma4x4,I4x4,0.47058823529411764,1,3,1936.0,2025.0,2008.0,2008.0,2008.0,1785.0,1.037190082644628,0.922004132231405
default,foreman_cif,31,29,ChromaAC,I4x4,0.058823529411764705,1,0,1296.0,1322.5,,,1256.0,546.0,0.9691358024691358,0.4212962962962963
default,foreman_cif,31,29,ChromaAC,I4x4,0.6470588235294118,3,2,1296.0,1322.5,,,1383.0,1383.0,1.0671296296296295,1.0671296296296295
default,foreman_cif,31,29,ChromaDC,I4x4,0.7058823529411765,0,0,1296.0,1296.0,,,5381.0,5194.0,4.152006172839506,4.007716049382716
default,foreman_cif,31,29,ChromaDC,I4x4,0.7058823529411765,0,0,1296.0,1296.0,,,6011.0,5351.0,4.638117283950617,4.128858024691358
default,foreman_cif,31,29,ChromaDC,I4x4,0.47058823529411764,0,0,1296.0,1296.0,,,38612.0,37842.0,29.79320987654321,29.199074074074073
default,foreman_cif,31,29,ChromaAC,I4x4,0.6470588235294118,1,3,1296.0,1314.0625,,,1284.0,1180.0,0.9907407407407407,0.9104938271604939
default,foreman_cif,31,31,Luma4x4,I4x4,0.7058823529411765,3,3,1936.0,2025.0,2044.0,2044.0,2044.0,2197.0,1.0557851239669422,1.134814049586777
default,foreman_cif,31,29,ChromaAC,I4x4,0.11764705882352941,0,1,1296.0,1322.5,,,5880.0,5346.0,4.537037037037037,4.125
default,foreman_cif,31,29,ChromaAC,I4x4,0.0,3,2,1296.0,1322.5,,,1304.0,1304.0,1.0061728395061729,1.0061728395061729
default,foreman_cif,31,29,ChromaAC,I4x4,0.7647058823529411,2,3,1296.0,1322.5,,,1371.0,1349.0,1.0578703703703705,1.040895061728395
default,foreman_cif,31,31,Luma4x4,I4x4,0.0,3,3,1936.0,2025.0,2008.0,2008.0,2027.0,1962.0,1.047004132231405,1.0134297520661157
default,foreman_cif,31,31,Luma4x4,I4x4,0.23529411764705882,3,0,1936.0,1960.0,1960.0,1960.0,1960.0,1754.0,1.012396694214876,0.90599173553719
default,foreman_cif,31,31,Luma4x4,I4x4,0.8235294117647058,1,3,1936.0,2025.0,2008.0,2008.0,2008.0,2109.0,1.037190082644628,1.0893595041322315
default,foreman_cif,31,31,Luma4x4,I4x4,0.23529411764705882,0,0,1936.0,1936.0,1936.0,1936.0,105745.0,102480.0,54.62035123966942,52.93388429752066
default,foreman_cif,31,31,Luma4x4,I4x4,0.17647058823529413,0,0,1936.0,1936.0,1936.0,1936.0,752747.0,738964.0,388.8155991735537,381.69628099173553
default,foreman_cif,31,31,Luma4x4,I4x4,0.0,3,2,1936.0,1960.0,1960.0,1960.0,1960.0,1972.0,1.012396694214876,1.0185950413223142
default,foreman_cif,31,29,ChromaAC,I4x4,0.29411764705882354,0,1,1296.0,1322.5,,,1256.0,825.0,0.9691358024691358,0.6365740740740741
default,foreman_cif,31,29,ChromaAC,I4x4,0.0,0,3,1296.0,1322.5,,,1256.0,1130.0,0.9691358024691358,0.8719135802469136
default,foreman_cif,31,31,Luma4x4,I4x4,0.4117647058823529,0,0,1936.0,1936.0,1936.0,1936.0,1049971.0,1041300.0,542.3403925619834,537.8615702479339
default,foreman_cif,31,31,Luma4x4,I4x4,0.6470588235294118,0,2,1936.0,1936.0,1936.0,1936.0,65227.0,50870.0,33.69163223140496,26.27582644628099
default,foreman_cif,31,29,ChromaAC,I4x4,0.8823529411764706,3,3,1296.0,1314.0625,,,3296.0,3521.0,2.54320987654321,2.716820987654321
default,foreman_cif,31,31,Luma4x4,I4x4,0.6470588235294118,3,2,1936.0,1960.0,1960.0,1960.0,3886.0,3886.0,2.0072314049586777,2.0072314049586777
default,foreman_cif,31,29,ChromaAC,I16x16,0.35294117647058826,0,3,1296.0,1322.5,,,28888.0,28760.0,22.290123456790123,22.191358024691358
default,foreman_cif,31,29,ChromaAC,I4x4,0.23529411764705882,3,3,1296.0,1314.0625,,,1372.0,1405.0,1.058641975308642,1.084104938271605
default,foreman_cif,31,31,Luma4x4,I4x4,0.11764705882352941,0,0,1936.0,1936.0,1936.0,1936.0,46906.0,44315.0,24.22830578512397,22.889979338842974
default,foreman_cif,31,31,Luma4x4,I4x4,0.7058823529411765,3,2,1936.0,1960.0,1960.0,1960.0,2036.0,2044.0,1.0516528925619835,1.0557851239669422
default,foreman_cif,31,29,ChromaAC,I4x4,0.8823529411764706,3,1,1296.0,1314.0625,,,1315.0,1339.0,1.0146604938271604,1.033179012345679
default,foreman_cif,31,29,ChromaAC,I4x4,0.7647058823529411,3,3,1296.0,1314.0625,,,1262.0,1284.0,0.9737654320987654,0.9907407407407407
default,foreman_cif,31,29,ChromaAC,I4x4,0.5294117647058824,3,3,1296.0,1314.0625,,,2396.0,2827.0,1.8487654320987654,2.181327160493827
default,foreman_cif,31,29,ChromaAC,I4x4,0.11764705882352941,1,3,1296.0,1314.0625,,,21362.0,20914.0,16.483024691358025,16.137345679012345
default,foreman_cif,31,29,ChromaDC,I4x4,0.7647058823529411,0,0,1296.0,1296.0,,,7645.0,6753.0,5.89891975308642,5.210648148148148
default,foreman_cif,31,29,ChromaAC,I4x4,0.7058823529411765,2,3,1296.0,1322.5,,,1303.0,1371.0,1.0054012345679013,1.0578703703703705
default,foreman_cif,31,29,ChromaAC,I4x4,0.6470588235294118,0,3,1296.0,1322.5,,,3656.0,3654.0,2.8209876543209877,2.8194444444444446
default,foreman_cif,31,31,Luma4x4,I4x4,0.8235294117647058,2,3,1936.0,1960.0,1960.0,1960.0,1960.0,2082.0,1.012396694214876,1.0754132231404958
default,foreman_cif,31,31,Luma4x4,I4x4,0.35294117647058826,0,0,1936.0,1936.0,1936.0,1936.0,35245.0,34725.0,18.205061983471076,17.936466942148762
default,foreman_cif,31,31,Luma4x4,I4x4,0.7647058823529411,3,0,1936.0,1960.0,1960.0,1960.0,7766.0,7390.0,4.011363636363637,3.8171487603305785
default,foreman_cif,31,31,Luma4x4,I4x4,0.35294117647058826,2,0,1936.0,1936.0,1936.0,1936.0,7994.0,7173.0,4.1291322314049586,3.7050619834710745
default,foreman_cif,31,29,ChromaAC,I4x4,0.47058823529411764,1,1,1296.0,1314.0625,,,1328.0,978.0,1.0246913580246915,0.7546296296296297
default,foreman_cif,31,31,Luma4x4,I4x4,0.058823529411764705,0,0,1936.0,1936.0,1936.0,1936.0,1697567.0,1670346.0,876.842458677686,862.7820247933885
default,foreman_cif,31,31,LumaDC,I16x16,0.11764705882352941,0,0,1936.0,1936.0,,,28572.0,24462.0,14.758264462809917,12.635330578512397
default,foreman_cif,31,31,Luma4x4,I4x4,0.8235294117647058,3,1,1936.0,2025.0,2044.0,2044.0,2449.0,2693.0,1.2649793388429753,1.391012396694215
default,foreman_cif,31,29,ChromaAC,I4x4,0.0,3,3,1296.0,1314.0625,,,1342.0,1378.0,1.0354938271604939,1.0632716049382716
default,foreman_cif,31,29,ChromaAC,I4x4,0.11764705882352941,0,1,1296.0,1322.5,,,1168.0,610.0,0.9012345679012346,0.470679012345679
default,foreman_cif,31,29,ChromaAC,I4x4,0.7647058823529411,3,3,1296.0,1314.0625,,,2404.0,2417.0,1.8549382716049383,1.8649691358024691
default,foreman_cif,31,31,Luma4x4,I4x4,0.35294117647058826,3,0,1936.0,1960.0,1960.0,1960.0,10841.0,10794.0,5.599690082644628,5.575413223140496
default,foreman_cif,31,31,Luma4x4,I4x4,0.4117647058823529,1,3,1936.0,2025.0,2008.0,2008.0,2008.0,2303.0,1.037190082644628,1.1895661157024793
default,foreman_cif,31,31,Luma4x4,I16x16,0.11764705882352941,1,1,1936.0,2025.0,,,2044.0,1107.0,1.0557851239669422,0.5717975206611571
default,foreman_cif,31,29,ChromaAC,I4x4,0.058823529411764705,0,2,1296.0,1296.0,,,1296.0,1162.0,1.0,0.8966049382716049
default,foreman_cif,31,29,ChromaDC,I16x16,0.9411764705882353,0,0,1296.0,1296.0,,,3520.0,3299.0,2.7160493827160495,2.5455246913580245
default,foreman_cif,31,29,ChromaAC,I16x16,0.47058823529411764,2,1,1296.0,1322.5,,,1349.0,1041.0,1.040895061728395,0.8032407407407407
default,foreman_cif,31,29,ChromaDC,I16x16,0.17647058823529413,0,0,1296.0,1296.0,,,32640.0,32190.0,25.185185185185187,24.837962962962962
default,foreman_cif,31,29,ChromaAC,I4x4,0.8235294117647058,3,2,1296.0,1322.5,,,1234.0,1393.0,0.9521604938271605,1.0748456790123457
default,foreman_cif,31,29,ChromaAC,I4x4,0.11764705882352941,0,1,1296.0,1322.5,,,1440.0,1016.0,1.1111111111111112,0.7839506172839507
default,foreman_cif,31,29,ChromaAC,I4x4,0.8235294117647058,2,3,1296.0,1322.5,,,1326.0,1357.0,1.0231481481481481,1.0470679012345678
default,foreman_cif,31,31,Luma4x4,I4x4,0.7647058823529411,2,1,1936.0,1960.0,1960.0,1960.0,23247.0,22190.0,12.007747933884298,11.461776859504132
default,foreman_cif,31,29,ChromaAC,I4x4,0.35294117647058826,0,1,1296.0,1322.5,,,1744.0,1162.0,1.345679012345679,0.8966049382716049
default,foreman_cif,31,31,Luma4x4,I4x4,0.0,0,3,1936.0,1960.0,1960.0,1960.0,40689.0,38772.0,21.017045454545453,20.026859504132233
default,foreman_cif,31,29,ChromaAC,I4x4,0.058823529411764705,3,3,1296.0,1314.0625,,,1322.0,1346.0,1.0200617283950617,1.0385802469135803
default,foreman_cif,31,31,Luma4x4,I4x4,0.0,3,2,1936.0,1960.0,1960.0,1960.0,2244.0,2112.0,1.1590909090909092,1.0909090909090908
default,foreman_cif,31,29,ChromaAC,I4x4,0.4117647058823529,2,1,1296.0,1322.5,,,1349.0,1044.0,1.040895061728395,0.8055555555555556
default,foreman_cif,31,31,Luma4x4,I4x4,0.23529411764705882,3,0,1936.0,1960.0,1960.0,1960.0,181731.0,178585.0,93.86931818181819,92.24431818181819
default,foreman_cif,31,29,ChromaAC,I4x4,0.4117647058823529,2,1,1296.0,1322.5,,,1325.0,1126.0,1.0223765432098766,0.8688271604938271
default,foreman_cif,31,29,ChromaAC,I4x4,0.6470588235294118,1,3,1296.0,1314.0625,,,1336.0,1257.0,1.0308641975308641,0.9699074074074074
default,foreman_cif,31,29,ChromaAC,I4x4,0.0,3,3,1296.0,1314.0625,,,1292.0,1316.0,0.9969135802469136,1.0154320987654322
default,foreman_cif,31,29,ChromaAC,I4x4,0.47058823529411764,3,0,1296.0,1322.5,,,1358.0,1164.0,1.0478395061728396,0.8981481481481481
default,city_cif,19,19,Luma4x4,I4x4,0.17647058823529413,1,3,121.0,126.5625,132.0,132.0,1825.0,1848.0,15.082644628099173,15.272727272727273
default,city_cif,19,19,Luma4x4,I4x4,0.0,1,3,121.0,126.5625,128.0,128.0,460.0,449.0,3.8016528925619837,3.7107438016528924
default,city_cif,19,19,Luma4x4,I4x4,0.17647058823529413,3,1,121.0,126.5625,133.0,133.0,2029.0,2116.0,16.768595041322314,17.487603305785125
default,city_cif,19,19,Luma4x4,I4x4,0.17647058823529413,1,2,121.0,122.5,146.0,146.0,182.0,176.0,1.5041322314049588,1.4545454545454546
default,city_cif,19,17,ChromaDC,I4x4,0.8235294117647058,0,0,81.0,81.0,,,384.0,342.0,4.7407407407407405,4.222222222222222
default,city_cif,19,19,Luma4x4,I4x4,0.058823529411764705,1,2,121.0,122.5,106.0,106.0,4222.0,4242.0,34.892561983471076,35.05785123966942
default,city_cif,19,19,Luma4x4,I4x4,0.17647058823529413,3,2,121.0,122.5,105.0,105.0,17065.0,17127.0,141.03305785123968,141.54545454545453
default,city_cif,19,19,Luma4x4,I4x4,0.6470588235294118,1,3,121.0,126.5625,123.0,123.0,219.0,224.0,1.8099173553719008,1.8512396694214877
default,city_cif,19,19,Luma4x4,I4x4,0.8823529411764706,1,3,121.0,126.5625,128.0,128.0,128.0,120.0,1.0578512396694215,0.9917355371900827
default,city_cif,19,19,Luma4x4,I4x4,0.7647058823529411,2,3,121.0,122.5,140.0,140.0,599.0,638.0,4.950413223140496,5.2727272727272725
default,city_cif,19,19,Luma4x4,I4x4,0.5294117647058824,1,2,121.0,122.5,115.0,115.0,1067.0,1050.0,8.818181818181818,8.677685950413224
default,city_cif,19,19,Luma4x4,I4x4,0.0,1,0,121.0,122.5,104.0,104.0,6502.0,6548.0,53.735537190082646,54.11570247933884
default,city_cif,19,19,Luma4x4,I4x4,0.058823529411764705,3,2,121.0,122.5,126.0,126.0,403.0,403.0,3.330578512396694,3.330578512396694
default,city_cif,19,17,ChromaAC,I4x4,0.8823529411764706,2,0,81.0,81.0,,,64.0,62.0,0.7901234567901234,0.7654320987654321
default,city_cif,19,17,ChromaDC,I4x4,0.4117647058823529,0,0,81.0,81.0,,,388.0,348.0,4.790123456790123,4.296296296296297
default,city_cif,19,17,ChromaAC,I4x4,0.23529411764705882,0,2,81.0,81.0,,,924.0,933.0,11.407407407407407,11.518518518518519
default,city_cif,19,19,Luma4x4,I4x4,0.8823529411764706,0,3,121.0,122.5,132.0,132.0,3400.0,3395.0,28.09917355371901,28.05785123966942
default,city_cif,19,17,ChromaAC,I4x4,0.6470588235294118,1,1,81.0,82.12890625,,,83.0,80.0,1.0246913580246915,0.9876543209876543
default,city_cif,19,19,Luma4x4,I4x4,0.5294117647058824,1,3,121.0,126.5625,118.0,118.0,118.0,116.0,0.9752066115702479,0.9586776859504132
default,city_cif,19,19,Luma4x4,I4x4,0.29411764705882354,2,1,121.0,122.5,119.0,119.0,140.0,140.0,1.1570247933884297,1.1570247933884297
default,city_cif,19,19,Luma4x4,I4x4,0.35294117647058826,2,3,121.0,122.5,126.0,126.0,164.0,158.0,1.3553719008264462,1.3057851239669422
default,city_cif,19,19,Luma4x4,I4x4,0.8235294117647058,3,1,121.0,126.5625,114.0,114.0,708.0,709.0,5.851239669421488,5.859504132231405
default,city_cif,19,19,Luma4x4,I4x4,0.35294117647058826,2,3,121.0,122.5,126.0,126.0,126.0,117.0,1.0413223140495869,0.9669421487603306
default,city_cif,19,19,Luma4x4,I4x4,1.0,2,3,121.0,122.5,136.0,136.0,276.0,277.0,2.28099173553719,2.2892561983471076
default,city_cif,19,19,Luma4x4,I4x4,0.17647058823529413,3,2,121.0,122.5,126.0,126.0,10457.0,10497.0,86.42148760330579,86.75206611570248
default,city_cif,19,19,Luma4x4,I4x4,0.23529411764705882,0,3,121.0,122.5,104.0,104.0,3106.0,3120.0,25.669421487603305,25.785123966942148
default,city_cif,19,19,Luma4x4,I4x4,0.7647058823529411,1,3,121.0,126.5625,128.0,128.0,3235.0,3235.0,26.735537190082646,26.735537190082646
default,city_cif,19,19,Luma4x4,I4x4,0.17647058823529413,3,2,121.0,122.5,123.0,123.0,130.0,132.0,1.0743801652892562,1.0909090909090908
default,city_cif,19,19,Luma4x4,I4x4,0.29411764705882354,0,3,121.0,122.5,160.0,160.0,2592.0,2743.0,21.421487603305785,22.669421487603305
default,city_cif,19,19,Luma4x4,I4x4,0.6470588235294118,0,3,121.0,122.5,148.0,148.0,148.0,133.0,1.2231404958677685,1.0991735537190082
default,city_cif,19,17,ChromaDC,I4x4,0.17647058823529413,0,0,81.0,81.0,,,421.0,433.0,5.197530864197531,5.345679012345679
default,city_cif,19,19,Luma4x4,I4x4,0.17647058823529413,2,2,121.0,121.0,124.0,124.0,124.0,124.0,1.024793388429752,1.024793388429752
default,city_cif,19,17,ChromaAC,I4x4,0.4117647058823529,0,1,81.0,82.65625,,,312.0,321.0,3.8518518518518516,3.962962962962963
default,city_cif,19,19,Luma4x4,I4x4,0.11764705882352941,3,2,121.0,122.5,136.0,136.0,39126.0,39175.0,323.35537190082647,323.7603305785124
default,city_cif,19,19,Luma4x4,I4x4,0.0,1,3,121.0,126.5625,147.0,147.0,52929.0,53047.0,437.4297520661157,438.40495867768595
default,city_cif,19,19,Luma4x4,I4x4,0.7647058823529411,3,0,121.0,122.5,120.0,120.0,129.0,149.0,1.0661157024793388,1.2314049586776858
default,city_cif,19,19,Luma4x4,I4x4,0.47058823529411764,2,3,121.0,122.5,136.0,136.0,217.0,237.0,1.7933884297520661,1.9586776859504131
default,city_cif,19,19,Luma4x4,I4x4,0.11764705882352941,2,2,121.0,121.0,134.0,134.0,161.0,158.0,1.3305785123966942,1.3057851239669422
default,city_cif,19,19,Luma4x4,I4x4,0.35294117647058826,3,2,121.0,122.5,132.0,132.0,148.0,150.0,1.2231404958677685,1.2396694214876034
default,city_cif,19,19,Luma4x4,I4x4,0.8823529411764706,0,3,121.0,122.5,136.0,136.0,251.0,252.0,2.074380165289256,2.0826446280991737
default,city_cif,19,19,Luma4x4,I4x4,0.23529411764705882,1,1,121.0,126.5625,112.0,112.0,151.0,155.0,1.2479338842975207,1.28099173553719
default,city_cif,19,19,Luma4x4,I4x4,0.5294117647058824,3,2,121.0,122.5,139.0,139.0,144.0,146.0,1.1900826446280992,1.2066115702479339
default,city_cif,19,19,Luma4x4,I4x4,0.29411764705882354,3,2,121.0,122.5,143.0,143.0,819.0,842.0,6.768595041322314,6.958677685950414
default,city_cif,19,19,Luma4x4,I16x16,0.23529411764705882,1,3,121.0,126.5625,,,131.0,131.0,1.0826446280991735,1.0826446280991735
default,city_cif,19,19,Luma4x4,I4x4,1.0,1,3,121.0,126.5625,133.0,133.0,133.0,133.0,1.0991735537190082,1.0991735537190082
default,city_cif,19,19,Luma4x4,I4x4,1.0,3,2,121.0,122.5,132.0,132.0,295.0,289.0,2.43801652892562,2.3884297520661155
default,city_cif,19,19,Luma4x4,I4x4,0.8823529411764706,2,3,121.0,122.5,130.0,130.0,137.0,137.0,1.1322314049586777,1.1322314049586777
default,city_cif,19,19,Luma4x4,I4x4,0.47058823529411764,1,3,121.0,126.5625,133.0,133.0,17505.0,17554.0,144.6694214876033,145.07438016528926
default,city_cif,19,19,Luma4x4,I4x4,0.4117647058823529,2,3,121.0,122.5,126.0,126.0,1053.0,1062.0,8.702479338842975,8.776859504132231
default,city_cif,19,19,Luma4x4,I4x4,0.5882352941176471,2,3,121.0,122.5,122.0,122.0,334.0,373.0,2.760330578512397,3.0826446280991737
default,city_cif,19,17,ChromaDC,I4x4,0.47058823529411764,0,0,81.0,81.0,,,880.0,857.0,10.864197530864198,10.580246913580247
default,city_cif,19,19,Luma4x4,I4x4,0.5294117647058824,1,3,121.0,126.5625,119.0,119.0,201.0,201.0,1.6611570247933884,1.6611570247933884
default,city_cif,19,19,Luma4x4,I4x4,0.8235294117647058,0,3,121.0,122.5,112.0,112.0,112.0,175.0,0.9256198347107438,1.4462809917355373
default,city_cif,19,19,Luma4x4,I4x4,0.8235294117647058,3,2,121.0,122.5,137.0,137.0,148.0,148.0,1.2231404958677685,1.2231404958677685
default,city_cif,19,19,Luma4x4,I4x4,0.9411764705882353,2,1,121.0,122.5,119.0,119.0,353.0,339.0,2.9173553719008263,2.8016528925619837
default,city_cif,19,17,ChromaDC,I4x4,0.23529411764705882,0,0,81.0,81.0,,,3169.0,3219.0,39.123456790123456,39.74074074074074
default,city_cif,19,19,Luma4x4,I4x4,0.47058823529411764,1,3,121.0,126.5625,109.0,109.0,5388.0,5415.0,44.52892561983471,44.752066115702476
default,city_cif,19,19,Luma4x4,I4x4,0.17647058823529413,0,2,121.0,121.0,144.0,144.0,144.0,86.0,1.1900826446280992,0.7107438016528925
default,city_cif,19,19,Luma4x4,I4x4,0.8235294117647058,0,3,121.0,122.5,116.0,116.0,1119.0,1126.0,9.24793388429752,9.305785123966942
default,city_cif,19,19,Luma4x4,I16x16,0.47058823529411764,3,1,121.0,126.5625,,,131.0,140.0,1.0826446280991735,1.1570247933884297
default,city_cif,19,19,Luma4x4,I4x4,0.17647058823529413,2,1,121.0,122.5,112.0,112.0,414.0,431.0,3.4214876033057853,3.56198347107438
default,city_cif,19,17,ChromaDC,I4x4,0.9411764705882353,0,0,81.0,81.0,,,136.0,126.0,1.6790123456790123,1.5555555555555556
default,city_cif,19,19,Luma4x4,I4x4,0.7058823529411765,2,3,121.0,122.5,126.0,126.0,360.0,351.0,2.975206611570248,2.9008264462809916
default,city_cif,19,19,Luma4x4,I4x4,0.4117647058823529,3,2,121.0,122.5,140.0,140.0,157.0,157.0,1.2975206611570247,1.2975206611570247
default,city_cif,19,17,ChromaAC,I4x4,0.35294117647058826,0,1,81.0,82.65625,,,4304.0,4286.0,53.135802469135804,52.91358024691358
default,city_cif,19,19,Luma4x4,I4x4,0.47058823529411764,1,3,121.0,126.5625,119.0,119.0,3090.0,3097.0,25.537190082644628,25.59504132231405
default,city_cif,19,19,Luma4x4,I4x4,0.23529411764705882,1,2,121.0,122.5,126.0,126.0,298.0,319.0,2.4628099173553717,2.6363636363636362
default,city_cif,19,19,Luma4x4,I4x4,0.35294117647058826,0,2,121.0,121.0,144.0,144.0,498.0,505.0,4.115702479338843,4.1735537190082646
default,city_cif,19,17,ChromaDC,I4x4,0.7058823529411765,0,0,81.0,81.0,,,1747.0,1783.0,21.567901234567902,22.012345679012345
default,city_cif,19,19,Luma4x4,I4x4,0.6470588235294118,3,3,121.0,126.5625,129.0,129.0,158.0,158.0,1.3057851239669422,1.3057851239669422
default,city_cif,19,19,Luma4x4,I4x4,0.29411764705882354,2,3,121.0,122.5,132.0,132.0,211.0,217.0,1.743801652892562,1.7933884297520661
default,city_cif,19,17,ChromaAC,I4x4,0.11764705882352941,0,1,81.0,82.65625,,,80.0,64.0,0.9876543209876543,0.7901234567901234
default,city_cif,19,19,Luma4x4,I4x4,0.17647058823529413,3,2,121.0,122.5,130.0,130.0,184.0,213.0,1.5206611570247934,1.7603305785123966
default,city_cif,19,19,Luma4x4,I16x16,0.23529411764705882,3,2,121.0,122.5,,,123.0,123.0,1.0165289256198347,1.0165289256198347
default,city_cif,19,19,Luma4x4,I4x4,0.058823529411764705,3,1,121.0,126.5625,132.0,132.0,132.0,133.0,1.0909090909090908,1.0991735537190082
default,city_cif,19,19,Luma4x4,I4x4,0.29411764705882354,2,1,121.0,122.5,130.0,130.0,138.0,139.0,1.140495867768595,1.1487603305785123
default,city_cif,19,19,Luma4x4,I4x4,0.7647058823529411,3,2,121.0,122.5,133.0,133.0,158.0,164.0,1.3057851239669422,1.3553719008264462
default,city_cif,19,19,Luma4x4,I4x4,0.47058823529411764,0,0,121.0,121.0,64.0,64.0,544.0,548.0,4.4958677685950414,4.528925619834711
default,city_cif,19,19,Luma4x4,I16x16,0.47058823529411764,3,2,121.0,122.5,,,129.0,130.0,1.0661157024793388,1.0743801652892562
default,city_cif,19,19,Luma4x4,I4x4,0.35294117647058826,3,0,121.0,122.5,127.0,127.0,431.0,439.0,3.56198347107438,3.628099173553719
default,city_cif,19,19,Luma4x4,I4x4,0.8823529411764706,3,3,121.0,126.5625,127.0,127.0,503.0,505.0,4.1570247933884295,4.1735537190082646
default,city_cif,19,19,Luma4x4,I4x4,0.6470588235294118,2,2,121.0,121.0,124.0,124.0,297.0,303.0,2.4545454545454546,2.5041322314049586
default,city_cif,19,19,Luma4x4,I4x4,0.9411764705882353,3,3,121.0,126.5625,133.0,133.0,293.0,290.0,2.4214876033057853,2.396694214876033
default,city_cif,19,17,ChromaDC,I4x4,0.058823529411764705,0,0,81.0,81.0,,,436.0,434.0,5.382716049382716,5.3580246913580245
default,city_cif,19,17,ChromaAC,I4x4,0.7058823529411765,2,0,81.0,81.0,,,292.0,298.0,3.6049382716049383,3.6790123456790123
default,city_cif,19,17,ChromaAC,I4x4,0.5294117647058824,0,2,81.0,81.0,,,79.0,79.0,0.9753086419753086,0.9753086419753086
default,city_cif,19,19,Luma4x4,I4x4,0.5294117647058824,3,2,121.0,122.5,120.0,120.0,216.0,216.0,1.7851239669421488,1.7851239669421488
default,city_cif,19,19,Luma4x4,I4x4,0.17647058823529413,2,2,121.0,121.0,139.0,139.0,216.0,233.0,1.7851239669421488,1.9256198347107438
default,city_cif,19,17,ChromaAC,I4x4,0.7058823529411765,2,0,81.0,81.0,,,84.0,69.0,1.037037037037037,0.8518518518518519
default,city_cif,19,19,Luma4x4,I4x4,0.5882352941176471,2,2,121.0,121.0,119.0,119.0,121.0,109.0,1.0,0.9008264462809917
default,city_cif,19,17,ChromaDC,I4x4,0.5882352941176471,0,0,81.0,81.0,,,802.0,811.0,9.901234567901234,10.012345679012345
default,city_cif,19,17,ChromaDC,I4x4,0.7647058823529411,0,0,81.0,81.0,,,1032.0,1078.0,12.74074074074074,13.308641975308642
default,city_cif,19,19,Luma4x4,I4x4,0.8823529411764706,1,0,121.0,122.5,106.0,106.0,608.0,618.0,5.024793388429752,5.107438016528926
default,city_cif,19,19,Luma4x4,I4x4,0.17647058823529413,3,2,121.0,122.5,146.0,146.0,146.0,143.0,1.2066115702479339,1.1818181818181819
default,city_cif,19,19,Luma4x4,I4x4,0.7647058823529411,0,2,121.0,121.0,144.0,144.0,618.0,634.0,5.107438016528926,5.239669421487603
default,city_cif,19,19,Luma4x4,I4x4,0.7058823529411765,0,3,121.0,122.5,132.0,132.0,161.0,167.0,1.3305785123966942,1.3801652892561984
default,city_cif,19,19,Luma4x4,I4x4,1.0,3,2,121.0,122.5,129.0,129.0,215.0,215.0,1.7768595041322315,1.7768595041322315
default,city_cif,19,19,Luma4x4,I4x4,0.6470588235294118,2,3,121.0,122.5,119.0,119.0,349.0,349.0,2.884297520661157,2.884297520661157
default,city_cif,19,19,Luma4x4,I4x4,0.9411764705882353,3,2,121.0,122.5,121.0,121.0,121.0,121.0,1.0,1.0
default,city_cif,19,17,ChromaAC,I4x4,0.0,1,0,81.0,82.65625,,,240.0,232.0,2.962962962962963,2.8641975308641974
default,city_cif,25,25,Luma4x4,I4x4,0.17647058823529413,1,3,484.0,506.25,514.0,514.0,1326.0,1510.0,2.739669421487603,3.1198347107438016
default,city_cif,25,25,Luma4x4,I4x4,0.23529411764705882,2,2,484.0,484.0,488.0,488.0,488.0,488.0,1.0082644628099173,1.0082644628099173
default,city_cif,25,25,Luma4x4,I4x4,0.7058823529411765,1,2,484.0,490.0,492.0,492.0,935.0,955.0,1.9318181818181819,1.9731404958677685
default,city_cif,25,25,Luma4x4,I4x4,0.6470588235294118,3,0,484.0,490.0,464.0,464.0,477.0,479.0,0.9855371900826446,0.9896694214876033
default,city_cif,25,25,Luma4x4,I4x4,0.5882352941176471,3,1,484.0,506.25,514.0,514.0,1349.0,1374.0,2.7871900826446283,2.8388429752066116
default,city_cif,25,25,Luma4x4,I4x4,0.6470588235294118,3,1,484.0,506.25,522.0,522.0,1344.0,1351.0,2.7768595041322315,2.791322314049587
default,city_cif,25,25,Luma4x4,I4x4,0.6470588235294118,3,0,484.0,490.0,478.0,478.0,648.0,676.0,1.3388429752066116,1.396694214876033
default,city_cif,25,25,Luma4x4,I4x4,0.47058823529411764,0,3,484.0,490.0,464.0,464.0,915.0,982.0,1.890495867768595,2.0289256198347108
default,city_cif,25,25,Luma4x4,I4x4,0.47058823529411764,0,2,484.0,484.0,444.0,444.0,4005.0,4044.0,8.274793388429751,8.355371900826446
default,city_cif,25,25,Luma4x4,I4x4,0.17647058823529413,3,1,484.0,506.25,540.0,540.0,5849.0,5819.0,12.084710743801653,12.022727272727273
default,city_cif,25,25,Luma4x4,I4x4,0.8823529411764706,3,2,484.0,490.0,478.0,478.0,614.0,619.0,1.2685950413223142,1.2789256198347108
default,city_cif,25,25,Luma4x4,I4x4,0.5882352941176471,2,2,484.0,484.0,510.0,510.0,768.0,804.0,1.5867768595041323,1.6611570247933884
default,city_cif,25,25,Luma4x4,I4x4,0.9411764705882353,0,3,484.0,490.0,478.0,478.0,2323.0,2371.0,4.799586776859504,4.898760330578512
default,city_cif,25,25,Luma4x4,I4x4,0.8823529411764706,0,0,484.0,484.0,576.0,576.0,11885.0,11778.0,24.555785123966942,24.334710743801654
default,city_cif,25,25,Luma4x4,I4x4,0.058823529411764705,2,1,484.0,490.0,478.0,478.0,1058516.0,1058661.0,2187.0165289256197,2187.3161157024792
default,city_cif,25,25,Luma4x4,I4x4,0.11764705882352941,0,2,484.0,484.0,400.0,400.0,13826.0,13682.0,28.56611570247934,28.268595041322314
default,city_cif,25,25,Luma4x4,I4x4,0.23529411764705882,0,3,484.0,490.0,464.0,464.0,62016.0,62121.0,128.13223140495867,128.349173553719
default,city_cif,25,25,Luma4x4,I4x4,0.35294117647058826,0,1,484.0,490.0,520.0,520.0,32278.0,32294.0,66.6900826446281,66.72314049586777
default,city_cif,25,23,ChromaAC,I4x4,0.0,1,0,324.0,330.625,,,2259.0,2327.0,6.972222222222222,7.182098765432099
default,city_cif,25,25,Luma4x4,I4x4,0.5294117647058824,3,0,484.0,490.0,506.0,506.0,31385.0,31329.0,64.84504132231405,64.72933884297521
default,city_cif,25,25,Luma4x4,I4x4,0.5882352941176471,1,3,484.0,506.25,504.0,504.0,571.0,571.0,1.1797520661157024,1.1797520661157024
default,city_cif,25,25,Luma4x4,I4x4,0.8823529411764706,2,2,484.0,484.0,466.0,466.0,991.0,991.0,2.0475206611570247,2.0475206611570247
default,city_cif,25,25,Luma4x4,I4x4,0.4117647058823529,2,2,484.0,484.0,510.0,510.0,789.0,798.0,1.6301652892561984,1.6487603305785123
default,city_cif,25,25,Luma4x4,I4x4,1.0,1,3,484.0,506.25,514.0,514.0,1326.0,1316.0,2.739669421487603,2.71900826446281
default,city_cif,25,25,Luma4x4,I4x4,0.5294117647058824,1,2,484.0,490.0,492.0,492.0,8824.0,8826.0,18.231404958677686,18.235537190082646
default,city_cif,25,25,Luma4x4,I4x4,0.11764705882352941,1,0,484.0,490.0,520.0,520.0,1054.0,882.0,2.177685950413223,1.822314049586777
default,city_cif,25,25,Luma4x4,I4x4,0.4117647058823529,1,1,484.0,506.25,524.0,524.0,3916.0,3700.0,8.090909090909092,7.644628099173554
default,city_cif,25,25,Luma4x4,I4x4,0.23529411764705882,0,2,484.0,484.0,532.0,532.0,8333.0,8402.0,17.21694214876033,17.359504132231404
default,city_cif,25,23,ChromaAC,I4x4,0.17647058823529413,0,3,324.0,330.625,,,1020.0,1003.0,3.1481481481481484,3.095679012345679
default,city_cif,25,25,Luma4x4,I4x4,0.5882352941176471,2,1,484.0,490.0,492.0,492.0,492.0,471.0,1.0165289256198347,0.9731404958677686
default,city_cif,25,23,ChromaDC,I16x16,0.8823529411764706,0,0,324.0,324.0,,,1024.0,939.0,3.1604938271604937,2.8981481481481484
default,city_cif,25,25,Luma4x4,I4x4,0.4117647058823529,1,0,484.0,490.0,464.0,464.0,49773.0,49764.0,102.83677685950413,102.81818181818181
default,city_cif,25,25,Luma4x4,I4x4,0.8235294117647058,1,3,484.0,506.25,504.0,504.0,514.0,559.0,1.06198347107438,1.1549586776859504
default,city_cif,25,25,Luma4x4,I4x4,0.7647058823529411,2,2,484.0,484.0,488.0,488.0,1308.0,1325.0,2.7024793388429753,2.737603305785124
default,city_cif,25,25,Luma4x4,I4x4,0.35294117647058826,2,0,484.0,484.0,532.0,532.0,14330.0,14335.0,29.607438016528924,29.617768595041323
default,city_cif,25,25,Luma4x4,I4x4,0.7058823529411765,3,3,484.0,506.25,504.0,504.0,507.0,507.0,1.0475206611570247,1.0475206611570247
default,city_cif,25,25,Luma4x4,I4x4,0.7058823529411765,2,1,484.0,490.0,492.0,492.0,3045.0,2857.0,6.291322314049586,5.902892561983471
default,city_cif,25,25,Luma4x4,I4x4,1.0,3,3,484.0,506.25,504.0,504.0,539.0,539.0,1.1136363636363635,1.1136363636363635
default,city_cif,25,23,ChromaAC,I4x4,0.0,1,0,324.0,330.625,,,1080.0,885.0,3.3333333333333335,2.7314814814814814
default,city_cif,25,25,Luma4x4,I4x4,0.6470588235294118,1,3,484.0,506.25,540.0,540.0,9286.0,9305.0,19.18595041322314,19.225206611570247
default,city_cif,25,25,Luma4x4,I4x4,1.0,0,2,484.0,484.0,444.0,444.0,6232.0,6113.0,12.87603305785124,12.630165289256198
default,city_cif,25,25,Luma4x4,I4x4,0.7058823529411765,0,1,484.0,490.0,520.0,520.0,1533.0,759.0,3.1673553719008263,1.5681818181818181
default,city_cif,25,23,ChromaAC,I4x4,0.23529411764705882,2,0,324.0,324.0,,,256.0,185.0,0.7901234567901234,0.5709876543209876
default,city_cif,25,25,Luma4x4,I4x4,0.29411764705882354,0,2,484.0,484.0,510.0,510.0,2088.0,2152.0,4.31404958677686,4.446280991735537
default,city_cif,25,25,Luma4x4,I4x4,0.8235294117647058,3,2,484.0,490.0,492.0,492.0,525.0,541.0,1.084710743801653,1.1177685950413223
default,city_cif,25,25,Luma4x4,I4x4,0.5882352941176471,0,2,484.0,484.0,444.0,444.0,4682.0,4546.0,9.673553719008265,9.392561983471074
default,city_cif,25,25,Luma4x4,I4x4,0.8235294117647058,3,1,484.0,506.25,532.0,532.0,673.0,690.0,1.390495867768595,1.4256198347107438
default,city_cif,25,25,Luma4x4,I4x4,0.47058823529411764,0,3,484.0,490.0,520.0,520.0,64020.0,64069.0,132.27272727272728,132.37396694214877
default,city_cif,25,25,Luma4x4,I4x4,1.0,3,2,484.0,490.0,478.0,478.0,484.0,484.0,1.0,1.0
default,city_cif,25,23,ChromaAC,I4x4,0.23529411764705882,1,1,324.0,328.515625,,,23446.0,21690.0,72.3641975308642,66.94444444444444
default,city_cif,25,25,Luma4x4,I4x4,0.11764705882352941,0,2,484.0,484.0,444.0,444.0,507.0,482.0,1.0475206611570247,0.9958677685950413
default,city_cif,25,25,Luma4x4,I16x16,0.7647058823529411,3,1,484.0,506.25,,,522.0,522.0,1.078512396694215,1.078512396694215
default,city_cif,25,25,Luma4x4,I4x4,0.7058823529411765,2,0,484.0,484.0,444.0,444.0,12430.0,12287.0,25.681818181818183,25.386363636363637
default,city_cif,25,25,Luma4x4,I4x4,0.17647058823529413,3,2,484.0,490.0,492.0,492.0,499.0,496.0,1.03099173553719,1.024793388429752
default,city_cif,25,25,Luma4x4,I4x4,0.5294117647058824,0,2,484.0,484.0,444.0,444.0,2588.0,2503.0,5.347107438016529,5.171487603305785
default,city_cif,25,25,Luma4x4,I4x4,0.35294117647058826,0,2,484.0,484.0,444.0,444.0,1332.0,1387.0,2.7520661157024793,2.865702479338843
default,city_cif,25,25,Luma4x4,I4x4,1.0,0,3,484.0,490.0,520.0,520.0,520.0,418.0,1.0743801652892562,0.8636363636363636
default,city_cif,25,25,Luma4x4,I4x4,0.5294117647058824,1,1,484.0,506.25,488.0,488.0,2816.0,2802.0,5.818181818181818,5.789256198347108
default,city_cif,25,25,Luma4x4,I4x4,0.058823529411764705,2,2,484.0,484.0,444.0,444.0,2727.0,2757.0,5.634297520661157,5.696280991735537
default,city_cif,25,25,Luma4x4,I4x4,0.11764705882352941,2,0,484.0,484.0,576.0,576.0,20498.0,20561.0,42.35123966942149,42.481404958677686
default,city_cif,25,25,Luma4x4,I4x4,0.7058823529411765,2,2,484.0,484.0,532.0,532.0,904.0,898.0,1.8677685950413223,1.8553719008264462
default,city_cif,25,23,ChromaDC,I4x4,0.6470588235294118,0,0,324.0,324.0,,,6232.0,6102.0,19.234567901234566,18.833333333333332
default,city_cif,25,25,Luma4x4,I4x4,1.0,2,0,484.0,484.0,576.0,576.0,3322.0,3421.0,6.863636363636363,7.068181818181818
default,city_cif,25,25,Luma4x4,I4x4,0.4117647058823529,1,0,484.0,490.0,520.0,520.0,520.0,469.0,1.0743801652892562,0.96900826446281
default,city_cif,25,25,Luma4x4,I4x4,0.35294117647058826,0,2,484.0,484.0,466.0,466.0,623.0,659.0,1.287190082644628,1.3615702479338843
default,city_cif,25,25,Luma4x4,I4x4,0.17647058823529413,0,3,484.0,490.0,478.0,478.0,1904.0,1863.0,3.9338842975206614,3.8491735537190084
default,city_cif,25,25,Luma4x4,I4x4,0.23529411764705882,3,0,484.0,490.0,478.0,478.0,961.0,1024.0,1.9855371900826446,2.115702479338843
default,city_cif,25,23,ChromaAC,I4x4,0.7647058823529411,0,1,324.0,330.625,,,1080.0,685.0,3.3333333333333335,2.1141975308641974
default,city_cif,25,25,Luma4x4,I4x4,0.5882352941176471,0,3,484.0,490.0,492.0,492.0,1420.0,1407.0,2.9338842975206614,2.90702479338843
default,city_cif,25,25,Luma4x4,I4x4,0.29411764705882354,3,1,484.0,506.25,522.0,522.0,5553.0,5621.0,11.473140495867769,11.613636363636363
default,city_cif,25,25,Luma4x4,I4x4,0.8823529411764706,2,2,484.0,484.0,488.0,488.0,845.0,844.0,1.7458677685950412,1.743801652892562
default,city_cif,25,25,Luma4x4,I4x4,0.29411764705882354,2,1,484.0,490.0,478.0,478.0,1462.0,1515.0,3.020661157024793,3.1301652892561984
default,city_cif,25,25,Luma4x4,I4x4,0.5882352941176471,0,2,484.0,484.0,510.0,510.0,18212.0,18345.0,37.62809917355372,37.90289256198347
default,city_cif,25,25,Luma4x4,I4x4,0.29411764705882354,0,1,484.0,490.0,520.0,520.0,664.0,578.0,1.371900826446281,1.1942148760330578
default,city_cif,25,25,Luma4x4,I4x4,0.6470588235294118,0,0,484.0,484.0,576.0,576.0,1142.0,950.0,2.3595041322314048,1.962809917355372
default,city_cif,25,25,Luma4x4,I4x4,0.9411764705882353,1,2,484.0,490.0,478.0,478.0,670.0,663.0,1.384297520661157,1.3698347107438016
default,city_cif,25,23,ChromaDC,I4x4,0.5294117647058824,0,0,324.0,324.0,,,6002.0,5962.0,18.52469135802469,18.401234567901234
default,city_cif,25,25,Luma4x4,I4x4,0.7647058823529411,3,3,484.0,506.25,496.0,496.0,531.0,531.0,1.0971074380165289,1.0971074380165289
default,city_cif,25,25,Luma4x4,I16x16,0.35294117647058826,3,2,484.0,490.0,,,506.0,506.0,1.0454545454545454,1.0454545454545454
default,city_cif,25,25,Luma4x4,I4x4,0.35294117647058826,0,3,484.0,490.0,478.0,478.0,495.0,495.0,1.0227272727272727,1.0227272727272727
default,city_cif,25,25,Luma4x4,I4x4,0.17647058823529413,0,0,484.0,484.0,576.0,576.0,763.0,817.0,1.5764462809917354,1.68801652892562
default,city_cif,25,25,Luma4x4,I4x4,0.17647058823529413,1,1,484.0,506.25,560.0,560.0,12495.0,12588.0,25.81611570247934,26.00826446280992
default,city_cif,25,25,Luma4x4,I4x4,0.47058823529411764,0,0,484.0,484.0,576.0,576.0,737.0,534.0,1.5227272727272727,1.103305785123967
default,city_cif,25,25,Luma4x4,I4x4,0.5294117647058824,1,2,484.0,490.0,492.0,492.0,576.0,540.0,1.1900826446280992,1.115702479338843
default,city_cif,25,25,Luma4x4,I4x4,0.058823529411764705,3,2,484.0,490.0,478.0,478.0,478.0,512.0,0.987603305785124,1.0578512396694215
default,city_cif,25,25,Luma4x4,I4x4,0.4117647058823529,1,1,484.0,506.25,486.0,486.0,2356.0,2442.0,4.867768595041323,5.045454545454546
default,city_cif,25,25,Luma4x4,I4x4,1.0,1,1,484.0,506.25,504.0,504.0,1527.0,1457.0,3.1549586776859506,3.010330578512397
default,city_cif,25,23,ChromaDC,I4x4,0.5882352941176471,0,0,324.0,324.0,,,9797.0,9716.0,30.237654320987655,29.987654320987655
default,city_cif,25,25,Luma4x4,I4x4,0.8235294117647058,0,0,484.0,484.0,576.0,576.0,16091.0,15713.0,33.24586776859504,32.46487603305785
default,city_cif,25,25,Luma4x4,I4x4,0.4117647058823529,0,3,484.0,490.0,506.0,506.0,5186.0,5175.0,10.714876033057852,10.692148760330578
default,city_cif,25,23,ChromaDC,I4x4,0.47058823529411764,0,0,324.0,324.0,,,656.0,582.0,2.0246913580246915,1.7962962962962963
default,city_cif,25,25,Luma4x4,I4x4,0.23529411764705882,3,0,484.0,490.0,478.0,478.0,683.0,701.0,1.4111570247933884,1.4483471074380165
default,city_cif,25,25,Luma4x4,I4x4,0.9411764705882353,2,2,484.0,484.0,488.0,488.0,2045.0,2069.0,4.225206611570248,4.274793388429752
default,city_cif,25,23,ChromaDC,I4x4,0.17647058823529413,0,0,324.0,324.0,,,512.0,346.0,1.5802469135802468,1.0679012345679013
default,city_cif,25,25,Luma4x4,I4x4,0.7647058823529411,3,1,484.0,506.25,522.0,522.0,686.0,692.0,1.4173553719008265,1.4297520661157024
default,city_cif,25,25,Luma4x4,I4x4,0.35294117647058826,1,2,484.0,490.0,492.0,492.0,862.0,900.0,1.78099173553719,1.859504132231405
default,city_cif,25,25,Luma4x4,I4x4,0.8823529411764706,1,3,484.0,506.25,504.0,504.0,12786.0,12853.0,26.417355371900825,26.555785123966942
default,city_cif,25,25,Luma4x4,I4x4,0.23529411764705882,0,0,484.0,484.0,576.0,576.0,15913.0,15815.0,32.87809917355372,32.675619834710744
default,city_cif,25,25,Luma4x4,I4x4,0.0,2,0,484.0,484.0,532.0,532.0,13978.0,14086.0,28.880165289256198,29.10330578512397
default,city_cif,25,25,Luma4x4,I4x4,0.11764705882352941,3,0,484.0,490.0,492.0,492.0,54420.0,54644.0,112.43801652892562,112.90082644628099
default,city_cif,31,31,Luma4x4,I4x4,0.058823529411764705,3,0,1936.0,1960.0,1960.0,1960.0,7126.0,7454.0,3.6807851239669422,3.850206611570248
default,city_cif,31,31,Luma4x4,I4x4,0.29411764705882354,0,0,1936.0,1936.0,1936.0,1936.0,3872.0,1823.0,2.0,0.9416322314049587
default,city_cif,31,29,ChromaDC,I4x4,0.8823529411764706,0,0,1296.0,1296.0,,,1488.0,1316.0,1.1481481481481481,1.0154320987654322
default,city_cif,31,29,ChromaDC,I4x4,0.0,0,0,1296.0,1296.0,,,168482.0,167982.0,130.00154320987653,129.61574074074073
default,city_cif,31,31,Luma4x4,I4x4,0.0,0,0,1936.0,1936.0,1936.0,1936.0,7103.0,5856.0,3.668904958677686,3.024793388429752
default,city_cif,31,31,Luma4x4,I4x4,0.17647058823529413,3,0,1936.0,1960.0,1960.0,1960.0,2042.0,2484.0,1.0547520661157024,1.2830578512396693
default,city_cif,31,31,LumaDC,I16x16,0.17647058823529413,0,0,1936.0,1936.0,,,5671.0,5368.0,2.9292355371900825,2.772727272727273
default,city_cif,31,29,ChromaDC,I4x4,0.0,0,0,1296.0,1296.0,,,133308.0,132426.0,102.86111111111111,102.18055555555556
default,city_cif,31,31,Luma4x4,I4x4,0.5294117647058824,3,1,1936.0,2025.0,2008.0,2008.0,2008.0,2089.0,1.037190082644628,1.0790289256198347
default,city_cif,31,31,Luma4x4,I4x4,1.0,0,2,1936.0,1936.0,1936.0,1936.0,9090.0,8631.0,4.695247933884297,4.458161157024794
default,city_cif,31,31,Luma4x4,I4x4,0.5294117647058824,3,2,1936.0,1960.0,1960.0,1960.0,2269.0,2472.0,1.172004132231405,1.2768595041322315
default,city_cif,31,31,Luma4x4,I4x4,0.5294117647058824,0,2,1936.0,1936.0,1936.0,1936.0,24926.0,24633.0,12.875,12.723657024793388
default,city_cif,31,31,Luma4x4,I4x4,0.17647058823529413,0,2,1936.0,1936.0,1936.0,1936.0,3695.0,3438.0,1.9085743801652892,1.7758264462809918
default,city_cif,31,31,Luma4x4,I4x4,0.5294117647058824,0,0,1936.0,1936.0,1936.0,1936.0,436823.0,435713.0,225.63171487603304,225.05836776859505
default,city_cif,31,29,ChromaDC,I4x4,0.8823529411764706,0,0,1296.0,1296.0,,,2164.0,1978.0,1.6697530864197532,1.5262345679012346
default,city_cif,31,31,Luma4x4,I4x4,0.17647058823529413,0,2,1936.0,1936.0,1936.0,1936.0,3317.0,3284.0,1.7133264462809918,1.6962809917355373
default,city_cif,31,31,Luma4x4,I4x4,0.6470588235294118,3,0,1936.0,1960.0,1960.0,1960.0,2495.0,2512.0,1.2887396694214877,1.2975206611570247
default,city_cif,31,31,Luma4x4,I4x4,0.4117647058823529,1,2,1936.0,1960.0,1960.0,1960.0,110428.0,110472.0,57.039256198347104,57.06198347107438
default,city_cif,31,31,Luma4x4,I4x4,0.058823529411764705,3,0,1936.0,1960.0,1960.0,1960.0,6269.0,6333.0,3.238119834710744,3.271177685950413
default,city_cif,31,31,Luma4x4,I4x4,0.35294117647058826,0,3,1936.0,1960.0,1960.0,1960.0,5986.0,5471.0,3.0919421487603307,2.8259297520661155
default,city_cif,31,31,Luma4x4,I4x4,0.5882352941176471,1,1,1936.0,2025.0,2044.0,2044.0,548077.0,546561.0,283.09762396694214,282.31456611570246
default,city_cif,31,31,Luma4x4,I4x4,0.47058823529411764,0,2,1936.0,1936.0,1936.0,1936.0,11616.0,10401.0,6.0,5.372417355371901
default,city_cif,31,31,Luma4x4,I4x4,0.35294117647058826,2,0,1936.0,1936.0,1936.0,1936.0,4179.0,4248.0,2.1585743801652892,2.1942148760330578
default,city_cif,31,31,Luma4x4,I4x4,0.23529411764705882,0,2,1936.0,1936.0,1936.0,1936.0,83004.0,80451.0,42.87396694214876,41.55526859504132
default,city_cif,31,31,Luma4x4,I4x4,1.0,3,0,1936.0,1960.0,1960.0,1960.0,2475.0,956.0,1.2784090909090908,0.493801652892562
default,city_cif,31,29,ChromaDC,I4x4,0.23529411764705882,0,0,1296.0,1296.0,,,11699.0,11496.0,9.027006172839506,8.87037037037037
default,city_cif,31,31,Luma4x4,I4x4,0.5294117647058824,0,0,1936.0,1936.0,1936.0,1936.0,61338.0,60674.0,31.68285123966942,31.339876033057852
default,city_cif,31,31,Luma4x4,I4x4,0.7058823529411765,0,0,1936.0,1936.0,1936.0,1936.0,14878.0,14776.0,7.684917355371901,7.632231404958677
default,city_cif,31,31,Luma4x4,I4x4,0.35294117647058826,0,3,1936.0,1960.0,1960.0,1960.0,7165.0,7377.0,3.7009297520661155,3.8104338842975207
default,city_cif,31,31,Luma4x4,I4x4,0.6470588235294118,0,2,1936.0,1936.0,1936.0,1936.0,2094.0,1803.0,1.0816115702479339,0.931301652892562
default,city_cif,31,31,Luma4x4,I4x4,0.35294117647058826,2,0,1936.0,1936.0,1936.0,1936.0,1936.0,1505.0,1.0,0.7773760330578512
default,city_cif,31,29,ChromaAC,I4x4,0.7647058823529411,0,1,1296.0,1322.5,,,2016.0,1054.0,1.5555555555555556,0.8132716049382716
default,city_cif,31,29,ChromaDC,I4x4,0.5882352941176471,0,0,1296.0,1296.0,,,6640.0,6197.0,5.1234567901234565,4.781635802469136
default,city_cif,31,31,Luma4x4,I4x4,0.7058823529411765,0,0,1936.0,1936.0,1936.0,1936.0,2529.0,2353.0,1.306301652892562,1.2153925619834711
default,city_cif,31,31,Luma4x4,I4x4,0.9411764705882353,0,3,1936.0,1960.0,1960.0,1960.0,5880.0,5829.0,3.0371900826446283,3.0108471074380163
default,city_cif,31,31,Luma4x4,I4x4,0.7647058823529411,2,1,1936.0,1960.0,1960.0,1960.0,10371.0,9972.0,5.356921487603306,5.150826446280992
default,city_cif,31,31,Luma4x4,I4x4,0.5882352941176471,1,0,1936.0,1960.0,1960.0,1960.0,11154.0,10832.0,5.761363636363637,5.595041322314049
default,city_cif,31,31,Luma4x4,I4x4,0.058823529411764705,2,0,1936.0,1936.0,1936.0,1936.0,51333.0,51150.0,26.514979338842974,26.420454545454547
default,city_cif,31,31,Luma4x4,I4x4,0.4117647058823529,2,0,1936.0,1936.0,1936.0,1936.0,245220.0,242751.0,126.66322314049587,125.3879132231405
default,city_cif,31,31,Luma4x4,I4x4,0.5882352941176471,2,2,1936.0,1936.0,1936.0,1936.0,20183.0,20497.0,10.425103305785123,10.587293388429751
default,city_cif,31,31,Luma4x4,I4x4,0.9411764705882353,1,0,1936.0,1960.0,1960.0,1960.0,7840.0,7814.0,4.049586776859504,4.036157024793388
default,city_cif,31,31,Luma4x4,I4x4,0.6470588235294118,0,0,1936.0,1936.0,1936.0,1936.0,1936.0,996.0,1.0,0.5144628099173554
default,city_cif,31,31,Luma4x4,I4x4,0.5882352941176471,0,1,1936.0,1960.0,1960.0,1960.0,3351.0,2185.0,1.7308884297520661,1.1286157024793388
default,city_cif,31,31,Luma4x4,I4x4,0.058823529411764705,1,0,1936.0,1960.0,1960.0,1960.0,53534.0,53126.0,27.651859504132233,27.44111570247934
default,city_cif,31,31,Luma4x4,I4x4,0.0,1,0,1936.0,1960.0,1960.0,1960.0,1960.0,1451.0,1.012396694214876,0.7494834710743802
default,city_cif,31,31,Luma4x4,I4x4,0.23529411764705882,2,0,1936.0,1936.0,1936.0,1936.0,3292.0,3771.0,1.7004132231404958,1.9478305785123966
default,city_cif,31,29,ChromaDC,I4x4,1.0,0,0,1296.0,1296.0,,,1096.0,684.0,0.845679012345679,0.5277777777777778
default,city_cif,31,31,Luma4x4,I4x4,0.8235294117647058,3,0,1936.0,1960.0,1960.0,1960.0,2176.0,2533.0,1.1239669421487604,1.3083677685950412
default,city_cif,31,29,ChromaDC,I4x4,0.17647058823529413,0,0,1296.0,1296.0,,,32460.0,31676.0,25.046296296296298,24.441358024691358
default,city_cif,31,31,Luma4x4,I4x4,0.058823529411764705,0,0,1936.0,1936.0,1936.0,1936.0,5904.0,4982.0,3.049586776859504,2.5733471074380163
default,city_cif,31,31,Luma4x4,I4x4,0.9411764705882353,3,0,1936.0,1960.0,1960.0,1960.0,28897.0,29017.0,14.926136363636363,14.988119834710744
default,city_cif,31,31,Luma4x4,I4x4,0.47058823529411764,0,3,1936.0,1960.0,1960.0,1960.0,5957.0,5445.0,3.0769628099173554,2.8125
default,city_cif,31,31,Luma4x4,I4x4,0.5294117647058824,0,0,1936.0,1936.0,1936.0,1936.0,20678.0,19464.0,10.680785123966942,10.053719008264462
default,city_cif,31,31,Luma4x4,I4x4,0.8235294117647058,1,0,1936.0,1960.0,1960.0,1960.0,20602.0,19840.0,10.641528925619834,10.24793388429752
default,city_cif,31,31,Luma4x4,I4x4,0.058823529411764705,1,1,1936.0,2025.0,2044.0,2044.0,68198.0,66677.0,35.22623966942149,34.44059917355372
default,city_cif,31,31,Luma4x4,I4x4,0.29411764705882354,2,3,1936.0,1960.0,1960.0,1960.0,1960.0,1887.0,1.012396694214876,0.9746900826446281
default,city_cif,31,31,Luma4x4,I4x4,0.8235294117647058,2,1,1936.0,1960.0,1960.0,1960.0,55752.0,55150.0,28.797520661157026,28.486570247933884
default,city_cif,31,31,Luma4x4,I4x4,0.8823529411764706,2,0,1936.0,1936.0,1936.0,1936.0,6095.0,5991.0,3.1482438016528924,3.09452479338843
default,city_cif,31,31,Luma4x4,I4x4,0.7647058823529411,3,0,1936.0,1960.0,1960.0,1960.0,82199.0,82442.0,42.45816115702479,42.58367768595041
default,city_cif,31,31,Luma4x4,I4x4,0.6470588235294118,2,2,1936.0,1936.0,1936.0,1936.0,3985.0,4056.0,2.0583677685950414,2.0950413223140494
default,city_cif,31,31,Luma4x4,I4x4,0.35294117647058826,0,2,1936.0,1936.0,1936.0,1936.0,24660.0,24546.0,12.737603305785123,12.678719008264462
default,city_cif,31,31,Luma4x4,I4x4,0.7647058823529411,2,1,1936.0,1960.0,1960.0,1960.0,72462.0,72257.0,37.428719008264466,37.322830578512395
default,city_cif,31,31,Luma4x4,I4x4,0.7058823529411765,0,0,1936.0,1936.0,1936.0,1936.0,10423.0,10187.0,5.383780991735537,5.261880165289257
default,city_cif,31,31,Luma4x4,I4x4,0.17647058823529413,1,0,1936.0,1960.0,1960.0,1960.0,33814.0,33293.0,17.46590909090909,17.196797520661157
default,city_cif,31,31,Luma4x4,I4x4,0.7058823529411765,2,2,1936.0,1936.0,1936.0,1936.0,7440.0,7527.0,3.84297520661157,3.887913223140496
default,city_cif,31,31,Luma4x4,I4x4,0.11764705882352941,1,2,1936.0,1960.0,1960.0,1960.0,1960.0,1848.0,1.012396694214876,0.9545454545454546
default,city_cif,31,29,ChromaAC,I16x16,0.47058823529411764,0,1,1296.0,1322.5,,,7200.0,3841.0,5.555555555555555,2.9637345679012346
default,city_cif,31,31,Luma4x4,I4x4,0.29411764705882354,0,3,1936.0,1960.0,1960.0,1960.0,1960.0,1572.0,1.012396694214876,0.8119834710743802
default,city_cif,31,31,Luma4x4,I4x4,0.35294117647058826,3,0,1936.0,1960.0,1960.0,1960.0,7916.0,8829.0,4.088842975206612,4.56043388429752
default,city_cif,31,31,Luma4x4,I4x4,0.7058823529411765,2,0,1936.0,1936.0,1936.0,1936.0,13065.0,12454.0,6.74845041322314,6.4328512396694215
default,city_cif,31,29,ChromaDC,I4x4,0.4117647058823529,0,0,1296.0,1296.0,,,15666.0,15459.0,12.087962962962964,11.92824074074074
default,city_cif,31,31,Luma4x4,I4x4,0.47058823529411764,3,0,1936.0,1960.0,1960.0,1960.0,1960.0,2266.0,1.012396694214876,1.1704545454545454
default,city_cif,31,31,Luma4x4,I4x4,0.4117647058823529,0,0,1936.0,1936.0,1936.0,1936.0,18213.0,17650.0,9.40754132231405,9.116735537190083
default,city_cif,31,31,Luma4x4,I4x4,0.058823529411764705,3,0,1936.0,1960.0,1960.0,1960.0,3609.0,3450.0,1.8641528925619835,1.7820247933884297
default,city_cif,31,31,Luma4x4,I4x4,0.29411764705882354,2,1,1936.0,1960.0,1960.0,1960.0,3020.0,3217.0,1.5599173553719008,1.6616735537190082
default,city_cif,31,31,Luma4x4,I4x4,0.6470588235294118,2,1,1936.0,1960.0,1960.0,1960.0,55458.0,54994.0,28.645661157024794,28.40599173553719
default,city_cif,31,31,Luma4x4,I4x4,0.0,0,0,1936.0,1936.0,1936.0,1936.0,10855.0,8763.0,5.606921487603306,4.526342975206612
default,city_cif,31,31,Luma4x4,I4x4,0.5294117647058824,0,1,1936.0,1960.0,1960.0,1960.0,102079.0,102620.0,52.726756198347104,53.006198347107436
default,city_cif,31,31,Luma4x4,I4x4,0.7647058823529411,2,1,1936.0,1960.0,1960.0,1960.0,5580.0,6373.0,2.8822314049586777,3.291838842975207
default,city_cif,31,31,Luma4x4,I4x4,0.4117647058823529,2,0,1936.0,1936.0,1936.0,1936.0,3872.0,3427.0,2.0,1.7701446280991735
default,city_cif,31,31,Luma4x4,I4x4,0.0,2,0,1936.0,1936.0,1936.0,1936.0,105784.0,104943.0,54.64049586776859,54.206095041322314
default,city_cif,31,31,Luma4x4,I4x4,0.058823529411764705,0,2,1936.0,1936.0,1936.0,1936.0,51764.0,49878.0,26.737603305785125,25.763429752066116
default,city_cif,31,31,Luma4x4,I4x4,0.29411764705882354,2,0,1936.0,1936.0,1936.0,1936.0,1053784.0,1055124.0,544.3099173553719,545.0020661157025
default,city_cif,31,31,Luma4x4,I4x4,0.29411764705882354,1,2,1936.0,1960.0,1960.0,1960.0,2171.0,2242.0,1.1213842975206612,1.1580578512396693
default,city_cif,31,31,Luma4x4,I4x4,0.35294117647058826,3,0,1936.0,1960.0,1960.0,1960.0,25683.0,25578.0,13.266012396694215,13.211776859504132
default,city_cif,31,31,Luma4x4,I4x4,1.0,2,2,1936.0,1936.0,1936.0,1936.0,2070.0,2041.0,1.0692148760330578,1.0542355371900827
default,city_cif,31,31,Luma4x4,I4x4,0.47058823529411764,0,2,1936.0,1936.0,1936.0,1936.0,5957.0,5371.0,3.0769628099173554,2.7742768595041323
default,city_cif,31,31,Luma4x4,I4x4,0.9411764705882353,3,2,1936.0,1960.0,1960.0,1960.0,6443.0,6714.0,3.3279958677685952,3.46797520661157
default,city_cif,31,31,Luma4x4,I4x4,0.8823529411764706,0,3,1936.0,1960.0,1960.0,1960.0,51190.0,50687.0,26.44111570247934,26.18130165289256
default,city_cif,31,31,Luma4x4,I4x4,0.0,0,1,1936.0,1960.0,1960.0,1960.0,3920.0,3702.0,2.024793388429752,1.912190082644628
default,city_cif,31,31,Luma4x4,I4x4,0.11764705882352941,0,1,1936.0,1960.0,1960.0,1960.0,920853.0,920182.0,475.6472107438017,475.30061983471074
default,city_cif,31,31,Luma4x4,I4x4,0.6470588235294118,1,0,1936.0,1960.0,1960.0,1960.0,6180.0,6892.0,3.1921487603305785,3.559917355371901
default,city_cif,31,31,Luma4x4,I4x4,0.0,0,1,1936.0,1960.0,1960.0,1960.0,2995.0,2881.0,1.547004132231405,1.4881198347107438
default,city_cif,31,31,Luma4x4,I4x4,0.5882352941176471,0,2,1936.0,1936.0,1936.0,1936.0,5210.0,5024.0,2.6911157024793386,2.5950413223140494
default,city_cif,31,31,Luma4x4,I4x4,0.9411764705882353,3,0,1936.0,1960.0,1960.0,1960.0,5670.0,5519.0,2.928719008264463,2.8507231404958677
default,city_cif,31,31,Luma4x4,I4x4,0.29411764705882354,0,2,1936.0,1936.0,1936.0,1936.0,21600.0,21891.0,11.15702479338843,11.307334710743802
default,city_cif,31,31,Luma4x4,I4x4,0.9411764705882353,1,3,1936.0,2025.0,2008.0,2008.0,2203.0,2132.0,1.1379132231404958,1.1012396694214877
default,city_cif,31,31,Luma4x4,I4x4,0.5294117647058824,1,1,1936.0,2025.0,2008.0,2008.0,13723.0,13750.0,7.088326446280992,7.1022727272727275
default,city_cif,31,31,Luma4x4,I4x4,0.5294117647058824,0,0,1936.0,1936.0,1936.0,1936.0,2539.0,1876.0,1.3114669421487604,0.96900826446281
default,city_cif,31,31,Luma4x4,I4x4,0.11764705882352941,0,2,1936.0,1936.0,1936.0,1936.0,12041.0,10218.0,6.2195247933884295,5.277892561983471
