{
  "timestamp": "20251016_143037",
  "description": "Synthetic comparative metrics for ZK-Schnorr vs ZK-SNARK",
  "message_length_range": [
    50,
    1000
  ],
  "protocols": {
    "ZK-Schnorr": {
      "message_lengths": [
        50,
        100,
        150,
        200,
        250,
        300,
        350,
        400,
        450,
        500,
        550,
        600,
        650,
        700,
        750,
        800,
        850,
        900,
        950,
        1000
      ],
      "embed_time_ms": [
        4.25,
        5.0,
        5.75,
        6.5,
        7.25,
        8.0,
        8.75,
        9.5,
        10.25,
        11.0,
        11.75,
        12.5,
        13.25,
        14.0,
        14.75,
        15.5,
        16.25,
        17.0,
        17.75,
        18.5
      ],
      "extract_time_ms": [
        3.6,
        4.2,
        4.8,
        5.4,
        6.0,
        6.6,
        7.2,
        7.8,
        8.4,
        9.0,
        9.600000000000001,
        10.2,
        10.8,
        11.4,
        12.0,
        12.6,
        13.200000000000001,
        13.8,
        14.4,
        15.0
      ],
      "total_time_ms": [
        7.85,
        9.2,
        10.55,
        11.9,
        13.25,
        14.6,
        15.95,
        17.3,
        18.65,
        20.0,
        21.35,
        22.7,
        24.05,
        25.4,
        26.75,
        28.1,
        29.450000000000003,
        30.8,
        32.15,
        33.5
      ],
      "throughput_kbps": [
        49.76114649681529,
        84.91847826086956,
        111.0781990521327,
        131.30252100840335,
        147.4056603773585,
        160.53082191780823,
        171.43416927899688,
        180.63583815028903,
        188.5053619302949,
        195.3125,
        201.25878220140515,
        206.49779735682822,
        211.14864864864865,
        215.30511811023624,
        219.04205607476635,
        222.41992882562278,
        225.48811544991509,
        228.28733766233765,
        230.8514774494557,
        233.2089552238806
      ],
      "latency_ratio": [
        0.2343283582089552,
        0.2746268656716418,
        0.3149253731343284,
        0.35522388059701493,
        0.39552238805970147,
        0.43582089552238806,
        0.4761194029850746,
        0.5164179104477612,
        0.5567164179104477,
        0.5970149253731343,
        0.637313432835821,
        0.6776119402985075,
        0.7179104477611941,
        0.7582089552238805,
        0.7985074626865671,
        0.8388059701492537,
        0.8791044776119404,
        0.9194029850746269,
        0.9597014925373134,
        1.0
      ],
      "ram_usage_mb": [
        0.75,
        0.75,
        0.75,
        0.75,
        0.75,
        0.75,
        0.75,
        0.75,
        0.75,
        0.75,
        0.75,
        0.75,
        0.75,
        0.75,
        0.75,
        0.75,
        0.75,
        0.75,
        0.75,
        0.75
      ],
      "proof_size_kb": [
        0.096,
        0.096,
        0.096,
        0.096,
        0.096,
        0.096,
        0.096,
        0.096,
        0.096,
        0.096,
        0.096,
        0.096,
        0.096,
        0.096,
        0.096,
        0.096,
        0.096,
        0.096,
        0.096,
        0.096
      ],
      "verification_time_ms": [
        2.9,
        3.3,
        3.7,
        4.1,
        4.5,
        4.9,
        5.300000000000001,
        5.7,
        6.1,
        6.5,
        6.9,
        7.3,
        7.7,
        8.100000000000001,
        8.5,
        8.9,
        9.3,
        9.7,
        10.100000000000001,
        10.5
      ],
      "cpu_cost_score": [
        3.25,
        3.5,
        3.75,
        4.0,
        4.25,
        4.5,
        4.75,
        5.0,
        5.25,
        5.5,
        5.75,
        6.0,
        6.25,
        6.5,
        6.75,
        7.0,
        7.25,
        7.5,
        7.75,
        8.0
      ],
      "energy_cost_j": [
        0.019625,
        0.023,
        0.026375000000000003,
        0.029750000000000002,
        0.033125,
        0.0365,
        0.039875,
        0.043250000000000004,
        0.046625,
        0.05,
        0.053375000000000006,
        0.05675,
        0.060125000000000005,
        0.0635,
        0.066875,
        0.07025,
        0.07362500000000001,
        0.077,
        0.080375,
        0.08375
      ],
      "security_bits": [
        256.0,
        256.0,
        256.0,
        256.0,
        256.0,
        256.0,
        256.0,
        256.0,
        256.0,
        256.0,
        256.0,
        256.0,
        256.0,
        256.0,
        256.0,
        256.0,
        256.0,
        256.0,
        256.0,
        256.0
      ],
      "symmetric_equivalent_bits": [
        128.0,
        128.0,
        128.0,
        128.0,
        128.0,
        128.0,
        128.0,
        128.0,
        128.0,
        128.0,
        128.0,
        128.0,
        128.0,
        128.0,
        128.0,
        128.0,
        128.0,
        128.0,
        128.0,
        128.0
      ],
      "grover_adjusted_bits": [
        128.0,
        128.0,
        128.0,
        128.0,
        128.0,
        128.0,
        128.0,
        128.0,
        128.0,
        128.0,
        128.0,
        128.0,
        128.0,
        128.0,
        128.0,
        128.0,
        128.0,
        128.0,
        128.0,
        128.0
      ],
      "privacy_score": [
        7.0,
        7.0,
        7.0,
        7.0,
        7.0,
        7.0,
        7.0,
        7.0,
        7.0,
        7.0,
        7.0,
        7.0,
        7.0,
        7.0,
        7.0,
        7.0,
        7.0,
        7.0,
        7.0,
        7.0
      ],
      "assumption_count": [
        1,
        1,
        1,
        1,
        1,
        1,
        1,
        1,
        1,
        1,
        1,
        1,
        1,
        1,
        1,
        1,
        1,
        1,
        1,
        1
      ],
      "post_quantum_readiness": [
        6.0,
        6.026315789473684,
        6.052631578947368,
        6.078947368421052,
        6.105263157894737,
        6.131578947368421,
        6.157894736842105,
        6.184210526315789,
        6.2105263157894735,
        6.2368421052631575,
        6.2631578947368425,
        6.2894736842105265,
        6.315789473684211,
        6.342105263157895,
        6.368421052631579,
        6.394736842105263,
        6.421052631578947,
        6.447368421052632,
        6.473684210526316,
        6.5
      ],
      "audit_maturity": [
        9.0,
        9.0,
        9.0,
        9.0,
        9.0,
        9.0,
        9.0,
        9.0,
        9.0,
        9.0,
        9.0,
        9.0,
        9.0,
        9.0,
        9.0,
        9.0,
        9.0,
        9.0,
        9.0,
        9.0
      ],
      "success_rate": [
        100.0,
        100.0,
        100.0,
        100.0,
        100.0,
        100.0,
        100.0,
        100.0,
        100.0,
        100.0,
        100.0,
        100.0,
        100.0,
        100.0,
        100.0,
        100.0,
        100.0,
        100.0,
        100.0,
        100.0
      ],
      "efficiency_score": [
        283.1419800668047,
        412.28536546943917,
        470.2836863502616,
        492.8441965021302,
        496.91467900795067,
        491.121692625258,
        480.08732880638627,
        466.3815474400526,
        451.4694995292139,
        436.19791666666674,
        421.0566247461091,
        406.32459391798795,
        392.1541083703246,
        378.62054890776454,
        365.7524674644074,
        353.5500647999223,
        341.9966889676131,
        331.06605245403944,
        320.7267804896534,
        310.9452736318408
      ]
    },