{
  "benchmark_type": "message_length",
  "timestamp": "20251016_140241",
  "total_tests": 20,
  "results": [
    {
      "test_id": 1,
      "width": 512,
      "height": 512,
      "pixels": 262144,
      "message_length": 50,
      "embed_time_ms": 2.237576999959856,
      "extract_time_ms": 1.2174950002190599,
      "total_time_ms": 3.455072000178916,
      "ram_used_mb": 0.75,
      "throughput_kbps": 14.132303175584042,
      "orig_size_kb": 468.533203125,
      "stego_size_kb": 468.7666015625,
      "psnr_db": 84.0339016809261,
      "ssim": 0.9999999851557252,
      "mse": 0.0002568562825520833,
      "bits_per_pixel": 0.00152587890625,
      "capacity_util_pct": 0.050862630208333336,
      "success": true
    },
    {
      "test_id": 2,
      "width": 512,
      "height": 512,
      "pixels": 262144,
      "message_length": 100,
      "embed_time_ms": 2.730662999965716,
      "extract_time_ms": 2.2121619999779796,
      "total_time_ms": 4.942824999943696,
      "ram_used_mb": 0.75,
      "throughput_kbps": 19.75717327664087,
      "orig_size_kb": 468.533203125,
      "stego_size_kb": 468.9560546875,
      "psnr_db": 81.23280808030734,
      "ssim": 0.9999999717079042,
      "mse": 0.0004895528157552084,
      "bits_per_pixel": 0.0030517578125,
      "capacity_util_pct": 0.10172526041666667,
      "success": true
    },
    {
      "test_id": 3,
      "width": 512,
      "height": 512,
      "pixels": 262144,
      "message_length": 150,
      "embed_time_ms": 3.519250999943324,
      "extract_time_ms": 3.2854860000952613,
      "total_time_ms": 6.804737000038585,
      "ram_used_mb": 0.75,
      "throughput_kbps": 21.52682388741393,
      "orig_size_kb": 468.533203125,
      "stego_size_kb": 469.1240234375,
      "psnr_db": 79.3715405665798,
      "ssim": 0.9999999565701863,
      "mse": 0.000751495361328125,
      "bits_per_pixel": 0.00457763671875,
      "capacity_util_pct": 0.152587890625,
      "success": true
    },
    {
      "test_id": 4,
      "width": 512,
      "height": 512,
      "pixels": 262144,
      "message_length": 200,
      "embed_time_ms": 4.784991999713384,
      "extract_time_ms": 4.883469999640511,
      "total_time_ms": 9.668461999353894,
      "ram_used_mb": 0.75,
      "throughput_kbps": 20.20098956928744,
      "orig_size_kb": 468.533203125,
      "stego_size_kb": 469.2900390625,
      "psnr_db": 77.91236027986687,
      "ssim": 0.9999999392274111,
      "mse": 0.0010515848795572917,
      "bits_per_pixel": 0.006103515625,
      "capacity_util_pct": 0.20345052083333334,
      "success": true
    },
    {
      "test_id": 5,
      "width": 512,
      "height": 512,
      "pixels": 262144,
      "message_length": 250,
      "embed_time_ms": 6.07411900000443,
      "extract_time_ms": 5.107765000047948,
      "total_time_ms": 11.181884000052378,
      "ram_used_mb": 0.75,
      "throughput_kbps": 21.83358591440015,
      "orig_size_kb": 468.533203125,
      "stego_size_kb": 469.4482421875,
      "psnr_db": 76.86725797721513,
      "ssim": 0.9999999226938149,
      "mse": 0.0013376871744791667,
      "bits_per_pixel": 0.00762939453125,
      "capacity_util_pct": 0.25431315104166663,
      "success": true
    },
    {
      "test_id": 6,
      "width": 512,
      "height": 512,
      "pixels": 262144,
      "message_length": 300,
      "embed_time_ms": 8.26526399987415,
      "extract_time_ms": 6.805443999837735,
      "total_time_ms": 15.070707999711885,
      "ram_used_mb": 0.75,
      "throughput_kbps": 19.439614250743947,
      "orig_size_kb": 468.533203125,
      "stego_size_kb": 469.4814453125,
      "psnr_db": 76.08715807431372,
      "ssim": 0.9999999074827205,
      "mse": 0.0016009012858072917,
      "bits_per_pixel": 0.0091552734375,
      "capacity_util_pct": 0.30517578125,
      "success": true
    },
    {
      "test_id": 7,
      "width": 512,
      "height": 512,
      "pixels": 262144,
      "message_length": 350,
      "embed_time_ms": 7.702042999881087,
      "extract_time_ms": 8.01436299980196,
      "total_time_ms": 15.716405999683047,
      "ram_used_mb": 0.75,
      "throughput_kbps": 21.74777585962675,
      "orig_size_kb": 468.533203125,
      "stego_size_kb": 469.48046875,
      "psnr_db": 75.71387426168502,
      "ssim": 0.9999998991797707,
      "mse": 0.0017445882161458333,
      "bits_per_pixel": 0.01068115234375,
      "capacity_util_pct": 0.35603841145833337,
      "success": true
    },
    {
      "test_id": 8,
      "width": 512,
      "height": 512,
      "pixels": 262144,
      "message_length": 400,
      "embed_time_ms": 8.697769000264088,
      "extract_time_ms": 8.033698999952321,
      "total_time_ms": 16.73146800021641,
      "ram_used_mb": 0.75,
      "throughput_kbps": 23.34672606103347,
      "orig_size_kb": 468.533203125,
      "stego_size_kb": 469.4833984375,
      "psnr_db": 75.11185324385698,
      "ssim": 0.999999884188869,
      "mse": 0.0020039876302083335,
      "bits_per_pixel": 0.01220703125,
      "capacity_util_pct": 0.4069010416666667,
      "success": true
    },
    {
      "test_id": 9,
      "width": 512,
      "height": 512,
      "pixels": 262144,
      "message_length": 450,
      "embed_time_ms": 10.814520999701926,
      "extract_time_ms": 9.577234000062163,
      "total_time_ms": 20.39175499976409,
      "ram_used_mb": 0.75,
      "throughput_kbps": 21.550529859008407,
      "orig_size_kb": 468.533203125,
      "stego_size_kb": 469.484375,
      "psnr_db": 74.64711948509213,
      "ssim": 0.9999998711101981,
      "mse": 0.0022303263346354165,
      "bits_per_pixel": 0.01373291015625,
      "capacity_util_pct": 0.457763671875,
      "success": true
    },
    {
      "test_id": 10,
      "width": 512,
      "height": 512,
      "pixels": 262144,
      "message_length": 500,
      "embed_time_ms": 11.354628999924898,
      "extract_time_ms": 10.934997999811458,
      "total_time_ms": 22.289626999736356,
      "ram_used_mb": 0.75,
      "throughput_kbps": 21.906210005478126,
      "orig_size_kb": 468.533203125,
      "stego_size_kb": 469.4833984375,
      "psnr_db": 74.20492311967249,
      "ssim": 0.9999998572962832,
      "mse": 0.0024693806966145835,
      "bits_per_pixel": 0.0152587890625,
      "capacity_util_pct": 0.5086263020833333,
      "success": true
    },
    {
      "test_id": 11,
      "width": 512,
      "height": 512,
      "pixels": 262144,
      "message_length": 550,
      "embed_time_ms": 13.27430599985746,
      "extract_time_ms": 12.010723999992479,
      "total_time_ms": 25.28502999984994,
      "ram_used_mb": 0.75,
      "throughput_kbps": 21.242188559918166,
      "orig_size_kb": 468.533203125,
      "stego_size_kb": 469.48046875,
      "psnr_db": 73.78327764190044,
      "ssim": 0.9999998427476645,
      "mse": 0.0027211507161458335,
      "bits_per_pixel": 0.01678466796875,
      "capacity_util_pct": 0.5594889322916667,
      "success": true
    },
    {
      "test_id": 12,
      "width": 512,
      "height": 512,
      "pixels": 262144,
      "message_length": 600,
      "embed_time_ms": 14.234031999876606,
      "extract_time_ms": 13.100153999857866,
      "total_time_ms": 27.334185999734473,
      "ram_used_mb": 0.75,
      "throughput_kbps": 21.436069104296426,
      "orig_size_kb": 468.533203125,
      "stego_size_kb": 469.4833984375,
      "psnr_db": 73.38228447940642,
      "ssim": 0.9999998275379167,
      "mse": 0.0029843648274739585,
      "bits_per_pixel": 0.018310546875,
      "capacity_util_pct": 0.6103515625,
      "success": true
    },
    {
      "test_id": 13,
      "width": 512,
      "height": 512,
      "pixels": 262144,
      "message_length": 650,
      "embed_time_ms": 15.572730999792839,
      "extract_time_ms": 15.186112000264984,
      "total_time_ms": 30.758843000057823,
      "ram_used_mb": 0.75,
      "throughput_kbps": 20.636849864567623,
      "orig_size_kb": 468.533203125,
      "stego_size_kb": 469.482421875,
      "psnr_db": 73.03736872488865,
      "ssim": 0.9999998132816015,