{
  "benchmark_type": "image_size",
  "timestamp": "20251016_140234",
  "total_tests": 20,
  "results": [
    {
      "test_id": 1,
      "width": 128,
      "height": 128,
      "pixels": 16384,
      "message_length": 100,
      "embed_time_ms": 1.9917890003853245,
      "extract_time_ms": 1.9839229998979135,
      "total_time_ms": 3.975712000283238,
      "ram_used_mb": 0.046875,
      "throughput_kbps": 24.563210311270726,
      "orig_size_kb": 30.8955078125,
      "stego_size_kb": 30.9072265625,
      "psnr_db": 69.3059028715559,
      "ssim": 0.9999995434954101,
      "mse": 0.00762939453125,
      "bits_per_pixel": 0.048828125,
      "capacity_util_pct": 1.6276041666666667,
      "success": true
    },
    {
      "test_id": 2,
      "width": 175,
      "height": 175,
      "pixels": 30625,
      "message_length": 100,
      "embed_time_ms": 1.9163769998158386,
      "extract_time_ms": 1.6115760004140611,
      "total_time_ms": 3.5279530002298998,
      "ram_used_mb": 0.08761882781982422,
      "throughput_kbps": 27.680711731033888,
      "orig_size_kb": 55.6953125,
      "stego_size_kb": 55.7001953125,
      "psnr_db": 71.72051659875692,
      "ssim": 0.9999997418604105,
      "mse": 0.004375510204081633,
      "bits_per_pixel": 0.026122448979591838,
      "capacity_util_pct": 0.8707482993197279,
      "success": true
    },
    {
      "test_id": 3,
      "width": 222,
      "height": 222,
      "pixels": 49284,
      "message_length": 100,
      "embed_time_ms": 2.2238260003177857,
      "extract_time_ms": 2.0424849999471917,
      "total_time_ms": 4.266311000264977,
      "ram_used_mb": 0.14100265502929688,
      "throughput_kbps": 22.89009169606591,
      "orig_size_kb": 87.5595703125,
      "stego_size_kb": 87.662109375,
      "psnr_db": 73.7760251834774,
      "ssim": 0.999999840474121,
      "mse": 0.0027256986716446174,
      "bits_per_pixel": 0.016232448664881098,
      "capacity_util_pct": 0.5410816221627033,
      "success": true
    },
    {
      "test_id": 4,
      "width": 269,
      "height": 269,
      "pixels": 72361,
      "message_length": 100,
      "embed_time_ms": 2.3955679998834967,
      "extract_time_ms": 2.7585879997786833,
      "total_time_ms": 5.15415599966218,
      "ram_used_mb": 0.20702648162841797,
      "throughput_kbps": 18.947088525531765,
      "orig_size_kb": 127.369140625,
      "stego_size_kb": 127.37109375,
      "psnr_db": 75.3270583447149,
      "ssim": 0.9999998889017077,
      "mse": 0.001907104655822888,
      "bits_per_pixel": 0.011055679164190655,
      "capacity_util_pct": 0.36852263880635516,
      "success": true
    },
    {
      "test_id": 5,
      "width": 316,
      "height": 316,
      "pixels": 99856,
      "message_length": 100,
      "embed_time_ms": 2.3255780001818493,
      "extract_time_ms": 2.085232999888831,
      "total_time_ms": 4.41081100007068,
      "ram_used_mb": 0.2856903076171875,
      "throughput_kbps": 22.140202787749267,
      "orig_size_kb": 174.7158203125,
      "stego_size_kb": 174.9580078125,
      "psnr_db": 77.12083980987155,
      "ssim": 0.9999999266970443,
      "mse": 0.0012618170165037655,
      "bits_per_pixel": 0.00801153661272232,
      "capacity_util_pct": 0.26705122042407736,
      "success": true
    },
    {
      "test_id": 6,
      "width": 363,
      "height": 363,
      "pixels": 131769,
      "message_length": 100,
      "embed_time_ms": 3.06322899996303,
      "extract_time_ms": 1.9665149998218112,
      "total_time_ms": 5.029743999784841,
      "ram_used_mb": 0.625,
      "throughput_kbps": 19.415749589676427,
      "orig_size_kb": 230.0341796875,
      "stego_size_kb": 230.0546875,
      "psnr_db": 78.2006526433409,
      "ssim": 0.9999999429366966,
      "mse": 0.0009840453116185647,
      "bits_per_pixel": 0.006071230714356184,
      "capacity_util_pct": 0.20237435714520613,
      "success": true
    },
    {
      "test_id": 7,
      "width": 410,
      "height": 410,
      "pixels": 168100,
      "message_length": 100,
      "embed_time_ms": 2.7416590000939323,
      "extract_time_ms": 2.54625900015526,
      "total_time_ms": 5.287918000249192,
      "ram_used_mb": 0.4809379577636719,
      "throughput_kbps": 18.46780717768278,
      "orig_size_kb": 292.4912109375,
      "stego_size_kb": 292.876953125,
      "psnr_db": 79.28058364008132,
      "ssim": 0.9999999555553493,
      "mse": 0.0007674003569303985,
      "bits_per_pixel": 0.004759071980963712,
      "capacity_util_pct": 0.15863573269879042,
      "success": true
    },
    {
      "test_id": 8,
      "width": 458,
      "height": 458,
      "pixels": 209764,
      "message_length": 100,
      "embed_time_ms": 3.115004999926896,
      "extract_time_ms": 2.406952999990608,
      "total_time_ms": 5.521957999917504,
      "ram_used_mb": 0.6001396179199219,
      "throughput_kbps": 17.685076561875146,
      "orig_size_kb": 365.158203125,
      "stego_size_kb": 365.4970703125,
      "psnr_db": 79.97035355562177,
      "ssim": 0.9999999621163231,
      "mse": 0.0006547040165773599,
      "bits_per_pixel": 0.0038138098053050093,
      "capacity_util_pct": 0.12712699351016696,
      "success": true
    },
    {
      "test_id": 9,
      "width": 505,
      "height": 505,
      "pixels": 255025,
      "message_length": 100,
      "embed_time_ms": 2.701720999993995,
      "extract_time_ms": 2.757866000138165,
      "total_time_ms": 5.45958700013216,
      "ram_used_mb": 0.7296323776245117,
      "throughput_kbps": 17.88711307240567,
      "orig_size_kb": 443.0546875,
      "stego_size_kb": 443.2734375,
      "psnr_db": 81.04607614429028,
      "ssim": 0.9999999704508779,
      "mse": 0.0005110610070908081,
      "bits_per_pixel": 0.0031369473581021466,
      "capacity_util_pct": 0.10456491193673824,
      "success": true
    },
    {
      "test_id": 10,
      "width": 552,
      "height": 552,
      "pixels": 304704,
      "message_length": 100,
      "embed_time_ms": 2.8352919998724246,
      "extract_time_ms": 2.4226099999395956,
      "total_time_ms": 5.25790199981202,
      "ram_used_mb": 0.87176513671875,
      "throughput_kbps": 18.573235104703624,
      "orig_size_kb": 518.9189453125,
      "stego_size_kb": 519.298828125,
      "psnr_db": 81.90880997077348,
      "ssim": 0.9999999757784901,
      "mse": 0.00041898585731288944,
      "bits_per_pixel": 0.002625498844780508,
      "capacity_util_pct": 0.08751662815935028,
      "success": true
    },
    {
      "test_id": 11,
      "width": 599,
      "height": 599,
      "pixels": 358801,
      "message_length": 100,
      "embed_time_ms": 3.344989000197529,
      "extract_time_ms": 2.4143480000020645,
      "total_time_ms": 5.759337000199594,
      "ram_used_mb": 7.65625,
      "throughput_kbps": 16.956161793730015,
      "orig_size_kb": 595.7177734375,
      "stego_size_kb": 595.7333984375,
      "psnr_db": 82.18714892991153,
      "ssim": 0.9999999772800093,
      "mse": 0.0003929754933793384,
      "bits_per_pixel": 0.0022296481893863173,
      "capacity_util_pct": 0.07432160631287724,
      "success": true
    },
    {
      "test_id": 12,
      "width": 646,
      "height": 646,
      "pixels": 417316,
      "message_length": 100,
      "embed_time_ms": 4.406645000017306,
      "extract_time_ms": 3.029296000022441,
      "total_time_ms": 7.4359410000397475,
      "ram_used_mb": 8.4375,
      "throughput_kbps": 13.133004955186976,
      "orig_size_kb": 674.5478515625,
      "stego_size_kb": 674.9248046875,
      "psnr_db": 83.01072242352521,
      "ssim": 0.9999999812050191,
      "mse": 0.0003250933744852023,
      "bits_per_pixel": 0.0019170125276768684,
      "capacity_util_pct": 0.06390041758922894,
      "success": true
    },
    {
      "test_id": 13,
      "width": 693,
      "height": 693,
      "pixels": 480249,
      "message_length": 100,
      "embed_time_ms": 4.3803090002256795,
      "extract_time_ms": 3.5724139997910243,
      "total_time_ms": 7.952723000016704,
      "ram_used_mb": 9.21875,